Local Time,Label (Target),Attention,Meditation,Alpha,Beta,Theta,Delta,Gamma,Head Pose,Gaze,Emotion
01:59:12 24/5/2026,Tập trung,45,53,63952,175523,68347,110812,31662,Cúi xuống,Nhìn thẳng,Buồn bã
01:59:13 24/5/2026,Tập trung,75,41,72788,207963,73944,115993,32126,Quay phải,Liếc trái,Bình thường
01:59:14 24/5/2026,Tập trung,78,42,97003,223730,59179,119222,24056,Nhìn thẳng,Nhìn thẳng,Bình thường
01:59:15 24/5/2026,Tập trung,81,54,109243,276895,46710,143596,31988,Quay phải,Liếc trái,Vui vẻ
01:59:16 24/5/2026,Tập trung,98,59,62361,253733,52989,130711,34994,Nhìn thẳng,Nhìn thẳng,Bình thường
01:59:17 24/5/2026,Tập trung,84,57,102108,212429,20220,79568,37453,Nhìn thẳng,Nhìn thẳng,Bình thường
01:59:18 24/5/2026,Tập trung,35,45,72547,181419,21408,60694,45215,Nhìn thẳng,Nhìn thẳng,Bình thường
01:59:19 24/5/2026,Sao nhãng,98,52,52912,198957,51940,144880,21198,Quay phải,Liếc phải,Bình thường
01:59:20 24/5/2026,Tập trung,88,53,90085,234088,72618,51802,27340,Quay phải,Liếc lên,Bình thường
01:59:21 24/5/2026,Tập trung,96,50,89295,252997,76058,93231,37328,Nhìn thẳng,Nhìn thẳng,Bình thường
01:59:22 24/5/2026,Tập trung,87,55,68770,174690,67801,94699,32881,Nhìn thẳng,Nhìn thẳng,Vui vẻ
01:59:23 24/5/2026,Tập trung,79,45,59921,203642,56887,94830,38066,Nhìn thẳng,Nhìn thẳng,Bình thường
01:59:24 24/5/2026,Tập trung,92,43,97725,154352,49895,110434,27683,Nhìn thẳng,Nhìn thẳng,Bình thường
01:59:25 24/5/2026,Tập trung,79,58,72274,137795,58530,100752,38037,Nhìn thẳng,Nhìn thẳng,Bình thường
01:59:27 24/5/2026,Tập trung,82,46,112927,226109,20296,55660,38514,Nhìn thẳng,Nhìn thẳng,Bình thường
01:59:28 24/5/2026,Tập trung,79,60,73556,231295,31124,114732,40396,Nhìn thẳng,Nhìn thẳng,Bình thường
01:59:29 24/5/2026,Sao nhãng,75,51,99625,137399,27882,94553,18566,Nhìn thẳng,Nhìn thẳng,Bình thường
01:59:30 24/5/2026,Tập trung,79,59,44090,193017,76385,114998,40190,Nhìn thẳng,Nhìn thẳng,Bình thường
01:59:31 24/5/2026,Tập trung,11,45,83909,257129,41869,68105,27788,Nhìn thẳng,Nhìn thẳng,Bình thường
01:59:32 24/5/2026,Tập trung,77,40,79873,168637,59210,73147,29532,Nhìn thẳng,Nhìn thẳng,Buồn bã
01:59:33 24/5/2026,Tập trung,76,44,98658,263916,23713,115166,37269,Nhìn thẳng,Nhìn thẳng,Vui vẻ
01:59:34 24/5/2026,Tập trung,87,49,104206,216588,62572,71596,40237,Nhìn thẳng,Nhìn thẳng,Bình thường
01:59:35 24/5/2026,Tập trung,83,56,98418,216570,22237,144573,30861,Nhìn thẳng,Nhìn thẳng,Vui vẻ
01:59:36 24/5/2026,Tập trung,86,48,85632,195444,48227,138987,31798,Nhìn thẳng,Nhìn thẳng,Vui vẻ
01:59:37 24/5/2026,Tập trung,97,56,86687,198973,79041,100088,17661,Nhìn thẳng,Nhìn thẳng,Bình thường
01:59:38 24/5/2026,Tập trung,88,56,62002,174384,45544,74267,31154,Nhìn thẳng,Nhìn thẳng,Bình thường
01:59:39 24/5/2026,Tập trung,87,58,79131,148985,36050,63918,42837,Nhìn thẳng,Nhìn thẳng,Bình thường
01:59:40 24/5/2026,Tập trung,90,41,76769,237808,21775,142958,24724,Nhìn thẳng,Nhìn thẳng,Vui vẻ
01:59:41 24/5/2026,Tập trung,91,56,67066,186945,56157,72659,40553,Nhìn thẳng,Nhìn thẳng,Vui vẻ
01:59:42 24/5/2026,Tập trung,88,54,101279,131994,61111,138639,39449,Nhìn thẳng,Nhìn thẳng,Bình thường
01:59:43 24/5/2026,Tập trung,83,51,89674,163964,25418,125549,29792,Nhìn thẳng,Nhìn thẳng,Bình thường
01:59:44 24/5/2026,Tập trung,98,46,51607,178612,22481,66809,31546,Nhìn thẳng,Nhìn thẳng,Bình thường
01:59:45 24/5/2026,Tập trung,88,43,100722,231406,64828,56061,48191,Nhìn thẳng,Nhìn thẳng,Bình thường
01:59:46 24/5/2026,Tập trung,79,52,109963,230157,51705,71755,35564,Nhìn thẳng,Nhìn thẳng,Bình thường
01:59:47 24/5/2026,Tập trung,96,57,96994,273459,79548,120806,32081,Nhìn thẳng,Nhìn thẳng,Bình thường
01:59:48 24/5/2026,Tập trung,96,47,83323,288167,26839,85442,38099,Nhìn thẳng,Nhìn thẳng,Bình thường
01:59:49 24/5/2026,Tập trung,75,44,97784,156138,44120,100056,20767,Nhìn thẳng,Nhìn thẳng,Bình thường
01:59:50 24/5/2026,Tập trung,87,56,60115,249278,71122,116999,15977,Nhìn thẳng,Nhìn thẳng,Bình thường
01:59:51 24/5/2026,Tập trung,90,47,86898,156913,25664,117756,18681,Nhìn thẳng,Nhìn thẳng,Bình thường
01:59:52 24/5/2026,Tập trung,81,42,103785,213918,27757,53265,35318,Quay trái,Liếc xuống,Vui vẻ
01:59:53 24/5/2026,Tập trung,85,43,45785,247311,25536,130267,38004,Nhìn thẳng,Nhìn thẳng,Vui vẻ
01:59:54 24/5/2026,Tập trung,88,46,82553,211991,62565,99971,18386,Nhìn thẳng,Nhìn thẳng,Bình thường
01:59:55 24/5/2026,Tập trung,97,50,68860,107830,34135,126925,27268,Nhìn thẳng,Nhìn thẳng,Vui vẻ
01:59:56 24/5/2026,Tập trung,92,47,93962,114658,25935,110614,36393,Nhìn thẳng,Nhìn thẳng,Bình thường
01:59:57 24/5/2026,Tập trung,81,51,92325,165002,43905,85272,31295,Nhìn thẳng,Nhìn thẳng,Vui vẻ
01:59:58 24/5/2026,Tập trung,88,45,109128,185056,46894,69673,33794,Nhìn thẳng,Nhìn thẳng,Bình thường
01:59:59 24/5/2026,Tập trung,84,40,113508,193899,52452,109992,41589,Nhìn thẳng,Nhìn thẳng,Buồn bã
02:00:00 24/5/2026,Tập trung,76,59,71725,203133,32403,115409,29847,Nhìn thẳng,Nhìn thẳng,Bình thường
02:00:01 24/5/2026,Tập trung,79,50,92705,158991,50208,120541,28894,Nhìn thẳng,Nhìn thẳng,Bình thường
02:00:02 24/5/2026,Tập trung,96,56,81567,196106,36584,85737,23341,Cúi xuống,Liếc lên,Bình thường
02:00:03 24/5/2026,Sao nhãng,80,56,94964,172239,76533,97297,31018,Nhìn thẳng,Nhìn thẳng,Bình thường
02:00:04 24/5/2026,Tập trung,86,53,55797,209546,21255,129656,29305,Nhìn thẳng,Nhìn thẳng,Bình thường
02:00:05 24/5/2026,Sao nhãng,94,59,74479,214791,52620,73152,36243,Nhìn thẳng,Nhìn thẳng,Vui vẻ
02:00:07 24/5/2026,Tập trung,95,47,52082,160444,59531,139280,33099,Nhìn thẳng,Nhìn thẳng,Bình thường
02:00:08 24/5/2026,Tập trung,89,50,85434,125445,26981,121909,44249,Nhìn thẳng,Nhìn thẳng,Bình thường
02:00:09 24/5/2026,Tập trung,83,47,73551,252636,40405,96350,26224,Quay phải,Liếc lên,Bình thường
02:00:10 24/5/2026,Tập trung,93,50,76254,248761,31424,67405,35224,Nhìn thẳng,Nhìn thẳng,Bình thường
02:00:11 24/5/2026,Tập trung,86,50,73082,285082,48805,57001,29298,Nhìn thẳng,Nhìn thẳng,Bình thường
02:00:12 24/5/2026,Tập trung,96,56,86904,274660,47962,113730,30104,Nhìn thẳng,Nhìn thẳng,Bình thường
02:00:13 24/5/2026,Tập trung,93,40,80759,249141,69499,146726,41101,Quay trái,Liếc lên,Bình thường
02:00:14 24/5/2026,Tập trung,88,47,95714,147584,47382,73174,27098,Nhìn thẳng,Nhìn thẳng,Bình thường
02:00:15 24/5/2026,Tập trung,88,58,92944,195358,23298,79697,32133,Quay phải,Liếc lên,Bình thường
02:00:16 24/5/2026,Tập trung,79,59,88773,195538,73356,64977,34057,Nhìn thẳng,Nhìn thẳng,Bình thường
02:00:17 24/5/2026,Tập trung,98,52,109661,212747,44979,62642,27402,Nhìn thẳng,Nhìn thẳng,Bình thường
02:00:18 24/5/2026,Tập trung,82,55,77566,174274,79963,55562,27321,Nhìn thẳng,Nhìn thẳng,Buồn bã
02:00:19 24/5/2026,Tập trung,91,40,80824,226868,43403,68109,31282,Nhìn thẳng,Nhìn thẳng,Bình thường
02:00:20 24/5/2026,Tập trung,82,60,68644,196550,38056,102346,21368,Nhìn thẳng,Nhìn thẳng,Bình thường
02:00:21 24/5/2026,Tập trung,89,54,68360,259450,49694,88012,37521,Nhìn thẳng,Nhìn thẳng,Vui vẻ
02:00:22 24/5/2026,Tập trung,77,56,85574,154326,49338,121920,25953,Nhìn thẳng,Nhìn thẳng,Bình thường
02:00:23 24/5/2026,Tập trung,91,41,99668,204930,31061,69188,29934,Quay trái,Liếc trái,Bình thường
02:00:24 24/5/2026,Tập trung,81,56,71805,202060,48253,148863,20070,Nhìn thẳng,Nhìn thẳng,Bình thường
02:00:25 24/5/2026,Tập trung,96,51,91333,191613,44936,81963,26949,Nhìn thẳng,Nhìn thẳng,Vui vẻ
02:00:26 24/5/2026,Tập trung,83,52,67920,213520,45655,89359,40616,Nhìn thẳng,Nhìn thẳng,Bình thường
02:00:27 24/5/2026,Tập trung,96,57,98986,155454,33665,76836,20920,Nhìn thẳng,Nhìn thẳng,Bình thường
02:00:28 24/5/2026,Tập trung,86,55,90246,200320,30981,67282,28131,Nhìn thẳng,Nhìn thẳng,Bình thường
02:00:29 24/5/2026,Tập trung,98,51,58113,263154,34632,66099,23915,Nhìn thẳng,Nhìn thẳng,Bình thường
02:00:30 24/5/2026,Tập trung,85,57,73622,194058,50532,123352,20024,Ngẩng lên,Liếc trái,Bình thường
02:00:31 24/5/2026,Tập trung,84,46,100740,127065,67138,100045,29525,Nhìn thẳng,Nhìn thẳng,Bình thường
02:00:32 24/5/2026,Tập trung,92,51,73675,164263,76941,121220,39384,Nhìn thẳng,Nhìn thẳng,Vui vẻ
02:00:33 24/5/2026,Tập trung,96,51,91903,246216,48462,131073,23423,Nhìn thẳng,Nhìn thẳng,Bình thường
02:00:34 24/5/2026,Tập trung,76,43,73892,275740,23819,145241,36760,Quay trái,Liếc lên,Bình thường
02:00:35 24/5/2026,Tập trung,98,42,70811,213488,23282,52881,37844,Nhìn thẳng,Nhìn thẳng,Bình thường
02:00:36 24/5/2026,Tập trung,98,40,44990,164651,44333,50283,30482,Nhìn thẳng,Nhìn thẳng,Bình thường
02:00:37 24/5/2026,Tập trung,80,54,75216,225823,22664,111619,32332,Nhìn thẳng,Nhìn thẳng,Bình thường
02:00:38 24/5/2026,Tập trung,96,57,68501,136448,63561,123954,35370,Nhìn thẳng,Nhìn thẳng,Buồn bã
02:00:39 24/5/2026,Tập trung,83,46,83066,223857,24695,121293,36993,Nhìn thẳng,Nhìn thẳng,Bình thường
02:00:40 24/5/2026,Tập trung,84,59,94632,154546,56533,109719,27830,Nhìn thẳng,Nhìn thẳng,Bình thường
02:00:41 24/5/2026,Tập trung,96,60,112934,217159,72385,133993,31197,Nhìn thẳng,Nhìn thẳng,Vui vẻ
02:00:42 24/5/2026,Tập trung,89,54,69562,172169,56271,67524,20510,Nhìn thẳng,Nhìn thẳng,Vui vẻ
02:00:43 24/5/2026,Tập trung,92,50,77927,158735,49459,73236,29189,Nhìn thẳng,Nhìn thẳng,Vui vẻ
02:00:44 24/5/2026,Tập trung,82,43,75090,200257,57012,71579,36696,Nhìn thẳng,Nhìn thẳng,Vui vẻ
02:00:45 24/5/2026,Tập trung,83,47,64064,188151,42599,107987,39209,Nhìn thẳng,Nhìn thẳng,Bình thường
02:00:46 24/5/2026,Tập trung,94,47,58476,162180,68248,125896,40410,Nhìn thẳng,Nhìn thẳng,Bình thường
02:00:47 24/5/2026,Tập trung,89,41,92159,183442,37224,74621,31591,Nhìn thẳng,Nhìn thẳng,Bình thường
02:00:48 24/5/2026,Tập trung,95,60,50728,244199,66754,55423,23084,Ngẩng lên,Liếc trái,Bình thường
02:00:49 24/5/2026,Sao nhãng,96,52,89525,273801,50834,52155,25346,Quay phải,Liếc trái,Bình thường
02:00:50 24/5/2026,Tập trung,93,42,73292,190993,33813,102215,36571,Nhìn thẳng,Nhìn thẳng,Bình thường
02:00:51 24/5/2026,Tập trung,79,48,81383,149646,22438,50211,43868,Nhìn thẳng,Nhìn thẳng,Vui vẻ
02:00:52 24/5/2026,Tập trung,76,52,109750,183677,44005,148872,30786,Nhìn thẳng,Nhìn thẳng,Bình thường
02:00:53 24/5/2026,Tập trung,78,47,71396,230191,60850,54690,25227,Nhìn thẳng,Nhìn thẳng,Bình thường
02:00:54 24/5/2026,Tập trung,78,58,54666,227297,46806,58837,27578,Nhìn thẳng,Nhìn thẳng,Bình thường
02:00:55 24/5/2026,Tập trung,80,48,93798,256560,45550,52379,42306,Nhìn thẳng,Nhìn thẳng,Bình thường
02:00:56 24/5/2026,Tập trung,82,52,85215,263495,51792,107440,41065,Nhìn thẳng,Nhìn thẳng,Bình thường
02:00:57 24/5/2026,Sao nhãng,84,50,102365,238587,27518,108900,29500,Nhìn thẳng,Nhìn thẳng,Bình thường
02:00:58 24/5/2026,Tập trung,89,46,57277,255248,70157,117257,39022,Nhìn thẳng,Nhìn thẳng,Vui vẻ
02:00:59 24/5/2026,Tập trung,95,54,84998,274625,73006,69249,36295,Nhìn thẳng,Nhìn thẳng,Bình thường
02:01:00 24/5/2026,Tập trung,81,46,60394,186028,75372,131843,37123,Nhìn thẳng,Nhìn thẳng,Bình thường
02:01:02 24/5/2026,Tập trung,83,58,86434,186830,26896,60072,26375,Nhìn thẳng,Nhìn thẳng,Bình thường
02:01:03 24/5/2026,Tập trung,76,55,80125,154955,29736,76719,39710,Nhìn thẳng,Nhìn thẳng,Buồn bã
02:01:04 24/5/2026,Tập trung,79,47,81756,135267,78244,137029,37890,Nhìn thẳng,Nhìn thẳng,Bình thường
02:01:05 24/5/2026,Tập trung,90,40,81368,248769,42330,89123,43383,Nhìn thẳng,Nhìn thẳng,Bình thường
02:01:06 24/5/2026,Tập trung,84,46,89290,194067,77839,142908,28838,Nhìn thẳng,Nhìn thẳng,Vui vẻ
02:01:07 24/5/2026,Tập trung,77,53,59078,211954,56344,137972,36427,Nhìn thẳng,Nhìn thẳng,Bình thường
02:01:08 24/5/2026,Tập trung,81,43,51050,276361,78853,131989,37378,Nhìn thẳng,Nhìn thẳng,Bình thường
02:01:09 24/5/2026,Tập trung,98,45,69307,155393,34242,98840,46322,Nhìn thẳng,Nhìn thẳng,Bình thường
02:01:10 24/5/2026,Tập trung,87,55,76273,204699,38780,80400,36123,Nhìn thẳng,Nhìn thẳng,Bình thường
02:01:11 24/5/2026,Tập trung,89,41,57672,216444,58300,73036,15918,Nhìn thẳng,Nhìn thẳng,Bình thường
02:06:07 24/5/2026,Tập trung,90,58,114717,247513,26941,123995,26502,Nhìn thẳng,Nhìn thẳng,Bình thường
02:06:09 24/5/2026,Tập trung,88,40,88109,242097,78348,92329,32274,Nhìn thẳng,Nhìn thẳng,Bình thường
02:06:10 24/5/2026,Tập trung,87,43,52873,203197,36343,93605,37628,Nhìn thẳng,Nhìn thẳng,Bình thường
02:06:11 24/5/2026,Tập trung,82,43,79792,136048,76621,75998,38789,Nhìn thẳng,Nhìn thẳng,Bình thường
02:06:12 24/5/2026,Tập trung,77,59,87957,195516,53021,83757,47949,Nhìn thẳng,Nhìn thẳng,Vui vẻ
02:06:13 24/5/2026,Tập trung,83,48,71068,154864,51439,126208,29424,Nhìn thẳng,Nhìn thẳng,Bình thường
02:06:14 24/5/2026,Tập trung,87,47,95657,120372,31973,90673,33545,Nhìn thẳng,Nhìn thẳng,Bình thường
02:06:15 24/5/2026,Tập trung,87,42,83652,241139,65462,120383,37797,Nhìn thẳng,Nhìn thẳng,Vui vẻ
02:06:16 24/5/2026,Tập trung,77,40,59870,227233,47157,127897,28505,Nhìn thẳng,Nhìn thẳng,Bình thường
02:06:17 24/5/2026,Tập trung,92,52,88475,110349,34311,52021,34177,Nhìn thẳng,Nhìn thẳng,Bình thường
02:06:18 24/5/2026,Tập trung,75,56,93935,244964,34334,134142,32524,Nhìn thẳng,Nhìn thẳng,Vui vẻ
02:06:19 24/5/2026,Tập trung,80,57,55683,274690,22441,120496,20944,Quay trái,Liếc trái,Bình thường
02:06:20 24/5/2026,Tập trung,98,45,84010,176661,55206,60533,35581,Nhìn thẳng,Nhìn thẳng,Buồn bã
02:06:21 24/5/2026,Tập trung,87,44,104393,199322,60749,116935,18870,Nhìn thẳng,Nhìn thẳng,Bình thường
02:06:22 24/5/2026,Tập trung,81,49,66617,184403,63768,86882,45339,Nhìn thẳng,Nhìn thẳng,Bình thường
02:06:23 24/5/2026,Tập trung,88,58,55026,228138,51379,149045,21318,Nhìn thẳng,Nhìn thẳng,Bình thường
02:06:24 24/5/2026,Tập trung,93,43,53200,204224,37116,90203,33788,Nhìn thẳng,Nhìn thẳng,Bình thường
02:06:25 24/5/2026,Tập trung,90,54,82108,215434,31545,61705,38249,Cúi xuống,Liếc lên,Bình thường
02:06:26 24/5/2026,Tập trung,88,52,86928,278560,37366,112975,39435,Nhìn thẳng,Nhìn thẳng,Bình thường
02:06:27 24/5/2026,Sao nhãng,77,47,69911,178279,71102,93502,33735,Nhìn thẳng,Nhìn thẳng,Bình thường
02:06:28 24/5/2026,Tập trung,75,56,99607,162820,78307,127432,23126,Nhìn thẳng,Nhìn thẳng,Bình thường
02:06:29 24/5/2026,Sao nhãng,76,49,75686,224589,35418,119465,22386,Nhìn thẳng,Nhìn thẳng,Bình thường
02:06:30 24/5/2026,Tập trung,83,49,98417,206783,32662,59554,25417,Nhìn thẳng,Nhìn thẳng,Vui vẻ
02:06:31 24/5/2026,Tập trung,83,60,113946,130340,49266,76550,35996,Quay trái,Liếc xuống,Bình thường
02:06:32 24/5/2026,Tập trung,93,40,99740,268590,45893,85146,42531,Nhìn thẳng,Nhìn thẳng,Vui vẻ
02:06:33 24/5/2026,Tập trung,76,42,66592,200007,35603,113562,38093,Nhìn thẳng,Nhìn thẳng,Bình thường
02:06:34 24/5/2026,Tập trung,91,42,103125,199912,64374,79727,44674,Nhìn thẳng,Nhìn thẳng,Bình thường
02:06:35 24/5/2026,Tập trung,93,43,91473,188136,64469,82009,20908,Nhìn thẳng,Nhìn thẳng,Bình thường
02:06:36 24/5/2026,Tập trung,82,44,97537,110099,42279,77957,38799,Nhìn thẳng,Nhìn thẳng,Bình thường
02:06:37 24/5/2026,Tập trung,97,42,53493,145354,35338,51738,26100,Nhìn thẳng,Nhìn thẳng,Bình thường
02:06:38 24/5/2026,Tập trung,86,59,69789,190310,32526,131100,28688,Nhìn thẳng,Nhìn thẳng,Bình thường
02:06:39 24/5/2026,Tập trung,89,57,99678,210252,62076,143084,43000,Nhìn thẳng,Nhìn thẳng,Bình thường
02:06:40 24/5/2026,Tập trung,96,46,94138,155858,33283,121337,31497,Nhìn thẳng,Nhìn thẳng,Buồn bã
02:06:41 24/5/2026,Tập trung,77,46,59990,143689,71632,117620,25460,Nhìn thẳng,Nhìn thẳng,Bình thường
02:06:42 24/5/2026,Tập trung,86,45,76383,217883,72213,73157,23237,Nhìn thẳng,Nhìn thẳng,Bình thường
02:06:43 24/5/2026,Sao nhãng,82,60,70994,244162,38990,57324,20600,Nhìn thẳng,Nhìn thẳng,Bình thường
02:06:44 24/5/2026,Tập trung,80,40,89377,208483,58266,61083,38152,Nhìn thẳng,Nhìn thẳng,Bình thường
02:06:45 24/5/2026,Tập trung,95,60,85262,159548,67942,119396,17467,Nhìn thẳng,Nhìn thẳng,Bình thường
02:06:46 24/5/2026,Tập trung,95,54,68193,172103,30234,94773,28711,Nhìn thẳng,Nhìn thẳng,Vui vẻ
02:06:47 24/5/2026,Sao nhãng,75,44,74881,169274,67517,86569,20222,Nhìn thẳng,Nhìn thẳng,Bình thường
02:06:48 24/5/2026,Tập trung,96,48,95628,234429,58982,54251,34225,Nhìn thẳng,Nhìn thẳng,Bình thường
02:06:49 24/5/2026,Tập trung,87,60,65780,209423,38346,143575,23580,Nhìn thẳng,Nhìn thẳng,Vui vẻ
02:06:50 24/5/2026,Tập trung,88,57,72059,178323,56583,103249,27779,Nhìn thẳng,Nhìn thẳng,Bình thường
02:06:51 24/5/2026,Tập trung,92,56,69147,196021,35026,122554,29082,Nhìn thẳng,Nhìn thẳng,Bình thường
02:06:52 24/5/2026,Tập trung,80,51,93420,233807,48383,92770,33044,Nhìn thẳng,Nhìn thẳng,Bình thường
02:06:53 24/5/2026,Tập trung,90,58,83149,268626,36372,147521,19691,Ngẩng lên,Liếc xuống,Bình thường
02:06:54 24/5/2026,Tập trung,89,50,79170,183827,44715,57894,32048,Nhìn thẳng,Nhìn thẳng,Bình thường
02:06:55 24/5/2026,Tập trung,80,54,92611,281471,36917,51175,30246,Nhìn thẳng,Nhìn thẳng,Bình thường
02:06:57 24/5/2026,Tập trung,81,41,72451,178068,64813,114018,37202,Nhìn thẳng,Nhìn thẳng,Bình thường
02:06:58 24/5/2026,Tập trung,95,44,74373,167324,68433,67434,25618,Nhìn thẳng,Nhìn thẳng,Bình thường
02:06:59 24/5/2026,Tập trung,86,47,74071,243433,28477,83812,39409,Nhìn thẳng,Nhìn thẳng,Vui vẻ
02:07:00 24/5/2026,Tập trung,86,46,49207,176667,37834,54845,21325,Nhìn thẳng,Nhìn thẳng,Bình thường
02:07:01 24/5/2026,Tập trung,75,40,80397,261773,66724,58462,41198,Nhìn thẳng,Nhìn thẳng,Vui vẻ
02:07:02 24/5/2026,Tập trung,89,53,73242,261882,22666,120956,29042,Nhìn thẳng,Nhìn thẳng,Buồn bã
02:07:03 24/5/2026,Tập trung,80,59,91146,238038,40752,116060,27622,Nhìn thẳng,Nhìn thẳng,Bình thường
02:07:04 24/5/2026,Tập trung,94,40,79065,134415,62864,122675,17717,Nhìn thẳng,Nhìn thẳng,Bình thường
02:07:05 24/5/2026,Tập trung,88,52,86165,132616,39266,78424,40421,Nhìn thẳng,Nhìn thẳng,Bình thường
02:07:06 24/5/2026,Tập trung,95,47,93540,253446,47801,126333,36068,Nhìn thẳng,Nhìn thẳng,Bình thường
02:07:07 24/5/2026,Tập trung,84,59,114686,286079,79090,103700,31510,Nhìn thẳng,Nhìn thẳng,Bình thường
02:07:08 24/5/2026,Tập trung,78,44,103932,219089,76814,86021,29797,Nhìn thẳng,Nhìn thẳng,Bình thường
02:07:09 24/5/2026,Tập trung,81,52,110342,241164,45183,148774,31933,Nhìn thẳng,Nhìn thẳng,Bình thường
02:07:10 24/5/2026,Tập trung,78,50,92738,223552,69048,105300,20361,Nhìn thẳng,Nhìn thẳng,Bình thường
02:07:11 24/5/2026,Tập trung,95,52,79624,133534,40219,61907,42317,Nhìn thẳng,Nhìn thẳng,Bình thường
02:07:12 24/5/2026,Tập trung,95,55,83989,196888,41887,123115,20639,Nhìn thẳng,Nhìn thẳng,Bình thường
02:07:13 24/5/2026,Tập trung,89,43,76035,255320,49978,67789,36247,Nhìn thẳng,Nhìn thẳng,Bình thường
02:07:14 24/5/2026,Tập trung,90,51,113718,248950,72175,78073,35113,Nhìn thẳng,Nhìn thẳng,Bình thường
02:07:15 24/5/2026,Tập trung,77,43,106173,205503,21706,120892,34534,Nhìn thẳng,Nhìn thẳng,Bình thường
02:07:16 24/5/2026,Tập trung,96,50,82839,214540,66589,141926,15225,Nhìn thẳng,Nhìn thẳng,Bình thường
02:07:17 24/5/2026,Tập trung,94,55,52257,219534,39575,88781,41568,Nhìn thẳng,Nhìn thẳng,Bình thường
02:07:18 24/5/2026,Tập trung,88,40,95749,258950,51952,98223,37139,Nhìn thẳng,Nhìn thẳng,Bình thường
02:07:19 24/5/2026,Tập trung,79,47,105393,274700,77535,94314,30313,Nhìn thẳng,Nhìn thẳng,Buồn bã
02:07:20 24/5/2026,Tập trung,76,58,60886,239115,77356,123461,44996,Nhìn thẳng,Nhìn thẳng,Bình thường
02:07:21 24/5/2026,Tập trung,97,40,77066,230678,25827,106690,22722,Nhìn thẳng,Nhìn thẳng,Bình thường
02:07:22 24/5/2026,Tập trung,87,55,62884,259407,63990,109396,40580,Cúi xuống,Liếc lên,Vui vẻ
02:07:23 24/5/2026,Tập trung,80,57,70364,202164,58350,93935,32604,Nhìn thẳng,Nhìn thẳng,Bình thường
02:07:24 24/5/2026,Tập trung,75,58,72394,147843,24994,68212,33938,Nhìn thẳng,Nhìn thẳng,Bình thường
02:07:25 24/5/2026,Tập trung,88,55,47119,172161,64792,106728,20098,Nhìn thẳng,Nhìn thẳng,Bình thường
02:07:26 24/5/2026,Tập trung,97,49,48584,168150,57979,74522,30806,Nhìn thẳng,Nhìn thẳng,Bình thường
02:07:27 24/5/2026,Tập trung,98,52,59193,191246,45727,145001,18901,Nhìn thẳng,Nhìn thẳng,Bình thường
02:07:28 24/5/2026,Tập trung,83,46,73213,138551,39062,83405,44010,Nhìn thẳng,Nhìn thẳng,Bình thường
02:07:29 24/5/2026,Tập trung,83,45,111819,178752,34247,117203,36418,Nhìn thẳng,Nhìn thẳng,Bình thường
02:07:30 24/5/2026,Tập trung,92,44,83451,263519,52990,75002,45115,Nhìn thẳng,Nhìn thẳng,Bình thường
02:07:31 24/5/2026,Tập trung,78,45,102261,157413,31495,116193,37538,Nhìn thẳng,Nhìn thẳng,Bình thường
02:07:32 24/5/2026,Tập trung,94,42,89675,231659,70768,60173,39752,Nhìn thẳng,Nhìn thẳng,Bình thường
02:07:33 24/5/2026,Tập trung,96,51,77864,212656,51564,83080,28789,Quay phải,Liếc xuống,Bình thường
02:07:34 24/5/2026,Tập trung,96,51,77864,212656,51564,83080,28789,Nhìn thẳng,Nhìn thẳng,Vui vẻ
02:07:35 24/5/2026,Tập trung,81,48,76165,248022,66069,76916,24187,Nhìn thẳng,Nhìn thẳng,Bình thường
02:07:36 24/5/2026,Tập trung,84,52,70614,229336,51508,54636,36082,Nhìn thẳng,Nhìn thẳng,Vui vẻ
02:07:37 24/5/2026,Tập trung,84,52,70614,229336,51508,54636,36082,Nhìn thẳng,Nhìn thẳng,Bình thường
02:07:38 24/5/2026,Tập trung,88,56,85438,247396,67435,51520,35510,Nhìn thẳng,Nhìn thẳng,Bình thường
02:07:40 24/5/2026,Tập trung,98,47,83945,227595,79627,86813,36251,Nhìn thẳng,Nhìn thẳng,Bình thường
02:07:41 24/5/2026,Tập trung,90,43,71020,156771,77578,94465,27891,Nhìn thẳng,Nhìn thẳng,Vui vẻ
02:07:42 24/5/2026,Tập trung,93,47,102195,182069,37032,127092,28004,Ngẩng lên,Liếc xuống,Vui vẻ
02:07:43 24/5/2026,Tập trung,93,41,97978,192953,49248,99201,29163,Nhìn thẳng,Nhìn thẳng,Vui vẻ
02:07:44 24/5/2026,Tập trung,86,60,61641,162794,55228,136561,35070,Nhìn thẳng,Nhìn thẳng,Buồn bã
02:07:45 24/5/2026,Tập trung,93,56,93597,142297,78691,117829,24705,Nhìn thẳng,Nhìn thẳng,Bình thường
02:07:46 24/5/2026,Tập trung,90,44,61791,123710,66448,145092,32687,Nhìn thẳng,Nhìn thẳng,Vui vẻ
02:07:47 24/5/2026,Tập trung,96,49,71010,134637,55998,91720,34238,Nhìn thẳng,Nhìn thẳng,Bình thường
02:07:48 24/5/2026,Tập trung,95,54,64643,236928,67914,81822,28963,Nhìn thẳng,Nhìn thẳng,Bình thường
02:07:49 24/5/2026,Tập trung,82,44,74258,247047,75561,114319,33814,Nhìn thẳng,Nhìn thẳng,Bình thường
02:07:50 24/5/2026,Tập trung,91,42,79606,212120,56296,85975,41920,Nhìn thẳng,Nhìn thẳng,Bình thường
02:07:51 24/5/2026,Tập trung,76,43,83492,195644,49214,103445,44483,Nhìn thẳng,Nhìn thẳng,Vui vẻ
02:07:52 24/5/2026,Tập trung,88,53,93582,222072,45508,70618,24842,Nhìn thẳng,Nhìn thẳng,Bình thường
02:07:53 24/5/2026,Tập trung,85,53,64335,154638,70347,111688,39593,Nhìn thẳng,Nhìn thẳng,Vui vẻ
02:07:54 24/5/2026,Tập trung,93,40,90106,187185,53732,124903,37967,Nhìn thẳng,Nhìn thẳng,Bình thường
02:07:55 24/5/2026,Tập trung,84,58,75169,219973,47592,62479,30923,Nhìn thẳng,Nhìn thẳng,Bình thường
02:07:56 24/5/2026,Tập trung,90,50,69175,130770,75478,110676,24893,Nhìn thẳng,Nhìn thẳng,Bình thường
02:07:57 24/5/2026,Tập trung,75,45,82614,221415,78139,53273,28246,Nhìn thẳng,Nhìn thẳng,Bình thường
02:07:58 24/5/2026,Tập trung,93,42,98977,178875,44143,108864,18167,Nhìn thẳng,Nhìn thẳng,Bình thường
02:07:59 24/5/2026,Tập trung,80,47,82043,124369,30507,53786,18780,Nhìn thẳng,Nhìn thẳng,Bình thường
02:08:00 24/5/2026,Tập trung,90,56,112954,215391,41750,93554,38307,Nhìn thẳng,Nhìn thẳng,Bình thường
02:08:01 24/5/2026,Tập trung,80,45,88965,217664,67786,130933,41986,Nhìn thẳng,Nhìn thẳng,Vui vẻ
02:08:02 24/5/2026,Tập trung,84,53,107517,213577,60136,148327,21752,Nhìn thẳng,Nhìn thẳng,Bình thường
02:08:03 24/5/2026,Tập trung,90,40,88712,253087,45974,59261,40144,Nhìn thẳng,Nhìn thẳng,Bình thường
02:08:04 24/5/2026,Tập trung,82,55,65109,190290,51832,80187,29291,Nhìn thẳng,Nhìn thẳng,Bình thường
02:08:05 24/5/2026,Tập trung,84,44,80676,144147,31170,135090,26370,Nhìn thẳng,Nhìn thẳng,Buồn bã
02:08:06 24/5/2026,Tập trung,88,41,50849,155238,32268,98393,25099,Nhìn thẳng,Nhìn thẳng,Bình thường
02:11:32 24/5/2026,Tập trung,93,49,66323,244418,23477,148198,35464,Quay phải,Liếc phải,Bình thường
02:11:33 24/5/2026,Tập trung,79,56,63153,228883,31239,123267,24634,Nhìn thẳng,Nhìn thẳng,Bình thường
02:11:34 24/5/2026,Tập trung,90,45,74824,206630,51172,58566,27230,Nhìn thẳng,Nhìn thẳng,Bình thường
02:11:35 24/5/2026,Sao nhãng,92,40,84074,141835,76946,51178,30190,Quay phải,Liếc phải,Bình thường
02:11:36 24/5/2026,Tập trung,98,60,69366,190439,59562,109708,35667,Nhìn thẳng,Nhìn thẳng,Bình thường
02:11:37 24/5/2026,Tập trung,90,40,94057,199975,61356,140275,40673,Nhìn thẳng,Nhìn thẳng,Bình thường
02:11:38 24/5/2026,Tập trung,90,51,50884,242305,41720,142741,34541,Nhìn thẳng,Nhìn thẳng,Bình thường
02:11:39 24/5/2026,Tập trung,96,54,92584,212689,54419,66452,28272,Nhìn thẳng,Nhìn thẳng,Bình thường
02:11:40 24/5/2026,Tập trung,96,59,81835,215709,71244,108350,33947,Nhìn thẳng,Nhìn thẳng,Bình thường
02:11:41 24/5/2026,Sao nhãng,86,42,61875,179185,25877,121543,27183,Quay trái,Liếc trái,Bình thường
02:11:42 24/5/2026,Tập trung,86,47,114074,192328,69788,126788,30484,Nhìn thẳng,Nhìn thẳng,Bình thường
02:11:43 24/5/2026,Tập trung,76,45,93878,246226,40296,85657,34640,Cúi xuống,Liếc lên,Bình thường
02:11:44 24/5/2026,Tập trung,75,59,62547,170836,33952,100304,26488,Quay phải,Liếc trái,Bình thường
02:11:45 24/5/2026,Tập trung,81,50,72544,268138,32859,139583,17156,Nhìn thẳng,Nhìn thẳng,Bình thường
02:11:46 24/5/2026,Tập trung,91,57,79555,255423,65394,111773,29266,Cúi xuống,Liếc phải,Bình thường
02:11:47 24/5/2026,Tập trung,80,60,67356,189358,72031,72272,47274,Nhìn thẳng,Nhìn thẳng,Buồn bã
02:11:48 24/5/2026,Tập trung,75,47,106727,198137,21211,77600,34037,Nhìn thẳng,Nhìn thẳng,Bình thường
02:11:49 24/5/2026,Tập trung,90,58,72632,197745,71443,56883,31769,Nhìn thẳng,Nhìn thẳng,Bình thường
02:11:50 24/5/2026,Tập trung,94,58,89508,221102,32250,89420,24692,Nhìn thẳng,Nhìn thẳng,Bình thường
02:11:51 24/5/2026,Tập trung,89,44,78779,181218,25766,111324,31478,Nhìn thẳng,Nhìn thẳng,Bình thường
02:11:52 24/5/2026,Tập trung,85,48,115811,130998,54612,61572,25982,Nhìn thẳng,Nhìn thẳng,Bình thường
02:11:53 24/5/2026,Tập trung,96,44,64515,173316,42641,115807,43525,Nhìn thẳng,Nhìn thẳng,Bình thường
02:11:54 24/5/2026,Tập trung,94,53,62983,189808,65455,66894,23640,Nhìn thẳng,Nhìn thẳng,Bình thường
02:11:55 24/5/2026,Tập trung,84,47,71893,198871,61227,126450,27548,Nhìn thẳng,Nhìn thẳng,Bình thường
02:11:56 24/5/2026,Tập trung,85,42,74449,284654,58701,100090,35665,Nhìn thẳng,Nhìn thẳng,Bình thường
02:11:57 24/5/2026,Tập trung,98,46,72943,200955,58816,147651,39527,Nhìn thẳng,Nhìn thẳng,Bình thường
02:11:58 24/5/2026,Tập trung,93,50,107248,218418,76225,138555,23418,Nhìn thẳng,Nhìn thẳng,Bình thường
02:11:59 24/5/2026,Tập trung,91,42,101476,168243,78911,69516,44710,Nhìn thẳng,Nhìn thẳng,Bình thường
02:12:00 24/5/2026,Tập trung,77,51,86264,140540,62900,83344,35825,Nhìn thẳng,Nhìn thẳng,Bình thường
02:12:02 24/5/2026,Tập trung,81,56,67791,167393,26336,71334,27639,Cúi xuống,Liếc trái,Bình thường
02:12:03 24/5/2026,Tập trung,88,41,84197,255697,42660,85271,44449,Nhìn thẳng,Nhìn thẳng,Bình thường
02:12:04 24/5/2026,Tập trung,95,50,92220,216759,39233,60669,18596,Nhìn thẳng,Nhìn thẳng,Bình thường
02:12:05 24/5/2026,Tập trung,93,53,84543,215687,45882,123631,38653,Nhìn thẳng,Nhìn thẳng,Bình thường
02:12:06 24/5/2026,Tập trung,91,47,93705,261073,45589,103736,37843,Nhìn thẳng,Nhìn thẳng,Buồn bã
02:12:07 24/5/2026,Tập trung,89,55,84054,119135,71627,67918,29065,Nhìn thẳng,Nhìn thẳng,Bình thường
02:12:08 24/5/2026,Tập trung,81,41,80431,220548,27620,67756,39879,Nhìn thẳng,Nhìn thẳng,Bình thường
02:12:09 24/5/2026,Tập trung,75,44,97014,169781,78503,115121,33464,Nhìn thẳng,Nhìn thẳng,Bình thường
02:12:10 24/5/2026,Tập trung,95,51,82233,250415,25716,129968,25958,Nhìn thẳng,Nhìn thẳng,Bình thường
02:12:11 24/5/2026,Tập trung,81,42,67100,189972,53046,131658,25037,Nhìn thẳng,Nhìn thẳng,Bình thường
02:12:12 24/5/2026,Tập trung,78,49,70225,184631,52254,70808,22127,Nhìn thẳng,Nhìn thẳng,Bình thường
02:12:13 24/5/2026,Tập trung,80,58,72099,132918,66861,100444,28810,Nhìn thẳng,Nhìn thẳng,Bình thường
02:12:14 24/5/2026,Tập trung,76,56,74506,168934,21889,120875,38050,Nhìn thẳng,Nhìn thẳng,Bình thường
02:12:15 24/5/2026,Tập trung,90,55,57309,242126,78471,80386,33726,Ngẩng lên,Liếc lên,Bình thường
02:12:16 24/5/2026,Tập trung,90,42,71034,194222,35043,81473,47176,Nhìn thẳng,Nhìn thẳng,Vui vẻ
02:12:17 24/5/2026,Tập trung,79,53,78909,141953,21926,107483,20775,Ngẩng lên,Liếc xuống,Bình thường
02:12:18 24/5/2026,Tập trung,75,42,51164,199232,35090,94267,36216,Nhìn thẳng,Nhìn thẳng,Bình thường
02:12:19 24/5/2026,Tập trung,78,58,110862,211631,20941,125916,49303,Nhìn thẳng,Nhìn thẳng,Bình thường
02:12:20 24/5/2026,Tập trung,89,51,67763,192591,44952,138163,40957,Nhìn thẳng,Nhìn thẳng,Bình thường
02:12:21 24/5/2026,Tập trung,92,45,98557,197276,76764,95183,23588,Nhìn thẳng,Nhìn thẳng,Bình thường
02:12:22 24/5/2026,Tập trung,97,40,53644,146523,31888,145150,37238,Nhìn thẳng,Nhìn thẳng,Vui vẻ
02:12:23 24/5/2026,Tập trung,92,52,82896,214893,44248,115988,28672,Nhìn thẳng,Nhìn thẳng,Bình thường
02:12:24 24/5/2026,Tập trung,95,46,102374,144404,51608,73255,27794,Nhìn thẳng,Nhìn thẳng,Bình thường
02:12:25 24/5/2026,Tập trung,81,51,95070,164987,49309,142641,40140,Nhìn thẳng,Nhìn thẳng,Vui vẻ
02:12:26 24/5/2026,Tập trung,92,51,111268,262733,66212,142085,44195,Nhìn thẳng,Nhìn thẳng,Buồn bã
02:12:27 24/5/2026,Tập trung,98,59,113258,138272,37125,82496,32872,Nhìn thẳng,Nhìn thẳng,Bình thường
02:12:28 24/5/2026,Tập trung,98,47,70206,163511,66385,124755,29885,Ngẩng lên,Liếc lên,Vui vẻ
02:12:29 24/5/2026,Tập trung,92,56,78086,149007,42151,55773,21237,Nhìn thẳng,Nhìn thẳng,Bình thường
02:12:30 24/5/2026,Tập trung,76,45,66514,178340,77175,116588,29437,Nhìn thẳng,Nhìn thẳng,Bình thường
02:12:31 24/5/2026,Tập trung,95,60,80703,216210,25994,104342,31158,Nhìn thẳng,Nhìn thẳng,Bình thường
02:12:32 24/5/2026,Tập trung,76,41,115857,280236,32703,53682,35150,Nhìn thẳng,Nhìn thẳng,Bình thường
02:12:33 24/5/2026,Tập trung,85,57,111873,219095,62430,84561,21281,Nhìn thẳng,Nhìn thẳng,Bình thường
02:12:34 24/5/2026,Tập trung,87,41,55738,222430,61221,91195,32414,Nhìn thẳng,Nhìn thẳng,Bình thường
02:12:35 24/5/2026,Tập trung,84,46,80081,191840,40534,141029,36252,Nhìn thẳng,Nhìn thẳng,Bình thường
02:12:36 24/5/2026,Tập trung,78,43,92481,244432,57767,106555,38996,Ngẩng lên,Liếc phải,Bình thường
02:12:37 24/5/2026,Tập trung,95,48,74810,270154,31567,61331,30688,Nhìn thẳng,Nhìn thẳng,Bình thường
02:12:38 24/5/2026,Tập trung,97,53,71213,268775,32326,147987,33649,Quay trái,Liếc trái,Bình thường
02:12:39 24/5/2026,Tập trung,93,42,96343,226748,41179,132590,35736,Nhìn thẳng,Nhìn thẳng,Bình thường
02:12:40 24/5/2026,Tập trung,90,43,68575,250220,22327,90011,37937,Nhìn thẳng,Nhìn thẳng,Bình thường
02:12:41 24/5/2026,Tập trung,75,45,86713,161977,46865,146286,45020,Nhìn thẳng,Nhìn thẳng,Bình thường
02:12:42 24/5/2026,Tập trung,79,51,85296,218032,33699,64282,25017,Nhìn thẳng,Nhìn thẳng,Bình thường
02:12:43 24/5/2026,Tập trung,87,56,71603,250744,37698,125036,33974,Nhìn thẳng,Nhìn thẳng,Vui vẻ
02:12:44 24/5/2026,Tập trung,87,56,84023,202232,44118,91462,15680,Nhìn thẳng,Nhìn thẳng,Bình thường
02:12:46 24/5/2026,Tập trung,95,45,50841,247355,50450,61715,22355,Nhìn thẳng,Nhìn thẳng,Bình thường
02:12:47 24/5/2026,Tập trung,79,53,96088,193594,36226,74180,28606,Nhìn thẳng,Nhìn thẳng,Buồn bã
02:12:48 24/5/2026,Tập trung,86,41,81269,261982,75736,68659,28565,Nhìn thẳng,Nhìn thẳng,Bình thường
02:12:49 24/5/2026,Tập trung,77,58,89473,173284,46456,75639,39547,Nhìn thẳng,Nhìn thẳng,Bình thường
02:12:50 24/5/2026,Tập trung,84,41,88122,238077,52184,74237,38246,Nhìn thẳng,Nhìn thẳng,Bình thường
02:12:51 24/5/2026,Tập trung,88,51,93571,149607,59071,102671,28730,Nhìn thẳng,Nhìn thẳng,Bình thường
02:12:52 24/5/2026,Sao nhãng,98,57,90623,222505,40787,51633,30596,Quay phải,Liếc phải,Bình thường
02:12:53 24/5/2026,Tập trung,85,43,70199,183565,55993,50318,37283,Nhìn thẳng,Nhìn thẳng,Bình thường
02:12:54 24/5/2026,Tập trung,83,48,67561,128255,46235,64118,21570,Nhìn thẳng,Nhìn thẳng,Vui vẻ
02:12:55 24/5/2026,Tập trung,81,51,59052,194194,49670,116506,27932,Nhìn thẳng,Nhìn thẳng,Bình thường
02:12:56 24/5/2026,Tập trung,86,45,74954,258334,40797,131229,20169,Nhìn thẳng,Nhìn thẳng,Bình thường
02:12:57 24/5/2026,Tập trung,98,60,60497,146660,20285,137489,31259,Nhìn thẳng,Nhìn thẳng,Bình thường
02:12:58 24/5/2026,Tập trung,95,40,108767,192574,23709,124713,37507,Quay trái,Liếc lên,Bình thường
02:12:59 24/5/2026,Tập trung,78,51,81503,169704,25449,139815,33388,Nhìn thẳng,Nhìn thẳng,Vui vẻ
02:13:00 24/5/2026,Tập trung,80,41,49778,198588,39373,97694,24031,Nhìn thẳng,Nhìn thẳng,Bình thường
02:13:01 24/5/2026,Tập trung,75,59,94146,203471,38189,125255,39521,Nhìn thẳng,Nhìn thẳng,Bình thường
02:13:02 24/5/2026,Tập trung,81,55,77010,161089,73331,65248,36080,Nhìn thẳng,Nhìn thẳng,Bình thường
02:13:03 24/5/2026,Tập trung,81,45,78072,107074,48433,87328,34474,Nhìn thẳng,Nhìn thẳng,Bình thường
02:13:04 24/5/2026,Tập trung,97,44,68503,269114,39694,134878,28304,Nhìn thẳng,Nhìn thẳng,Vui vẻ
02:13:05 24/5/2026,Tập trung,83,60,93354,160867,61463,132744,20056,Nhìn thẳng,Nhìn thẳng,Bình thường
02:13:06 24/5/2026,Tập trung,79,57,47203,210682,77190,76903,38387,Nhìn thẳng,Nhìn thẳng,Bình thường
02:13:07 24/5/2026,Tập trung,79,47,91343,199662,68773,71144,32159,Nhìn thẳng,Nhìn thẳng,Buồn bã
02:13:08 24/5/2026,Tập trung,98,55,63400,245115,34349,63780,21096,Nhìn thẳng,Nhìn thẳng,Bình thường
02:13:09 24/5/2026,Tập trung,95,42,87604,208988,65762,81647,20357,Nhìn thẳng,Nhìn thẳng,Bình thường
02:13:10 24/5/2026,Tập trung,80,57,91628,162694,74592,100683,16879,Nhìn thẳng,Nhìn thẳng,Bình thường
02:13:11 24/5/2026,Tập trung,98,52,86128,182314,31516,86474,31680,Nhìn thẳng,Nhìn thẳng,Bình thường
02:13:12 24/5/2026,Tập trung,84,46,96893,214174,74367,126463,22718,Nhìn thẳng,Nhìn thẳng,Bình thường
02:13:13 24/5/2026,Tập trung,93,58,74287,233602,34455,87567,32356,Nhìn thẳng,Nhìn thẳng,Bình thường
02:13:14 24/5/2026,Tập trung,96,49,103746,230430,62493,121236,26927,Nhìn thẳng,Nhìn thẳng,Bình thường
02:13:15 24/5/2026,Tập trung,92,50,100491,176762,36954,117163,39471,Nhìn thẳng,Nhìn thẳng,Bình thường
02:13:16 24/5/2026,Tập trung,81,52,65565,108006,44063,124636,32263,Nhìn thẳng,Nhìn thẳng,Bình thường
02:13:17 24/5/2026,Tập trung,81,50,92277,190132,56668,134526,43496,Nhìn thẳng,Nhìn thẳng,Bình thường
02:13:18 24/5/2026,Tập trung,95,54,99303,217509,37823,57260,40092,Nhìn thẳng,Nhìn thẳng,Bình thường
02:13:19 24/5/2026,Tập trung,80,51,61608,122940,39960,115023,32286,Nhìn thẳng,Nhìn thẳng,Vui vẻ
02:13:20 24/5/2026,Tập trung,76,57,96590,163556,72957,56337,36934,Nhìn thẳng,Nhìn thẳng,Bình thường
02:13:21 24/5/2026,Tập trung,87,52,47646,201851,39358,52971,32660,Nhìn thẳng,Nhìn thẳng,Bình thường
02:13:22 24/5/2026,Tập trung,90,44,63231,256304,42888,125155,35431,Nhìn thẳng,Nhìn thẳng,Bình thường
02:13:23 24/5/2026,Tập trung,91,43,52967,224389,50384,132517,37992,Nhìn thẳng,Nhìn thẳng,Bình thường
02:13:24 24/5/2026,Tập trung,96,44,65284,194199,55896,139053,20175,Nhìn thẳng,Nhìn thẳng,Bình thường
02:13:25 24/5/2026,Tập trung,85,47,77349,150782,79385,93143,45544,Nhìn thẳng,Nhìn thẳng,Buồn bã
02:13:26 24/5/2026,Tập trung,94,53,65560,194981,69453,67115,31655,Nhìn thẳng,Nhìn thẳng,Vui vẻ
02:13:27 24/5/2026,Tập trung,84,55,93308,229346,43658,74854,31786,Nhìn thẳng,Nhìn thẳng,Bình thường
02:13:28 24/5/2026,Tập trung,88,51,79852,151683,51278,134716,40562,Nhìn thẳng,Nhìn thẳng,Bình thường
02:13:29 24/5/2026,Tập trung,78,54,92945,214308,22144,90403,25757,Nhìn thẳng,Nhìn thẳng,Bình thường
02:13:30 24/5/2026,Sao nhãng,98,50,68629,233147,68027,123803,37191,Nhìn thẳng,Nhìn thẳng,Bình thường
02:16:15 24/5/2026,Tập trung,83,55,55531,278824,25793,115661,25727,Cúi xuống,Liếc trái,Bình thường
02:16:16 24/5/2026,Tập trung,92,53,98686,204426,31376,110977,45346,Nhìn thẳng,Nhìn thẳng,Vui vẻ
02:16:17 24/5/2026,Tập trung,89,60,69490,223915,62285,68169,20939,Cúi xuống,Liếc xuống,Bình thường
02:16:18 24/5/2026,Tập trung,93,50,85454,233994,36069,85235,16611,Nhìn thẳng,Nhìn thẳng,Bình thường
02:16:19 24/5/2026,Tập trung,91,49,78838,137403,71614,78647,25605,Nhìn thẳng,Nhìn thẳng,Bình thường
02:16:20 24/5/2026,Tập trung,92,47,76309,201098,28216,102292,30015,Nhìn thẳng,Nhìn thẳng,Vui vẻ
02:16:21 24/5/2026,Tập trung,96,53,93418,200106,58001,125060,24436,Nhìn thẳng,Nhìn thẳng,Vui vẻ
02:16:22 24/5/2026,Tập trung,85,42,49488,160396,65859,135306,35551,Nhìn thẳng,Nhìn thẳng,Bình thường
02:16:23 24/5/2026,Tập trung,90,43,96209,288695,40698,53490,27277,Nhìn thẳng,Nhìn thẳng,Bình thường
02:16:24 24/5/2026,Tập trung,93,50,85193,201236,46016,86409,33669,Nhìn thẳng,Nhìn thẳng,Bình thường
02:16:25 24/5/2026,Sao nhãng,92,40,51194,105262,23800,122770,43865,Nhìn thẳng,Nhìn thẳng,Bình thường
02:16:26 24/5/2026,Tập trung,87,49,51725,146937,55041,91839,22273,Nhìn thẳng,Nhìn thẳng,Bình thường
02:16:27 24/5/2026,Tập trung,86,57,107532,172261,20837,125579,26431,Nhìn thẳng,Nhìn thẳng,Bình thường
02:16:28 24/5/2026,Tập trung,79,50,116089,191112,49664,132268,30956,Nhìn thẳng,Nhìn thẳng,Bình thường
02:16:29 24/5/2026,Tập trung,77,42,77863,263704,71633,146888,23989,Nhìn thẳng,Nhìn thẳng,Bình thường
02:16:30 24/5/2026,Tập trung,87,42,84776,248697,61461,68202,23286,Nhìn thẳng,Nhìn thẳng,Vui vẻ
02:16:31 24/5/2026,Tập trung,89,50,95672,211356,41488,137655,30224,Nhìn thẳng,Nhìn thẳng,Bình thường
02:16:32 24/5/2026,Tập trung,87,54,101111,264388,55418,85084,30530,Nhìn thẳng,Nhìn thẳng,Buồn bã
02:16:33 24/5/2026,Tập trung,98,58,86942,171872,25435,144859,30638,Nhìn thẳng,Nhìn thẳng,Bình thường
02:16:35 24/5/2026,Tập trung,88,48,80696,186210,29955,122228,35869,Nhìn thẳng,Nhìn thẳng,Bình thường
02:16:36 24/5/2026,Tập trung,93,51,78705,234545,72373,78846,27270,Nhìn thẳng,Nhìn thẳng,Bình thường
02:16:37 24/5/2026,Tập trung,76,41,68106,208772,51586,54732,29314,Nhìn thẳng,Nhìn thẳng,Bình thường
02:16:38 24/5/2026,Tập trung,86,57,88500,231036,34963,103652,23647,Nhìn thẳng,Nhìn thẳng,Bình thường
02:16:39 24/5/2026,Tập trung,95,58,101492,192197,59702,116002,38479,Nhìn thẳng,Nhìn thẳng,Bình thường
02:16:40 24/5/2026,Tập trung,95,59,89491,271655,73606,100439,28762,Nhìn thẳng,Nhìn thẳng,Bình thường
02:16:41 24/5/2026,Sao nhãng,86,60,68011,249662,41506,145022,37237,Nhìn thẳng,Nhìn thẳng,Bình thường
02:16:42 24/5/2026,Tập trung,83,57,83970,198274,75882,128188,36441,Nhìn thẳng,Nhìn thẳng,Bình thường
02:16:43 24/5/2026,Sao nhãng,77,58,74701,227015,64449,108195,38544,Nhìn thẳng,Nhìn thẳng,Bình thường
02:16:44 24/5/2026,Tập trung,91,49,113755,190258,50622,84871,34597,Cúi xuống,Liếc trái,Bình thường
02:16:45 24/5/2026,Tập trung,87,55,80949,209781,55002,111115,27406,Nhìn thẳng,Nhìn thẳng,Vui vẻ
02:16:46 24/5/2026,Tập trung,91,45,55202,170915,55930,78600,27147,Nhìn thẳng,Nhìn thẳng,Bình thường
02:16:47 24/5/2026,Tập trung,76,40,81434,116389,72015,139815,31737,Nhìn thẳng,Nhìn thẳng,Bình thường
02:16:48 24/5/2026,Tập trung,92,50,74530,228940,40065,132831,18408,Nhìn thẳng,Nhìn thẳng,Bình thường
02:16:49 24/5/2026,Tập trung,94,55,103550,153775,20423,74570,28094,Nhìn thẳng,Nhìn thẳng,Bình thường
02:16:50 24/5/2026,Tập trung,84,59,71749,249093,69708,144976,34985,Nhìn thẳng,Nhìn thẳng,Bình thường
02:16:51 24/5/2026,Sao nhãng,77,42,55875,165904,67295,81052,34093,Nhìn thẳng,Nhìn thẳng,Buồn bã
02:16:52 24/5/2026,Tập trung,75,41,81710,234939,29296,105236,35061,Nhìn thẳng,Nhìn thẳng,Bình thường
02:16:53 24/5/2026,Tập trung,77,44,53216,247540,68688,116423,25260,Nhìn thẳng,Nhìn thẳng,Vui vẻ
02:16:54 24/5/2026,Tập trung,93,55,66288,229388,38389,106175,26144,Nhìn thẳng,Nhìn thẳng,Bình thường
02:16:55 24/5/2026,Tập trung,79,43,80320,243418,27760,124711,30357,Quay phải,Liếc trái,Bình thường
02:16:56 24/5/2026,Tập trung,92,51,67877,161369,63739,69617,24887,Nhìn thẳng,Nhìn thẳng,Bình thường
02:16:57 24/5/2026,Tập trung,79,53,60226,192159,24610,115119,32218,Ngẩng lên,Liếc lên,Bình thường
02:16:58 24/5/2026,Tập trung,88,49,101123,216211,24058,61209,30826,Nhìn thẳng,Nhìn thẳng,Vui vẻ
02:16:59 24/5/2026,Tập trung,98,57,89018,190535,73102,53199,18741,Nhìn thẳng,Nhìn thẳng,Bình thường
02:17:00 24/5/2026,Tập trung,95,53,77927,213056,42292,90664,35117,Nhìn thẳng,Nhìn thẳng,Vui vẻ
02:17:01 24/5/2026,Tập trung,98,46,59190,233560,74051,89083,29275,Nhìn thẳng,Nhìn thẳng,Bình thường
02:17:02 24/5/2026,Tập trung,93,47,81985,211959,23816,122183,42948,Nhìn thẳng,Nhìn thẳng,Bình thường
02:17:03 24/5/2026,Tập trung,95,52,105755,174846,23538,113515,22521,Nhìn thẳng,Nhìn thẳng,Bình thường
02:17:04 24/5/2026,Tập trung,97,50,75456,167941,63311,62850,30687,Nhìn thẳng,Nhìn thẳng,Bình thường
02:17:05 24/5/2026,Tập trung,96,44,66332,198354,55099,76533,28363,Nhìn thẳng,Nhìn thẳng,Vui vẻ
02:17:06 24/5/2026,Tập trung,91,53,66938,288580,53152,93923,34680,Nhìn thẳng,Nhìn thẳng,Bình thường
02:17:07 24/5/2026,Tập trung,94,50,74287,148519,56749,138499,29121,Nhìn thẳng,Nhìn thẳng,Bình thường
02:17:08 24/5/2026,Tập trung,81,53,86052,188691,43019,78920,22112,Nhìn thẳng,Nhìn thẳng,Bình thường
02:17:09 24/5/2026,Tập trung,94,42,88731,244697,39158,74432,36943,Nhìn thẳng,Nhìn thẳng,Bình thường
02:17:10 24/5/2026,Tập trung,94,52,112922,242063,30775,110050,44061,Nhìn thẳng,Nhìn thẳng,Bình thường
02:17:11 24/5/2026,Tập trung,80,59,92290,249114,33146,134813,44140,Nhìn thẳng,Nhìn thẳng,Bình thường
02:17:12 24/5/2026,Tập trung,89,47,85545,153077,40059,121236,35524,Nhìn thẳng,Nhìn thẳng,Tức giận
02:17:13 24/5/2026,Tập trung,79,52,58011,216099,21942,101111,30728,Quay phải,Liếc xuống,Bình thường
02:17:14 24/5/2026,Tập trung,85,59,66506,218137,47369,66742,24848,Nhìn thẳng,Nhìn thẳng,Bình thường
02:17:15 24/5/2026,Tập trung,82,55,88095,142183,50228,52950,37593,Nhìn thẳng,Nhìn thẳng,Bình thường
02:17:16 24/5/2026,Tập trung,81,48,63871,268650,28075,81337,24257,Cúi xuống,Liếc trái,Bình thường
02:17:17 24/5/2026,Tập trung,97,54,103383,243097,36088,126500,27620,Nhìn thẳng,Nhìn thẳng,Bình thường
02:17:18 24/5/2026,Tập trung,88,49,73316,158191,50354,113745,35871,Nhìn thẳng,Nhìn thẳng,Vui vẻ
02:17:19 24/5/2026,Tập trung,87,41,49631,151713,43575,78207,34022,Nhìn thẳng,Nhìn thẳng,Vui vẻ
02:17:20 24/5/2026,Sao nhãng,75,51,83227,208625,49787,96022,35881,Nhìn thẳng,Nhìn thẳng,Bình thường
02:17:21 24/5/2026,Tập trung,90,48,104274,176620,22690,84053,26663,Nhìn thẳng,Nhìn thẳng,Bình thường
02:17:22 24/5/2026,Tập trung,92,40,74043,231847,37336,76597,41111,Nhìn thẳng,Nhìn thẳng,Bình thường
02:17:23 24/5/2026,Tập trung,93,60,47766,190598,69569,131134,33217,Nhìn thẳng,Nhìn thẳng,Bình thường
02:17:24 24/5/2026,Tập trung,92,40,61244,267292,30677,139849,28245,Nhìn thẳng,Nhìn thẳng,Bình thường
02:17:25 24/5/2026,Tập trung,79,55,59056,160740,72351,111545,30228,Nhìn thẳng,Nhìn thẳng,Bình thường
02:17:26 24/5/2026,Sao nhãng,83,53,68853,108836,65093,98573,29869,Nhìn thẳng,Nhìn thẳng,Vui vẻ
02:17:27 24/5/2026,Tập trung,88,55,68208,176131,30229,110648,34346,Nhìn thẳng,Nhìn thẳng,Bình thường
02:17:29 24/5/2026,Tập trung,87,41,106381,261999,50634,116548,22030,Ngẩng lên,Liếc trái,Bình thường
02:17:30 24/5/2026,Tập trung,94,52,55998,136128,77945,77366,36025,Nhìn thẳng,Nhìn thẳng,Bình thường
02:17:31 24/5/2026,Tập trung,80,60,91069,210978,50163,92170,42015,Nhìn thẳng,Nhìn thẳng,Bình thường
02:17:32 24/5/2026,Tập trung,88,43,103250,241411,63083,106394,34555,Nhìn thẳng,Nhìn thẳng,Bình thường
02:17:33 24/5/2026,Sao nhãng,84,46,80291,274055,76129,100935,26349,Nhìn thẳng,Nhìn thẳng,Bình thường
02:17:34 24/5/2026,Tập trung,83,49,105253,186530,51993,113298,26455,Nhìn thẳng,Nhìn thẳng,Tức giận
02:17:35 24/5/2026,Tập trung,86,42,53783,244828,41940,74511,25815,Nhìn thẳng,Nhìn thẳng,Bình thường
02:17:36 24/5/2026,Tập trung,89,44,64641,258521,43820,140746,33987,Nhìn thẳng,Nhìn thẳng,Vui vẻ
02:17:37 24/5/2026,Tập trung,78,45,90628,192201,47076,124212,19885,Nhìn thẳng,Nhìn thẳng,Bình thường
02:17:38 24/5/2026,Tập trung,76,53,89245,202844,62778,111822,20356,Quay phải,Liếc xuống,Bình thường
02:17:39 24/5/2026,Tập trung,94,59,114857,133102,47983,57631,19409,Nhìn thẳng,Nhìn thẳng,Bình thường
02:17:40 24/5/2026,Tập trung,76,60,51258,218654,41864,99377,31334,Nhìn thẳng,Nhìn thẳng,Bình thường
02:17:41 24/5/2026,Tập trung,82,50,106719,167271,36045,134197,26604,Nhìn thẳng,Nhìn thẳng,Bình thường
02:17:42 24/5/2026,Tập trung,87,44,85936,258048,40970,80700,39589,Nhìn thẳng,Nhìn thẳng,Bình thường
02:17:43 24/5/2026,Tập trung,88,42,78058,217167,71687,90913,35919,Nhìn thẳng,Nhìn thẳng,Bình thường
02:17:44 24/5/2026,Tập trung,91,46,75944,223165,37901,68789,26780,Nhìn thẳng,Nhìn thẳng,Bình thường
02:17:45 24/5/2026,Tập trung,97,52,78962,232335,33729,59838,43270,Nhìn thẳng,Nhìn thẳng,Bình thường
02:17:46 24/5/2026,Tập trung,96,47,97029,198152,77933,59765,27034,Nhìn thẳng,Nhìn thẳng,Bình thường
02:17:47 24/5/2026,Tập trung,93,55,84481,188410,50398,80998,35238,Nhìn thẳng,Nhìn thẳng,Vui vẻ
02:17:48 24/5/2026,Tập trung,81,51,81877,227300,41096,95941,23243,Nhìn thẳng,Nhìn thẳng,Bình thường
02:17:49 24/5/2026,Tập trung,83,60,65619,246945,25804,68721,22115,Nhìn thẳng,Nhìn thẳng,Bình thường
02:17:50 24/5/2026,Tập trung,80,53,58748,143388,46200,110034,37618,Nhìn thẳng,Nhìn thẳng,Vui vẻ
02:17:51 24/5/2026,Tập trung,92,41,77760,237386,40744,77294,30395,Nhìn thẳng,Nhìn thẳng,Bình thường
02:17:52 24/5/2026,Tập trung,92,50,115053,218555,48737,107013,37086,Nhìn thẳng,Nhìn thẳng,Bình thường
02:17:53 24/5/2026,Tập trung,97,48,83785,249654,30246,148049,46607,Cúi xuống,Liếc phải,Bình thường
02:17:54 24/5/2026,Tập trung,92,51,107021,250153,74781,66962,47280,Nhìn thẳng,Nhìn thẳng,Tức giận
02:17:55 24/5/2026,Tập trung,88,52,76247,142683,74747,59333,41160,Nhìn thẳng,Nhìn thẳng,Bình thường
02:17:56 24/5/2026,Tập trung,97,60,81896,145214,79445,123354,30273,Nhìn thẳng,Nhìn thẳng,Bình thường
02:17:57 24/5/2026,Tập trung,75,53,67945,157062,46068,67190,29296,Nhìn thẳng,Nhìn thẳng,Bình thường
02:17:58 24/5/2026,Tập trung,80,44,91542,134230,40373,148280,36175,Nhìn thẳng,Nhìn thẳng,Bình thường
02:17:59 24/5/2026,Tập trung,93,52,93807,166954,27526,68143,36240,Nhìn thẳng,Nhìn thẳng,Bình thường
02:18:00 24/5/2026,Tập trung,89,57,111529,201071,61634,89244,37141,Nhìn thẳng,Nhìn thẳng,Bình thường
02:18:01 24/5/2026,Tập trung,76,54,83328,196692,65669,149825,32405,Nhìn thẳng,Nhìn thẳng,Bình thường
02:18:02 24/5/2026,Tập trung,89,53,85221,192374,67166,128332,32382,Nhìn thẳng,Nhìn thẳng,Bình thường
02:18:03 24/5/2026,Tập trung,79,50,70545,177217,73505,108823,47234,Nhìn thẳng,Nhìn thẳng,Bình thường
02:18:04 24/5/2026,Tập trung,95,58,90573,250223,51055,126080,42678,Nhìn thẳng,Nhìn thẳng,Bình thường
02:18:05 24/5/2026,Tập trung,97,42,111170,199095,31293,94034,39995,Nhìn thẳng,Nhìn thẳng,Bình thường
02:18:06 24/5/2026,Tập trung,84,60,82861,151804,75209,76088,35759,Cúi xuống,Liếc xuống,Bình thường
02:18:07 24/5/2026,Tập trung,82,53,93531,203933,69632,84385,31061,Nhìn thẳng,Nhìn thẳng,Vui vẻ
02:18:08 24/5/2026,Tập trung,97,57,55764,139472,44850,104952,45173,Nhìn thẳng,Nhìn thẳng,Bình thường
02:18:09 24/5/2026,Tập trung,80,43,106409,178247,25803,127546,41113,Nhìn thẳng,Nhìn thẳng,Bình thường
02:18:10 24/5/2026,Sao nhãng,86,42,69714,171422,60374,144170,40095,Nhìn thẳng,Nhìn thẳng,Bình thường
02:18:11 24/5/2026,Tập trung,97,42,109246,251603,63550,92282,43148,Nhìn thẳng,Nhìn thẳng,Bình thường
02:18:12 24/5/2026,Tập trung,84,59,113521,196989,66089,133766,29420,Nhìn thẳng,Nhìn thẳng,Vui vẻ
02:18:13 24/5/2026,Tập trung,77,55,63124,135382,55814,60125,37194,Nhìn thẳng,Nhìn thẳng,Bình thường
02:20:04 24/5/2026,Tập trung,96,52,69309,121830,44028,115136,39735,Nhìn thẳng,Nhìn thẳng,Tức giận
02:20:05 24/5/2026,Tập trung,92,57,88800,252810,23023,134465,30489,Nhìn thẳng,Nhìn thẳng,Bình thường
02:20:07 24/5/2026,Tập trung,91,47,86560,231341,44183,85206,41341,Nhìn thẳng,Nhìn thẳng,Bình thường
02:20:08 24/5/2026,Tập trung,77,41,87304,196741,31173,94728,34477,Nhìn thẳng,Nhìn thẳng,Bình thường
02:20:09 24/5/2026,Tập trung,77,48,78645,199067,20393,147582,28121,Quay phải,Liếc phải,Bình thường
02:20:10 24/5/2026,Tập trung,76,50,97258,179164,75768,55292,34564,Nhìn thẳng,Nhìn thẳng,Vui vẻ
02:20:11 24/5/2026,Tập trung,80,41,62167,189141,76581,146605,16950,Nhìn thẳng,Nhìn thẳng,Vui vẻ
02:20:12 24/5/2026,Tập trung,96,60,46924,240587,56522,69703,28436,Nhìn thẳng,Nhìn thẳng,Bình thường
02:20:13 24/5/2026,Tập trung,77,50,58212,217587,47902,77671,37735,Nhìn thẳng,Nhìn thẳng,Bình thường
02:20:14 24/5/2026,Tập trung,81,52,104196,199009,61764,100426,36733,Nhìn thẳng,Nhìn thẳng,Bình thường
02:20:15 24/5/2026,Tập trung,84,46,59679,132815,29398,72451,33785,Nhìn thẳng,Nhìn thẳng,Bình thường
02:20:16 24/5/2026,Tập trung,78,57,97940,159114,41063,121440,29897,Nhìn thẳng,Nhìn thẳng,Bình thường
02:20:17 24/5/2026,Tập trung,91,53,55123,262768,45996,90960,36525,Nhìn thẳng,Nhìn thẳng,Vui vẻ
02:20:18 24/5/2026,Tập trung,78,58,82833,173391,44310,118888,39421,Nhìn thẳng,Nhìn thẳng,Bình thường
02:20:19 24/5/2026,Tập trung,82,54,70300,126342,46056,113357,37209,Nhìn thẳng,Nhìn thẳng,Bình thường
02:20:20 24/5/2026,Tập trung,96,55,76113,217080,72539,91103,44317,Nhìn thẳng,Nhìn thẳng,Bình thường
02:20:21 24/5/2026,Tập trung,78,41,66748,173399,67580,93364,34705,Nhìn thẳng,Nhìn thẳng,Vui vẻ
02:20:22 24/5/2026,Tập trung,81,47,71001,135961,77406,125309,32304,Cúi xuống,Liếc lên,Bình thường
02:20:23 24/5/2026,Tập trung,91,48,109384,191266,61571,67185,22887,Nhìn thẳng,Nhìn thẳng,Bình thường
02:20:24 24/5/2026,Tập trung,77,53,61224,148495,71503,131405,33213,Nhìn thẳng,Nhìn thẳng,Vui vẻ
02:20:25 24/5/2026,Tập trung,91,51,68500,206487,55793,62669,24399,Nhìn thẳng,Nhìn thẳng,Bình thường
02:20:26 24/5/2026,Tập trung,93,40,53431,143014,22109,77814,35954,Quay trái,Liếc xuống,Bình thường
02:20:27 24/5/2026,Tập trung,78,56,74277,210529,58379,109154,44803,Nhìn thẳng,Nhìn thẳng,Tức giận
02:20:28 24/5/2026,Tập trung,76,60,77047,248115,59488,52126,36349,Nhìn thẳng,Nhìn thẳng,Bình thường
02:20:29 24/5/2026,Tập trung,87,56,104500,132180,77514,50215,43849,Nhìn thẳng,Nhìn thẳng,Vui vẻ
02:20:30 24/5/2026,Tập trung,94,52,87414,133316,43556,75132,28599,Nhìn thẳng,Nhìn thẳng,Bình thường
02:20:31 24/5/2026,Tập trung,98,42,64969,179844,36652,98896,40386,Nhìn thẳng,Nhìn thẳng,Bình thường
02:20:32 24/5/2026,Tập trung,94,46,85575,237478,77478,130032,35673,Nhìn thẳng,Nhìn thẳng,Bình thường
02:20:33 24/5/2026,Tập trung,84,46,60030,191429,56406,55133,36448,Nhìn thẳng,Nhìn thẳng,Bình thường
02:20:34 24/5/2026,Tập trung,75,45,68548,249549,74607,89054,37373,Nhìn thẳng,Nhìn thẳng,Bình thường
02:20:35 24/5/2026,Tập trung,90,44,60958,264327,53497,114582,34821,Nhìn thẳng,Nhìn thẳng,Bình thường
02:20:36 24/5/2026,Tập trung,89,56,98189,196107,58338,100083,31718,Nhìn thẳng,Nhìn thẳng,Bình thường
02:20:37 24/5/2026,Tập trung,86,48,79782,223038,44149,110840,25015,Nhìn thẳng,Nhìn thẳng,Bình thường
02:20:38 24/5/2026,Tập trung,86,45,86614,111216,42128,114333,36784,Nhìn thẳng,Nhìn thẳng,Bình thường
02:20:39 24/5/2026,Tập trung,98,47,62056,168636,65680,115864,29012,Cúi xuống,Liếc xuống,Bình thường
02:20:40 24/5/2026,Tập trung,95,54,85949,255082,65993,136348,46229,Nhìn thẳng,Nhìn thẳng,Bình thường
02:20:41 24/5/2026,Tập trung,87,49,107750,161311,34596,145215,28881,Nhìn thẳng,Nhìn thẳng,Bình thường
02:20:42 24/5/2026,Tập trung,83,50,85100,218617,74921,114003,40313,Ngẩng lên,Liếc lên,Bình thường
02:20:43 24/5/2026,Tập trung,91,53,63915,113738,59064,58444,36859,Nhìn thẳng,Nhìn thẳng,Bình thường
02:20:44 24/5/2026,Tập trung,91,40,83618,232546,39313,72120,43990,Nhìn thẳng,Nhìn thẳng,Vui vẻ
02:20:45 24/5/2026,Tập trung,87,53,91587,134999,54576,107373,34307,Nhìn thẳng,Nhìn thẳng,Bình thường
02:20:46 24/5/2026,Tập trung,89,59,104839,207634,60721,136128,46080,Nhìn thẳng,Nhìn thẳng,Tức giận
02:20:47 24/5/2026,Tập trung,90,59,88429,129493,74526,63667,24984,Nhìn thẳng,Nhìn thẳng,Bình thường
02:20:48 24/5/2026,Tập trung,80,41,82098,178019,70581,83667,33481,Nhìn thẳng,Nhìn thẳng,Bình thường
02:20:49 24/5/2026,Tập trung,85,60,82756,234824,24449,141997,23786,Nhìn thẳng,Nhìn thẳng,Vui vẻ
02:20:51 24/5/2026,Tập trung,98,54,72266,230490,36179,144299,41114,Nhìn thẳng,Nhìn thẳng,Bình thường
02:20:52 24/5/2026,Tập trung,80,40,93274,208051,64063,94603,35986,Nhìn thẳng,Nhìn thẳng,Bình thường
02:20:53 24/5/2026,Tập trung,78,55,71044,205979,26675,100070,34437,Nhìn thẳng,Nhìn thẳng,Bình thường
02:20:54 24/5/2026,Tập trung,98,51,73598,170967,62407,117244,29081,Nhìn thẳng,Nhìn thẳng,Bình thường
02:20:55 24/5/2026,Tập trung,96,46,97326,239273,32440,67534,34933,Nhìn thẳng,Nhìn thẳng,Bình thường
02:20:56 24/5/2026,Tập trung,83,46,89084,234614,69259,50005,27973,Nhìn thẳng,Nhìn thẳng,Bình thường
02:20:57 24/5/2026,Tập trung,97,60,85258,184925,75605,124155,26537,Nhìn thẳng,Nhìn thẳng,Bình thường
02:20:58 24/5/2026,Tập trung,84,56,96435,170326,58741,57256,35645,Nhìn thẳng,Nhìn thẳng,Bình thường
02:20:59 24/5/2026,Tập trung,94,43,100495,202636,59577,56471,41043,Nhìn thẳng,Nhìn thẳng,Bình thường
02:21:00 24/5/2026,Tập trung,82,55,98301,212846,53165,105896,23876,Nhìn thẳng,Nhìn thẳng,Bình thường
02:21:01 24/5/2026,Tập trung,84,47,80752,145248,59712,94135,33507,Nhìn thẳng,Nhìn thẳng,Bình thường
02:21:02 24/5/2026,Tập trung,97,48,76817,209631,22170,140262,42865,Nhìn thẳng,Nhìn thẳng,Vui vẻ
02:21:03 24/5/2026,Tập trung,96,42,67901,226878,47814,107684,30933,Nhìn thẳng,Nhìn thẳng,Bình thường
02:21:04 24/5/2026,Tập trung,82,54,80069,169719,20674,139190,36539,Nhìn thẳng,Nhìn thẳng,Bình thường
02:21:05 24/5/2026,Tập trung,97,57,103074,203734,32350,121812,41394,Nhìn thẳng,Nhìn thẳng,Bình thường
02:21:06 24/5/2026,Tập trung,83,51,71491,186319,74375,78964,47230,Nhìn thẳng,Nhìn thẳng,Bình thường
02:21:07 24/5/2026,Tập trung,85,48,69209,110111,74614,98368,25616,Nhìn thẳng,Nhìn thẳng,Tức giận
02:21:08 24/5/2026,Tập trung,91,45,76726,254831,37564,84428,21495,Nhìn thẳng,Nhìn thẳng,Bình thường
02:21:09 24/5/2026,Tập trung,96,43,67605,215876,56327,127275,41330,Nhìn thẳng,Nhìn thẳng,Bình thường
02:21:10 24/5/2026,Tập trung,94,52,83523,254351,77006,74910,20457,Nhìn thẳng,Nhìn thẳng,Vui vẻ
02:21:11 24/5/2026,Tập trung,93,56,83447,175068,25874,103517,35929,Ngẩng lên,Liếc trái,Bình thường
02:21:12 24/5/2026,Tập trung,89,49,59566,199189,25515,105328,26521,Nhìn thẳng,Nhìn thẳng,Bình thường
02:21:13 24/5/2026,Tập trung,86,53,95027,198659,24170,50686,32285,Nhìn thẳng,Nhìn thẳng,Bình thường
02:21:14 24/5/2026,Tập trung,84,55,94141,135218,37852,59264,25776,Nhìn thẳng,Nhìn thẳng,Bình thường
02:21:15 24/5/2026,Tập trung,81,57,86845,268812,73934,94221,27121,Nhìn thẳng,Nhìn thẳng,Bình thường
02:21:16 24/5/2026,Tập trung,96,48,89933,245726,33659,133408,35358,Nhìn thẳng,Nhìn thẳng,Vui vẻ
02:21:17 24/5/2026,Tập trung,94,48,103641,169784,50668,80774,29835,Nhìn thẳng,Nhìn thẳng,Vui vẻ
02:21:18 24/5/2026,Tập trung,79,43,82217,206788,52205,104683,37821,Nhìn thẳng,Nhìn thẳng,Bình thường
02:21:19 24/5/2026,Tập trung,81,58,92419,254356,31727,129834,38255,Nhìn thẳng,Nhìn thẳng,Bình thường
02:21:20 24/5/2026,Tập trung,88,59,84609,162773,70260,86971,30016,Nhìn thẳng,Nhìn thẳng,Bình thường
02:21:21 24/5/2026,Tập trung,98,40,96858,209583,38227,140036,38665,Ngẩng lên,Liếc phải,Bình thường
02:21:22 24/5/2026,Tập trung,85,55,60528,281270,71859,138429,33103,Nhìn thẳng,Nhìn thẳng,Bình thường
02:21:23 24/5/2026,Tập trung,83,53,91883,207332,43238,72953,27624,Nhìn thẳng,Nhìn thẳng,Bình thường
02:21:24 24/5/2026,Tập trung,76,42,108356,148163,51317,82948,29188,Nhìn thẳng,Nhìn thẳng,Bình thường
02:21:25 24/5/2026,Tập trung,91,45,95206,261318,75179,58301,26941,Nhìn thẳng,Nhìn thẳng,Vui vẻ
02:21:26 24/5/2026,Tập trung,91,40,114674,241361,34245,74416,27515,Nhìn thẳng,Nhìn thẳng,Bình thường
02:21:27 24/5/2026,Tập trung,83,58,76000,271333,75219,76228,36386,Nhìn thẳng,Nhìn thẳng,Bình thường
02:21:28 24/5/2026,Tập trung,95,46,75473,183029,27289,103717,29595,Nhìn thẳng,Nhìn thẳng,Tức giận
02:21:29 24/5/2026,Tập trung,89,51,59255,176582,70810,144490,22368,Nhìn thẳng,Nhìn thẳng,Bình thường
02:21:30 24/5/2026,Tập trung,76,54,67737,247846,64560,117653,23704,Quay phải,Liếc trái,Bình thường
02:21:31 24/5/2026,Tập trung,88,49,59136,163543,29300,147321,36261,Nhìn thẳng,Nhìn thẳng,Bình thường
02:21:32 24/5/2026,Tập trung,91,57,109216,259780,73263,113637,25582,Nhìn thẳng,Nhìn thẳng,Bình thường
02:21:33 24/5/2026,Tập trung,90,40,111277,201453,54330,56762,40979,Nhìn thẳng,Nhìn thẳng,Bình thường
02:21:34 24/5/2026,Tập trung,76,53,112245,240469,45064,110897,18522,Nhìn thẳng,Nhìn thẳng,Bình thường
02:21:35 24/5/2026,Tập trung,93,44,83262,278505,22796,59105,21973,Nhìn thẳng,Nhìn thẳng,Bình thường
02:21:36 24/5/2026,Tập trung,85,49,82850,284716,60175,92664,36907,Nhìn thẳng,Nhìn thẳng,Vui vẻ
02:21:37 24/5/2026,Tập trung,83,53,56635,238714,66934,69139,41374,Nhìn thẳng,Nhìn thẳng,Bình thường
02:21:38 24/5/2026,Tập trung,81,57,91539,200390,22802,109849,39488,Nhìn thẳng,Nhìn thẳng,Bình thường
02:21:39 24/5/2026,Tập trung,92,53,64740,281680,24932,83594,28312,Nhìn thẳng,Nhìn thẳng,Bình thường
02:21:40 24/5/2026,Tập trung,83,40,71716,175959,33820,70534,47822,Nhìn thẳng,Nhìn thẳng,Bình thường
02:21:41 24/5/2026,Tập trung,90,60,100077,153520,56725,132786,24664,Nhìn thẳng,Nhìn thẳng,Bình thường
02:21:42 24/5/2026,Tập trung,86,48,94725,176193,54008,111119,40666,Cúi xuống,Liếc trái,Bình thường
02:21:43 24/5/2026,Tập trung,84,43,81043,143414,62376,107363,19188,Cúi xuống,Liếc xuống,Bình thường
02:21:44 24/5/2026,Tập trung,82,59,76865,238699,45901,62139,32278,Nhìn thẳng,Nhìn thẳng,Bình thường
02:21:45 24/5/2026,Tập trung,77,53,103362,187470,53462,119567,36887,Nhìn thẳng,Nhìn thẳng,Vui vẻ
02:21:47 24/5/2026,Tập trung,98,44,72838,208565,71760,65290,49459,Nhìn thẳng,Nhìn thẳng,Bình thường
02:21:48 24/5/2026,Tập trung,77,43,88577,245881,55571,115153,17321,Nhìn thẳng,Nhìn thẳng,Vui vẻ
02:21:49 24/5/2026,Tập trung,94,45,43609,199326,29190,131402,28651,Nhìn thẳng,Nhìn thẳng,Tức giận
02:21:50 24/5/2026,Tập trung,98,56,67840,179436,66411,148399,33042,Nhìn thẳng,Nhìn thẳng,Bình thường
02:21:51 24/5/2026,Tập trung,83,52,83138,209401,20704,65223,33065,Quay trái,Liếc trái,Bình thường
02:21:52 24/5/2026,Tập trung,95,60,89213,249893,66409,120756,36172,Nhìn thẳng,Nhìn thẳng,Bình thường
02:21:53 24/5/2026,Tập trung,93,47,80402,153340,68372,72924,40500,Nhìn thẳng,Nhìn thẳng,Vui vẻ
02:21:54 24/5/2026,Tập trung,77,58,96882,115367,25762,140675,31263,Nhìn thẳng,Nhìn thẳng,Vui vẻ
02:21:55 24/5/2026,Sao nhãng,86,40,52779,248771,20902,66446,25545,Nhìn thẳng,Nhìn thẳng,Bình thường
02:21:56 24/5/2026,Tập trung,77,42,47967,186785,45676,120549,39760,Nhìn thẳng,Nhìn thẳng,Bình thường
02:21:57 24/5/2026,Tập trung,94,53,84345,165606,42624,136369,30546,Nhìn thẳng,Nhìn thẳng,Bình thường
02:21:58 24/5/2026,Tập trung,82,45,88781,249590,21297,80941,38009,Nhìn thẳng,Nhìn thẳng,Bình thường
02:21:59 24/5/2026,Tập trung,91,50,58095,180718,59308,59672,17330,Nhìn thẳng,Nhìn thẳng,Bình thường
02:22:00 24/5/2026,Tập trung,78,55,68290,227991,46387,117310,35400,Nhìn thẳng,Nhìn thẳng,Bình thường
02:22:01 24/5/2026,Tập trung,88,45,85681,183007,44659,50363,37181,Nhìn thẳng,Nhìn thẳng,Bình thường
02:22:02 24/5/2026,Tập trung,97,55,74849,225979,40051,114162,26891,Nhìn thẳng,Nhìn thẳng,Bình thường
02:22:03 24/5/2026,Tập trung,83,43,105349,134928,75918,85778,17721,Nhìn thẳng,Nhìn thẳng,Bình thường
02:22:09 24/5/2026,Tập trung,77,41,71238,223145,27851,108730,28125,Nhìn thẳng,Nhìn thẳng,Bình thường
02:22:10 24/5/2026,Tập trung,77,42,86369,197151,46311,53102,34822,Nhìn thẳng,Nhìn thẳng,Vui vẻ
02:22:11 24/5/2026,Tập trung,95,57,101875,176342,55836,149864,20943,Nhìn thẳng,Nhìn thẳng,Bình thường
02:22:12 24/5/2026,Tập trung,78,49,77399,228259,71187,111458,30474,Nhìn thẳng,Nhìn thẳng,Bình thường
02:22:13 24/5/2026,Tập trung,89,42,88352,144608,31153,108401,32511,Nhìn thẳng,Nhìn thẳng,Vui vẻ
02:22:14 24/5/2026,Tập trung,84,42,77988,159030,73531,76112,42875,Ngẩng lên,Liếc lên,Bình thường
02:22:15 24/5/2026,Tập trung,90,49,88580,231981,71763,108225,31598,Nhìn thẳng,Nhìn thẳng,Bình thường
02:22:16 24/5/2026,Tập trung,90,48,76970,224845,37133,132667,27204,Nhìn thẳng,Nhìn thẳng,Vui vẻ
02:22:17 24/5/2026,Tập trung,95,55,74943,196670,30910,81966,21294,Nhìn thẳng,Nhìn thẳng,Tức giận
02:22:18 24/5/2026,Tập trung,87,43,82896,123164,53266,136938,45889,Quay phải,Liếc trái,Bình thường
02:22:19 24/5/2026,Tập trung,90,47,80028,240381,63072,97383,41509,Nhìn thẳng,Nhìn thẳng,Bình thường
02:22:20 24/5/2026,Tập trung,92,41,80842,184997,29088,93699,24116,Nhìn thẳng,Nhìn thẳng,Bình thường
02:22:21 24/5/2026,Tập trung,95,43,99232,277507,55725,77708,20595,Nhìn thẳng,Nhìn thẳng,Bình thường
02:22:22 24/5/2026,Tập trung,91,48,70957,244397,35753,107807,27342,Quay trái,Liếc trái,Bình thường
02:22:23 24/5/2026,Tập trung,76,42,50542,287705,46549,50471,39841,Nhìn thẳng,Nhìn thẳng,Vui vẻ
02:22:24 24/5/2026,Tập trung,75,45,96928,188276,46116,55297,32379,Nhìn thẳng,Nhìn thẳng,Vui vẻ
02:22:25 24/5/2026,Tập trung,97,49,88592,114918,24036,74028,36104,Nhìn thẳng,Nhìn thẳng,Vui vẻ
02:22:26 24/5/2026,Tập trung,97,57,87210,193779,79898,122231,28824,Ngẩng lên,Liếc trái,Bình thường
02:22:27 24/5/2026,Tập trung,92,58,85629,261372,68308,143600,33150,Nhìn thẳng,Nhìn thẳng,Bình thường
02:22:28 24/5/2026,Tập trung,78,47,84063,172822,23145,81525,35697,Nhìn thẳng,Nhìn thẳng,Bình thường
02:22:29 24/5/2026,Tập trung,78,41,53108,161494,50976,131686,33723,Nhìn thẳng,Nhìn thẳng,Bình thường
02:22:30 24/5/2026,Tập trung,75,59,81827,295762,60859,146156,31960,Nhìn thẳng,Nhìn thẳng,Bình thường
02:22:31 24/5/2026,Tập trung,76,60,62946,246032,76874,52680,25826,Nhìn thẳng,Nhìn thẳng,Bình thường
02:22:32 24/5/2026,Tập trung,96,49,83761,155455,56720,98884,31055,Nhìn thẳng,Nhìn thẳng,Bình thường
02:22:34 24/5/2026,Tập trung,90,60,78362,172561,38723,149983,40200,Nhìn thẳng,Nhìn thẳng,Bình thường
02:22:35 24/5/2026,Tập trung,84,42,48562,155671,36196,139001,45860,Nhìn thẳng,Nhìn thẳng,Bình thường
02:22:36 24/5/2026,Tập trung,88,41,98173,207562,57701,73736,28337,Nhìn thẳng,Nhìn thẳng,Vui vẻ
02:22:37 24/5/2026,Tập trung,82,52,52875,200580,58906,99082,30427,Nhìn thẳng,Nhìn thẳng,Bình thường
02:22:38 24/5/2026,Tập trung,97,58,69303,211698,54706,105843,32916,Nhìn thẳng,Nhìn thẳng,Bình thường
02:22:39 24/5/2026,Tập trung,85,54,65166,186232,22264,117941,27881,Nhìn thẳng,Nhìn thẳng,Tức giận
02:22:40 24/5/2026,Tập trung,85,43,63179,201278,38400,68766,23036,Nhìn thẳng,Nhìn thẳng,Bình thường
02:22:41 24/5/2026,Tập trung,83,51,88427,143021,21600,121025,29790,Nhìn thẳng,Nhìn thẳng,Bình thường
02:22:42 24/5/2026,Tập trung,75,56,63026,215824,71978,116553,33292,Nhìn thẳng,Nhìn thẳng,Bình thường
02:22:43 24/5/2026,Tập trung,85,56,63850,227564,77292,101450,26995,Nhìn thẳng,Nhìn thẳng,Vui vẻ
02:22:44 24/5/2026,Sao nhãng,80,40,97368,223152,60040,55168,30558,Nhìn thẳng,Nhìn thẳng,Vui vẻ
02:22:45 24/5/2026,Sao nhãng,97,57,78564,112849,34066,67994,20207,Nhìn thẳng,Nhìn thẳng,Bình thường
02:22:46 24/5/2026,Tập trung,86,57,100686,220809,74687,100283,43970,Nhìn thẳng,Nhìn thẳng,Bình thường
02:22:47 24/5/2026,Tập trung,98,41,114709,248135,74534,149840,27378,Quay phải,Liếc phải,Bình thường
02:22:48 24/5/2026,Tập trung,97,52,63052,235545,36896,117671,25707,Nhìn thẳng,Nhìn thẳng,Bình thường
02:22:49 24/5/2026,Tập trung,86,40,102881,178858,78458,131154,42931,Nhìn thẳng,Nhìn thẳng,Bình thường
02:22:50 24/5/2026,Tập trung,91,58,87472,220424,28829,90414,27756,Nhìn thẳng,Nhìn thẳng,Bình thường
02:22:51 24/5/2026,Tập trung,83,53,110102,110191,43880,97807,47047,Nhìn thẳng,Nhìn thẳng,Bình thường
02:22:52 24/5/2026,Tập trung,91,45,97419,177905,74924,78733,49711,Nhìn thẳng,Nhìn thẳng,Bình thường
02:22:53 24/5/2026,Tập trung,98,43,62949,180478,73707,53734,41197,Nhìn thẳng,Nhìn thẳng,Vui vẻ
02:22:54 24/5/2026,Tập trung,79,58,93884,169263,58558,126097,44946,Nhìn thẳng,Nhìn thẳng,Bình thường
02:22:55 24/5/2026,Tập trung,84,50,72002,242324,71227,57778,23380,Nhìn thẳng,Nhìn thẳng,Vui vẻ
02:22:56 24/5/2026,Tập trung,85,57,81161,212667,23513,97803,24423,Nhìn thẳng,Nhìn thẳng,Vui vẻ
02:22:57 24/5/2026,Tập trung,91,59,50354,186424,50065,88252,20005,Nhìn thẳng,Nhìn thẳng,Bình thường
02:22:58 24/5/2026,Tập trung,91,55,87767,218094,71218,116104,48863,Nhìn thẳng,Nhìn thẳng,Bình thường
02:22:59 24/5/2026,Tập trung,96,40,100752,177367,62380,88780,30157,Nhìn thẳng,Nhìn thẳng,Bình thường
02:23:00 24/5/2026,Tập trung,94,55,50687,276117,67591,68838,43913,Nhìn thẳng,Nhìn thẳng,Bình thường
02:23:01 24/5/2026,Tập trung,86,49,65898,150928,26649,56144,25308,Nhìn thẳng,Nhìn thẳng,Bình thường
02:23:02 24/5/2026,Tập trung,90,41,66784,177750,37586,146908,36638,Ngẩng lên,Liếc phải,Vui vẻ
02:23:03 24/5/2026,Tập trung,92,46,80003,193586,32238,99968,32697,Nhìn thẳng,Nhìn thẳng,Tức giận
02:23:04 24/5/2026,Tập trung,76,44,83546,201745,74681,134468,30768,Nhìn thẳng,Nhìn thẳng,Bình thường
02:23:05 24/5/2026,Tập trung,98,58,70708,201830,63427,128661,33218,Nhìn thẳng,Nhìn thẳng,Vui vẻ
02:23:06 24/5/2026,Tập trung,75,40,100823,152710,24851,123956,30940,Nhìn thẳng,Nhìn thẳng,Bình thường
02:23:07 24/5/2026,Tập trung,88,59,95595,125375,34606,126678,23256,Nhìn thẳng,Nhìn thẳng,Vui vẻ
02:23:08 24/5/2026,Tập trung,89,52,102444,207049,61435,135332,25416,Nhìn thẳng,Nhìn thẳng,Vui vẻ
02:23:09 24/5/2026,Tập trung,86,52,93519,230712,49809,112489,27613,Nhìn thẳng,Nhìn thẳng,Bình thường
02:23:10 24/5/2026,Tập trung,87,49,72842,159125,74658,139569,44713,Nhìn thẳng,Nhìn thẳng,Bình thường
02:23:11 24/5/2026,Tập trung,75,44,86653,180069,59506,80795,35608,Nhìn thẳng,Nhìn thẳng,Bình thường
02:23:12 24/5/2026,Tập trung,93,48,83262,174717,32864,133884,37244,Nhìn thẳng,Nhìn thẳng,Bình thường
02:23:13 24/5/2026,Tập trung,75,40,73683,204003,33256,126703,36704,Nhìn thẳng,Nhìn thẳng,Bình thường
02:23:14 24/5/2026,Tập trung,77,57,99536,186481,24243,126590,35988,Ngẩng lên,Liếc xuống,Bình thường
02:23:15 24/5/2026,Sao nhãng,96,58,93716,216483,45686,76339,33138,Nhìn thẳng,Nhìn thẳng,Bình thường
02:23:17 24/5/2026,Tập trung,83,56,52959,238275,33522,132663,35728,Nhìn thẳng,Nhìn thẳng,Bình thường
02:23:18 24/5/2026,Tập trung,80,43,83799,261598,78809,112053,32298,Nhìn thẳng,Nhìn thẳng,Bình thường
02:23:19 24/5/2026,Sao nhãng,90,45,65401,179620,60727,146382,36153,Nhìn thẳng,Nhìn thẳng,Bình thường
02:23:20 24/5/2026,Tập trung,84,58,89020,270435,53088,106503,33640,Nhìn thẳng,Nhìn thẳng,Bình thường
02:23:21 24/5/2026,Tập trung,90,40,86351,176026,21893,147615,28282,Nhìn thẳng,Nhìn thẳng,Bình thường
02:23:22 24/5/2026,Tập trung,86,60,79490,225032,44228,112822,33611,Nhìn thẳng,Nhìn thẳng,Bình thường
02:23:23 24/5/2026,Tập trung,75,59,69176,149365,76243,98838,25660,Nhìn thẳng,Nhìn thẳng,Bình thường
02:23:24 24/5/2026,Tập trung,81,58,98896,175656,38797,80811,20781,Nhìn thẳng,Nhìn thẳng,Tức giận
02:23:25 24/5/2026,Tập trung,87,49,56153,158979,73121,63413,49549,Nhìn thẳng,Nhìn thẳng,Bình thường
02:23:26 24/5/2026,Tập trung,88,48,57568,193325,42373,105884,29665,Nhìn thẳng,Nhìn thẳng,Bình thường
02:23:27 24/5/2026,Tập trung,95,42,58071,159523,78655,138864,40008,Nhìn thẳng,Nhìn thẳng,Bình thường
02:23:28 24/5/2026,Tập trung,90,58,81154,295949,50775,109786,29687,Nhìn thẳng,Nhìn thẳng,Bình thường
02:23:29 24/5/2026,Tập trung,96,52,97430,231812,49240,118243,31846,Nhìn thẳng,Nhìn thẳng,Bình thường
02:23:30 24/5/2026,Tập trung,91,40,74171,167279,38620,55095,30479,Nhìn thẳng,Nhìn thẳng,Bình thường
02:23:31 24/5/2026,Tập trung,78,48,82495,218751,43240,129275,37555,Nhìn thẳng,Nhìn thẳng,Bình thường
02:23:32 24/5/2026,Tập trung,89,40,75758,141937,30523,127399,34618,Cúi xuống,Liếc xuống,Bình thường
02:23:33 24/5/2026,Tập trung,94,44,111172,268447,66793,67225,31814,Nhìn thẳng,Nhìn thẳng,Bình thường
02:23:34 24/5/2026,Tập trung,85,58,67935,162406,21846,120720,36670,Nhìn thẳng,Nhìn thẳng,Bình thường
02:23:35 24/5/2026,Tập trung,82,55,56245,239855,28129,62103,47640,Nhìn thẳng,Nhìn thẳng,Bình thường
02:23:36 24/5/2026,Tập trung,93,57,64369,196419,25755,90524,40770,Nhìn thẳng,Nhìn thẳng,Bình thường
02:23:37 24/5/2026,Tập trung,75,57,76232,187780,40336,111329,39849,Nhìn thẳng,Nhìn thẳng,Bình thường
02:23:38 24/5/2026,Tập trung,96,40,91512,254778,63859,146370,35898,Nhìn thẳng,Nhìn thẳng,Bình thường
02:23:39 24/5/2026,Tập trung,85,57,59468,211606,30299,80113,22528,Quay phải,Liếc xuống,Bình thường
02:23:40 24/5/2026,Tập trung,96,44,71635,170914,71320,82414,27179,Nhìn thẳng,Nhìn thẳng,Bình thường
02:23:41 24/5/2026,Tập trung,88,51,46487,184871,37154,121374,32490,Nhìn thẳng,Nhìn thẳng,Tức giận
02:23:42 24/5/2026,Tập trung,83,44,77987,209225,71711,145028,28610,Nhìn thẳng,Nhìn thẳng,Bình thường
02:23:43 24/5/2026,Tập trung,94,60,66917,192409,66258,61305,30791,Nhìn thẳng,Nhìn thẳng,Bình thường
02:23:44 24/5/2026,Tập trung,86,50,80109,134667,72691,128504,27594,Nhìn thẳng,Nhìn thẳng,Bình thường
02:23:45 24/5/2026,Tập trung,95,55,89146,249595,66491,110561,20697,Nhìn thẳng,Nhìn thẳng,Bình thường
02:23:46 24/5/2026,Tập trung,84,45,58010,138926,46998,74751,27957,Nhìn thẳng,Nhìn thẳng,Bình thường
02:23:47 24/5/2026,Tập trung,94,53,100859,177396,76980,94030,23632,Quay phải,Liếc lên,Bình thường
02:23:48 24/5/2026,Tập trung,92,49,70631,161496,61102,139465,38091,Nhìn thẳng,Nhìn thẳng,Bình thường
02:23:49 24/5/2026,Tập trung,92,57,80414,237183,57202,81187,36313,Nhìn thẳng,Nhìn thẳng,Bình thường
02:23:50 24/5/2026,Tập trung,84,56,59384,242589,42239,149760,38389,Quay trái,Liếc trái,Bình thường
02:23:51 24/5/2026,Tập trung,89,54,73634,238394,66007,85543,31962,Nhìn thẳng,Nhìn thẳng,Bình thường
02:23:52 24/5/2026,Tập trung,79,48,75191,215502,28029,98441,32775,Nhìn thẳng,Nhìn thẳng,Bình thường
02:23:53 24/5/2026,Tập trung,95,57,114585,172510,70958,120008,39812,Nhìn thẳng,Nhìn thẳng,Bình thường
02:23:54 24/5/2026,Tập trung,87,59,81819,218282,63285,129456,29016,Nhìn thẳng,Nhìn thẳng,Bình thường
02:23:55 24/5/2026,Tập trung,91,54,65400,226370,72406,108673,42921,Nhìn thẳng,Nhìn thẳng,Bình thường
02:23:56 24/5/2026,Tập trung,85,55,77659,231952,62557,121267,37525,Nhìn thẳng,Nhìn thẳng,Bình thường
02:23:57 24/5/2026,Tập trung,86,41,84297,230476,25322,78975,47033,Nhìn thẳng,Nhìn thẳng,Bình thường
02:23:58 24/5/2026,Tập trung,77,51,65325,225684,53982,103102,28896,Nhìn thẳng,Nhìn thẳng,Bình thường
02:23:59 24/5/2026,Tập trung,91,45,116581,230649,56984,112392,39520,Nhìn thẳng,Nhìn thẳng,Tức giận
02:24:00 24/5/2026,Tập trung,78,55,90458,128057,40308,56743,37409,Nhìn thẳng,Nhìn thẳng,Bình thường
02:24:02 24/5/2026,Sao nhãng,93,50,85966,237642,39895,120154,36560,Nhìn thẳng,Nhìn thẳng,Bình thường
02:24:03 24/5/2026,Tập trung,98,40,73515,164411,68457,87169,32243,Nhìn thẳng,Nhìn thẳng,Vui vẻ
02:24:04 24/5/2026,Tập trung,98,59,63891,223261,22856,121279,23238,Nhìn thẳng,Nhìn thẳng,Bình thường
02:24:05 24/5/2026,Sao nhãng,96,57,80882,185217,29902,52731,37149,Nhìn thẳng,Nhìn thẳng,Bình thường
02:24:06 24/5/2026,Tập trung,95,57,99590,144010,43706,75935,20032,Cúi xuống,Liếc xuống,Bình thường
02:24:07 24/5/2026,Tập trung,93,45,75112,120516,53879,133825,38024,Nhìn thẳng,Nhìn thẳng,Bình thường
02:24:08 24/5/2026,Tập trung,92,57,79332,131326,44560,147904,25610,Nhìn thẳng,Nhìn thẳng,Bình thường
10:15:15 24/5/2026,Sao nhãng,15,91,64223,15375,626308,558887,3452,Quay trái,Liếc trái,Buồn bã
10:15:16 24/5/2026,Sao nhãng,36,62,38169,10951,518105,712336,2860,Không tìm thấy mặt,Không tìm thấy mắt,Vui vẻ
10:15:17 24/5/2026,Tập trung,20,95,51253,13980,620445,968740,2399,Ngẩng lên,Liếc trái,Buồn bã
10:15:18 24/5/2026,Sao nhãng,25,91,35942,15753,468104,844650,3357,Quay phải,Liếc phải,Buồn bã
10:15:19 24/5/2026,Sao nhãng,34,86,44691,8011,238436,1421730,4591,Quay trái,Liếc trái,Buồn bã
10:15:20 24/5/2026,Sao nhãng,16,64,61311,10067,614868,577087,5600,Quay trái,Liếc trái,Buồn bã
10:15:21 24/5/2026,Sao nhãng,22,62,52678,7085,593758,1490870,2822,Quay trái,Liếc lên,Khó chịu
10:15:23 24/5/2026,Sao nhãng,31,62,31834,5176,747385,1012246,4667,Không tìm thấy mặt,Không tìm thấy mắt,Buồn bã
10:15:24 24/5/2026,Sao nhãng,16,72,48907,11184,241575,817329,3341,Nhìn thẳng,Nhìn thẳng,Khó chịu
10:15:25 24/5/2026,Sao nhãng,32,90,43936,15821,469680,1478081,4538,Quay phải,Liếc xuống,Buồn bã
10:15:26 24/5/2026,Sao nhãng,36,72,48083,9860,208108,925452,4246,Nhìn thẳng,Nhìn thẳng,Buồn bã
10:15:27 24/5/2026,Sao nhãng,25,68,55650,7539,276958,890964,3455,Quay phải,Liếc phải,Khó chịu
10:15:28 24/5/2026,Sao nhãng,32,82,49102,8658,467849,1340854,1907,Quay trái,Liếc trái,Bình thường
10:15:29 24/5/2026,Sao nhãng,24,79,63519,8835,787537,966487,4660,Nhìn thẳng,Nhìn thẳng,Bình thường
10:15:30 24/5/2026,Sao nhãng,34,92,50275,13562,269001,1038640,1980,Không tìm thấy mặt,Không tìm thấy mắt,Buồn bã
10:15:31 24/5/2026,Sao nhãng,32,60,42094,13140,675066,544025,3072,Quay phải,Liếc phải,Buồn bã
10:15:32 24/5/2026,Sao nhãng,17,74,32118,14472,603333,959919,2827,Không tìm thấy mặt,Không tìm thấy mắt,Khó chịu
10:15:33 24/5/2026,Sao nhãng,13,88,78449,10265,694008,1272149,2518,Nhìn thẳng,Nhìn thẳng,Buồn bã
10:15:34 24/5/2026,Sao nhãng,19,91,70840,14165,303514,1228829,1996,Không tìm thấy mặt,Không tìm thấy mắt,Buồn bã
10:15:35 24/5/2026,Sao nhãng,12,69,61554,11219,489781,1317987,1192,Không tìm thấy mặt,Không tìm thấy mắt,Khó chịu
10:15:36 24/5/2026,Sao nhãng,23,75,48810,5773,511911,891840,4396,Quay trái,Liếc trái,Bình thường
10:15:37 24/5/2026,Sao nhãng,11,72,72440,11041,253070,1027389,1877,Quay trái,Liếc trái,Bình thường
10:15:38 24/5/2026,Sao nhãng,26,66,72722,13697,409964,698017,2937,Quay trái,Liếc trái,Buồn bã
10:15:39 24/5/2026,Sao nhãng,22,94,72113,6121,506813,1044257,4816,Không tìm thấy mặt,Không tìm thấy mắt,Buồn bã
10:15:40 24/5/2026,Sao nhãng,18,95,28430,14288,724352,559231,4893,Không tìm thấy mặt,Không tìm thấy mắt,Khó chịu
10:15:41 24/5/2026,Sao nhãng,15,83,45666,10139,620576,1407967,4568,Nhìn thẳng,Nhìn thẳng,Vui vẻ
10:15:42 24/5/2026,Sao nhãng,18,84,47719,8051,607621,1466861,2150,Quay trái,Liếc trái,Buồn bã
10:15:43 24/5/2026,Sao nhãng,34,83,67675,10074,204706,1020563,3739,Không tìm thấy mặt,Không tìm thấy mắt,Buồn bã
10:15:44 24/5/2026,Sao nhãng,22,89,50055,8084,728223,1162587,2977,Nhìn thẳng,Nhìn thẳng,Buồn bã
10:15:45 24/5/2026,Sao nhãng,17,66,45840,11322,624155,1496437,3687,Quay phải,Liếc phải,Buồn bã
10:15:46 24/5/2026,Sao nhãng,28,89,39539,7565,245925,1077706,4292,Quay phải,Liếc phải,Buồn bã
10:15:47 24/5/2026,Sao nhãng,19,61,54342,7783,215822,920981,3537,Không tìm thấy mặt,Không tìm thấy mắt,Khó chịu
10:15:48 24/5/2026,Sao nhãng,26,92,49004,13741,344180,1347937,5222,Quay phải,Liếc phải,Buồn bã
10:15:49 24/5/2026,Sao nhãng,13,95,74007,15783,267339,1112407,2001,Quay phải,Liếc phải,Buồn bã
10:15:50 24/5/2026,Sao nhãng,10,93,69702,19343,688811,618972,3827,Quay phải,Liếc phải,Buồn bã
10:15:51 24/5/2026,Sao nhãng,24,69,43368,7129,449077,1156395,3278,Quay phải,Liếc phải,Buồn bã
10:15:52 24/5/2026,Sao nhãng,37,69,46246,10806,429886,1129041,4420,Quay trái,Liếc trái,Khó chịu
10:15:53 24/5/2026,Sao nhãng,40,74,69794,8775,794926,825776,5466,Quay trái,Liếc trái,Bình thường
10:15:54 24/5/2026,Sao nhãng,37,65,72653,11699,741711,634685,5504,Quay phải,Liếc phải,Buồn bã
10:15:55 24/5/2026,Sao nhãng,40,86,36635,6012,325621,540293,3772,Không tìm thấy mặt,Không tìm thấy mắt,Buồn bã
10:15:56 24/5/2026,Sao nhãng,17,78,23237,14517,354582,941120,3985,Không tìm thấy mặt,Không tìm thấy mắt,Khó chịu
10:15:57 24/5/2026,Sao nhãng,23,72,65602,10440,673794,962356,2527,Nhìn thẳng,Nhìn thẳng,Buồn bã
10:15:58 24/5/2026,Sao nhãng,35,91,51385,9669,758247,1221500,4069,Quay phải,Liếc phải,Buồn bã
10:15:59 24/5/2026,Sao nhãng,36,70,62620,16509,324739,1082170,4575,Quay trái,Liếc trái,Buồn bã
10:16:00 24/5/2026,Sao nhãng,16,70,50683,3965,355416,840033,1577,Không tìm thấy mặt,Không tìm thấy mắt,Buồn bã
10:16:01 24/5/2026,Sao nhãng,40,65,51850,4802,346024,779078,2003,Nhìn thẳng,Nhìn thẳng,Bình thường
10:16:02 24/5/2026,Sao nhãng,19,92,44085,13497,665665,1239240,5614,Nhìn thẳng,Nhìn thẳng,Khó chịu
10:16:03 24/5/2026,Sao nhãng,33,90,69087,9581,471268,601374,4991,Không tìm thấy mặt,Không tìm thấy mắt,Buồn bã
10:16:04 24/5/2026,Sao nhãng,29,78,41883,8586,593746,1060504,3270,Ngẩng lên,Liếc trái,Khó chịu
10:16:05 24/5/2026,Sao nhãng,12,73,33310,11425,592519,785480,4167,Không tìm thấy mặt,Không tìm thấy mắt,Buồn bã
10:16:06 24/5/2026,Sao nhãng,35,70,51119,7332,244114,983796,1503,Nhìn thẳng,Nhìn thẳng,Buồn bã
10:16:07 24/5/2026,Sao nhãng,28,69,61606,17621,397861,686897,2478,Không tìm thấy mặt,Không tìm thấy mắt,Bình thường
10:16:08 24/5/2026,Sao nhãng,23,85,45693,5215,787669,1263627,4581,Không tìm thấy mặt,Không tìm thấy mắt,Bình thường
10:16:09 24/5/2026,Tập trung,39,90,32056,13011,643071,863312,4573,Quay phải,Liếc xuống,Vui vẻ
10:16:10 24/5/2026,Sao nhãng,19,69,49807,6710,365399,629634,3328,Không tìm thấy mặt,Không tìm thấy mắt,Buồn bã
10:16:11 24/5/2026,Sao nhãng,36,73,36948,15983,451180,779453,3125,Quay phải,Liếc phải,Bình thường
10:16:12 24/5/2026,Sao nhãng,15,79,59619,12231,658504,648828,3282,Không tìm thấy mặt,Không tìm thấy mắt,Khó chịu
10:16:13 24/5/2026,Sao nhãng,11,65,38534,10856,704484,579408,2088,Không tìm thấy mặt,Không tìm thấy mắt,Buồn bã
10:16:14 24/5/2026,Sao nhãng,24,80,58541,8296,298087,820529,4013,Quay phải,Liếc phải,Khó chịu
10:16:15 24/5/2026,Sao nhãng,17,71,52705,9632,421467,695501,1349,Quay phải,Liếc phải,Buồn bã
10:16:16 24/5/2026,Sao nhãng,32,65,60556,18537,293908,1059676,4283,Quay phải,Liếc phải,Khó chịu
10:16:17 24/5/2026,Sao nhãng,24,85,62464,3388,636336,1076445,3477,Quay phải,Liếc phải,Buồn bã
10:16:18 24/5/2026,Sao nhãng,20,86,69968,6301,347427,757394,4289,Quay trái,Liếc trái,Bình thường
10:16:19 24/5/2026,Sao nhãng,23,68,39550,12384,362314,1418156,4233,Quay phải,Liếc phải,Buồn bã
10:16:21 24/5/2026,Sao nhãng,40,70,33011,10411,283877,511296,3979,Ngẩng lên,Liếc trái,Khó chịu
10:16:22 24/5/2026,Sao nhãng,19,60,76202,13267,758774,755149,4841,Nhìn thẳng,Nhìn thẳng,Buồn bã
10:16:23 24/5/2026,Sao nhãng,39,74,58962,13283,464030,1346749,3600,Nhìn thẳng,Nhìn thẳng,Bình thường
10:16:24 24/5/2026,Sao nhãng,34,62,52525,8920,635235,980811,4010,Không tìm thấy mặt,Không tìm thấy mắt,Buồn bã
10:16:25 24/5/2026,Tập trung,16,64,52386,16135,344726,1379834,3472,Quay trái,Liếc lên,Buồn bã
10:16:26 24/5/2026,Sao nhãng,29,72,48754,15948,286285,1369985,2810,Quay trái,Liếc trái,Buồn bã
10:16:27 24/5/2026,Sao nhãng,22,88,43157,9771,231267,947615,5169,Quay phải,Liếc phải,Khó chịu
10:16:28 24/5/2026,Tập trung,14,76,44221,5816,221672,1078721,3575,Quay phải,Liếc xuống,Bình thường
10:16:29 24/5/2026,Sao nhãng,10,86,36728,7960,420240,1260054,2665,Nhìn thẳng,Nhìn thẳng,Buồn bã
10:16:30 24/5/2026,Sao nhãng,24,91,46378,6125,659337,656658,2155,Quay trái,Liếc trái,Khó chịu
10:16:31 24/5/2026,Sao nhãng,34,63,60239,6389,794622,1201766,4248,Không tìm thấy mặt,Không tìm thấy mắt,Bình thường
10:16:32 24/5/2026,Sao nhãng,22,64,54986,16748,204488,1499396,3493,Không tìm thấy mặt,Không tìm thấy mắt,Buồn bã
10:16:33 24/5/2026,Sao nhãng,30,77,38165,14125,224835,732055,5104,Không tìm thấy mặt,Không tìm thấy mắt,Buồn bã
10:16:34 24/5/2026,Sao nhãng,30,72,39877,12263,305414,1376202,4448,Nhìn thẳng,Nhìn thẳng,Vui vẻ
10:16:35 24/5/2026,Sao nhãng,36,64,68589,8711,753782,1145437,3109,Ngẩng lên,Liếc trái,Buồn bã
10:16:36 24/5/2026,Sao nhãng,26,83,49231,15955,631288,1300972,3951,Quay phải,Liếc phải,Buồn bã
10:16:37 24/5/2026,Sao nhãng,24,68,59473,17073,779291,609946,2986,Quay trái,Liếc trái,Khó chịu
10:16:38 24/5/2026,Sao nhãng,38,71,36341,3911,484416,1159246,3639,Quay trái,Liếc trái,Bình thường
10:16:39 24/5/2026,Sao nhãng,23,88,47706,11392,261071,693001,3049,Nhìn thẳng,Nhìn thẳng,Buồn bã
10:16:40 24/5/2026,Sao nhãng,35,89,75484,18002,260833,1079111,2828,Không tìm thấy mặt,Không tìm thấy mắt,Khó chịu
10:16:41 24/5/2026,Sao nhãng,20,82,49782,9226,427576,1025111,5240,Không tìm thấy mặt,Không tìm thấy mắt,Bình thường
10:16:42 24/5/2026,Sao nhãng,27,82,76074,8953,745405,1499142,1658,Không tìm thấy mặt,Không tìm thấy mắt,Buồn bã
10:16:43 24/5/2026,Sao nhãng,26,72,33927,7078,416581,1239366,3141,Nhìn thẳng,Nhìn thẳng,Khó chịu
10:16:44 24/5/2026,Sao nhãng,10,65,27279,10859,480454,1495359,3856,Quay phải,Liếc phải,Buồn bã
10:16:45 24/5/2026,Sao nhãng,19,74,65818,13272,713860,1444699,3282,Nhìn thẳng,Nhìn thẳng,Bình thường
10:16:46 24/5/2026,Sao nhãng,30,79,47463,9449,469309,815664,3992,Nhìn thẳng,Nhìn thẳng,Buồn bã
10:16:47 24/5/2026,Sao nhãng,36,77,42849,11587,274957,1325506,3222,Nhìn thẳng,Nhìn thẳng,Khó chịu
10:16:48 24/5/2026,Sao nhãng,36,67,38772,16431,559811,1403396,2867,Quay trái,Liếc trái,Bình thường
10:16:49 24/5/2026,Sao nhãng,25,63,54207,13120,427190,1129796,3292,Quay phải,Liếc phải,Buồn bã
10:16:50 24/5/2026,Sao nhãng,12,67,59781,14140,662453,972501,5843,Không tìm thấy mặt,Không tìm thấy mắt,Khó chịu
10:16:51 24/5/2026,Sao nhãng,56,80,55876,7422,712446,1238450,4195,Quay phải,Liếc phải,Buồn bã
10:16:52 24/5/2026,Sao nhãng,35,90,58331,9650,277293,905929,3446,Quay phải,Liếc phải,Khó chịu
10:16:53 24/5/2026,Sao nhãng,40,69,77215,10675,728923,542659,1740,Nhìn thẳng,Nhìn thẳng,Vui vẻ
10:16:54 24/5/2026,Sao nhãng,31,88,53798,9229,630318,1169939,1734,Nhìn thẳng,Nhìn thẳng,Bình thường
10:16:55 24/5/2026,Sao nhãng,14,65,47037,6750,716233,1082713,4831,Quay phải,Liếc phải,Buồn bã
10:16:56 24/5/2026,Sao nhãng,31,74,46284,9548,466293,958786,3569,Quay trái,Liếc trái,Khó chịu
10:16:57 24/5/2026,Sao nhãng,35,87,45701,14006,313553,1042436,2690,Quay trái,Liếc trái,Buồn bã
10:16:58 24/5/2026,Sao nhãng,34,86,34939,17676,566587,888080,1393,Quay trái,Liếc trái,Khó chịu
10:16:59 24/5/2026,Sao nhãng,70,87,55766,12231,692470,1313022,3648,Không tìm thấy mặt,Không tìm thấy mắt,Bình thường
10:17:00 24/5/2026,Sao nhãng,35,85,48717,14348,265482,964930,4228,Quay phải,Liếc xuống,Buồn bã
10:17:01 24/5/2026,Sao nhãng,18,64,79127,14841,216486,933736,3509,Quay trái,Liếc trái,Buồn bã
10:17:02 24/5/2026,Sao nhãng,30,85,40204,6617,491831,1408840,2652,Nhìn thẳng,Nhìn thẳng,Buồn bã
10:17:03 24/5/2026,Sao nhãng,22,75,52305,6922,503305,993431,5003,Không tìm thấy mặt,Không tìm thấy mắt,Khó chịu
10:17:04 24/5/2026,Sao nhãng,21,80,30439,12361,397584,736716,2985,Quay trái,Liếc trái,Buồn bã
10:17:05 24/5/2026,Sao nhãng,28,70,50204,8987,693901,1167224,3050,Không tìm thấy mặt,Không tìm thấy mắt,Khó chịu
10:17:06 24/5/2026,Sao nhãng,23,64,43565,10880,568693,554422,4093,Cúi xuống,Liếc phải,Buồn bã
10:17:07 24/5/2026,Sao nhãng,36,92,50160,11213,301556,728587,2437,Không tìm thấy mặt,Không tìm thấy mắt,Khó chịu
10:17:08 24/5/2026,Sao nhãng,15,90,26080,6205,242575,1443304,4273,Quay trái,Liếc trái,Buồn bã
10:17:10 24/5/2026,Sao nhãng,32,95,45791,8584,233705,1313053,2381,Quay phải,Liếc xuống,Buồn bã
10:17:11 24/5/2026,Sao nhãng,27,69,39888,14553,226141,1129413,2327,Quay trái,Liếc trái,Khó chịu
10:17:12 24/5/2026,Sao nhãng,35,88,31516,5978,726562,506623,2420,Không tìm thấy mặt,Không tìm thấy mắt,Vui vẻ
10:17:13 24/5/2026,Sao nhãng,24,82,38902,4526,711095,1028015,2495,Quay phải,Liếc phải,Buồn bã
10:17:14 24/5/2026,Sao nhãng,13,88,46627,6647,570209,1157321,4995,Nhìn thẳng,Nhìn thẳng,Bình thường
10:17:15 24/5/2026,Sao nhãng,35,80,40471,17941,521735,1151176,2732,Không tìm thấy mặt,Không tìm thấy mắt,Khó chịu
10:17:18 24/5/2026,Sao nhãng,24,76,63131,11649,549033,1170419,3097,Quay phải,Liếc xuống,Buồn bã
10:17:19 24/5/2026,Tập trung,14,63,30585,4748,702508,1417787,4317,Không tìm thấy mặt,Không tìm thấy mắt,Khó chịu
10:17:20 24/5/2026,Sao nhãng,25,70,75104,3821,387720,1294573,2381,Quay trái,Liếc trái,Bình thường
10:17:21 24/5/2026,Sao nhãng,27,79,53169,11764,518177,1359312,3252,Quay phải,Liếc phải,Buồn bã
10:17:22 24/5/2026,Sao nhãng,12,71,28663,12913,678561,986602,5046,Ngẩng lên,Liếc trái,Khó chịu
10:17:23 24/5/2026,Sao nhãng,23,81,36371,9660,650164,1230613,4785,Quay trái,Liếc trái,Bình thường
10:17:24 24/5/2026,Sao nhãng,39,70,53191,12372,394396,674170,2562,Quay trái,Liếc trái,Bình thường
10:17:25 24/5/2026,Sao nhãng,10,72,55408,11320,540922,911612,4757,Quay trái,Liếc trái,Buồn bã
10:17:26 24/5/2026,Sao nhãng,30,88,32751,4700,725190,815452,3855,Quay trái,Liếc trái,Buồn bã
10:17:27 24/5/2026,Sao nhãng,11,62,50034,6560,789248,907328,2350,Quay phải,Liếc phải,Buồn bã
10:17:28 24/5/2026,Tập trung,10,82,47028,3591,317306,819581,4202,Cúi xuống,Liếc phải,Bình thường
10:17:29 24/5/2026,Sao nhãng,12,68,69469,8417,689015,804772,3398,Nhìn thẳng,Nhìn thẳng,Khó chịu
10:17:30 24/5/2026,Sao nhãng,24,65,64119,13357,461895,1096751,4670,Nhìn thẳng,Nhìn thẳng,Bình thường
10:17:31 24/5/2026,Sao nhãng,17,70,50104,5893,792583,1361582,1992,Quay trái,Liếc trái,Buồn bã
10:17:32 24/5/2026,Sao nhãng,33,80,46552,15405,715111,1213218,5026,Quay trái,Liếc trái,Khó chịu
10:17:33 24/5/2026,Sao nhãng,36,89,44241,7922,575779,1422344,4859,Quay trái,Liếc trái,Buồn bã
10:17:34 24/5/2026,Sao nhãng,27,77,67134,13083,738360,1335705,4278,Quay trái,Liếc trái,Buồn bã
10:17:35 24/5/2026,Sao nhãng,19,78,48578,8006,612506,1145736,2859,Quay phải,Liếc phải,Bình thường
10:17:36 24/5/2026,Sao nhãng,36,93,76883,12514,596479,861906,2426,Nhìn thẳng,Liếc trái,Vui vẻ
10:17:37 24/5/2026,Sao nhãng,37,92,43183,14784,202691,1191330,3625,Nhìn thẳng,Nhìn thẳng,Khó chịu
10:17:38 24/5/2026,Sao nhãng,13,70,49043,3621,558021,501659,3292,Quay trái,Liếc lên,Bình thường
10:17:39 24/5/2026,Sao nhãng,52,94,51487,8325,696647,775357,4138,Nhìn thẳng,Liếc trái,Bình thường
10:17:40 24/5/2026,Sao nhãng,22,74,42268,8334,469498,1196569,4305,Cúi xuống,Liếc phải,Buồn bã
10:17:41 24/5/2026,Sao nhãng,35,81,46882,12052,765442,815329,3050,Không tìm thấy mặt,Không tìm thấy mắt,Buồn bã
10:17:42 24/5/2026,Sao nhãng,25,69,65755,15081,557703,536611,3074,Quay phải,Liếc phải,Bình thường
10:17:43 24/5/2026,Sao nhãng,23,94,53401,11860,745092,1203331,5300,Không tìm thấy mặt,Không tìm thấy mắt,Khó chịu
10:17:44 24/5/2026,Sao nhãng,31,87,32680,11405,407684,773337,4594,Không tìm thấy mặt,Không tìm thấy mắt,Buồn bã
10:17:45 24/5/2026,Sao nhãng,10,75,37843,11809,347118,578385,2966,Nhìn thẳng,Nhìn thẳng,Bình thường
10:17:46 24/5/2026,Sao nhãng,34,63,28642,6565,422094,1480783,3932,Nhìn thẳng,Nhìn thẳng,Buồn bã
10:17:47 24/5/2026,Sao nhãng,33,93,30901,7362,450192,732995,2721,Quay trái,Liếc trái,Khó chịu
10:17:48 24/5/2026,Sao nhãng,31,64,66030,13274,517810,1181917,2142,Quay phải,Liếc phải,Buồn bã
10:17:49 24/5/2026,Sao nhãng,15,93,42130,13245,749092,1141566,3541,Quay trái,Liếc trái,Buồn bã
10:17:50 24/5/2026,Sao nhãng,21,70,42968,15207,603901,552409,3072,Quay phải,Liếc phải,Khó chịu
10:17:51 24/5/2026,Sao nhãng,12,70,67139,4869,489915,872187,4153,Quay phải,Liếc phải,Buồn bã
10:17:52 24/5/2026,Sao nhãng,26,84,44902,14381,656517,1164814,2311,Quay trái,Liếc trái,Khó chịu
10:17:53 24/5/2026,Sao nhãng,20,94,51564,7719,434578,621586,2208,Quay phải,Liếc phải,Buồn bã
10:17:54 24/5/2026,Sao nhãng,23,78,68191,16508,472114,613865,4603,Quay phải,Liếc phải,Khó chịu
10:17:55 24/5/2026,Sao nhãng,22,88,58427,12855,212278,788922,3958,Quay trái,Liếc trái,Bình thường
10:17:56 24/5/2026,Sao nhãng,31,66,49490,10564,474800,593341,3669,Ngẩng lên,Liếc trái,Buồn bã
10:17:57 24/5/2026,Sao nhãng,14,66,41781,17199,772009,1345867,1975,Quay trái,Liếc trái,Buồn bã
10:17:58 24/5/2026,Sao nhãng,13,73,42367,11449,530225,1194823,3694,Quay phải,Liếc phải,Vui vẻ
10:17:59 24/5/2026,Sao nhãng,36,60,54138,12847,255684,1295789,2742,Ngẩng lên,Liếc trái,Buồn bã
10:18:00 24/5/2026,Sao nhãng,34,78,49555,11218,286068,874480,3142,Nhìn thẳng,Nhìn thẳng,Khó chịu
10:18:01 24/5/2026,Sao nhãng,12,65,33379,11135,202470,1270485,4454,Không tìm thấy mặt,Không tìm thấy mắt,Buồn bã
10:18:02 24/5/2026,Sao nhãng,80,78,53558,8998,305184,1164746,5074,Nhìn thẳng,Liếc phải,Bình thường
10:18:03 24/5/2026,Sao nhãng,10,73,56998,10363,396220,934532,3917,Quay trái,Liếc trái,Buồn bã
10:18:04 24/5/2026,Sao nhãng,33,89,46975,10412,473305,965604,3659,Quay phải,Liếc phải,Khó chịu
10:18:05 24/5/2026,Sao nhãng,31,82,50455,13464,712923,1489462,3745,Quay phải,Liếc phải,Buồn bã
10:18:07 24/5/2026,Sao nhãng,21,79,43723,12388,527481,1415075,4094,Nhìn thẳng,Nhìn thẳng,Bình thường
10:18:08 24/5/2026,Sao nhãng,25,66,73902,5583,540444,589703,1259,Quay trái,Liếc trái,Khó chịu
10:18:09 24/5/2026,Sao nhãng,39,84,31078,11311,204325,567787,4202,Nhìn thẳng,Nhìn thẳng,Bình thường
10:18:10 24/5/2026,Sao nhãng,35,95,30607,4587,278914,884430,1385,Nhìn thẳng,Nhìn thẳng,Buồn bã
10:18:11 24/5/2026,Sao nhãng,40,80,29662,4886,542326,1401253,4758,Quay trái,Liếc trái,Khó chịu
10:18:12 24/5/2026,Sao nhãng,28,60,47373,7537,253504,1376871,3371,Quay trái,Liếc trái,Bình thường
10:18:13 24/5/2026,Sao nhãng,38,94,44096,7031,552014,1456835,5831,Quay trái,Liếc trái,Buồn bã
10:18:14 24/5/2026,Sao nhãng,36,63,40832,11329,286391,685339,3328,Nhìn thẳng,Nhìn thẳng,Khó chịu
10:18:15 24/5/2026,Sao nhãng,26,93,27402,10116,290092,554835,5106,Quay trái,Liếc trái,Bình thường
10:18:16 24/5/2026,Sao nhãng,36,73,64212,4993,627525,734863,2077,Quay trái,Liếc trái,Buồn bã
10:18:17 24/5/2026,Sao nhãng,29,76,36780,16338,644871,721440,2363,Không tìm thấy mặt,Không tìm thấy mắt,Buồn bã
10:18:18 24/5/2026,Sao nhãng,25,71,57856,6045,286648,1462445,4129,Quay trái,Liếc trái,Khó chịu
10:18:19 24/5/2026,Sao nhãng,32,64,63730,12401,402803,1440259,2726,Quay trái,Liếc trái,Vui vẻ
10:18:20 24/5/2026,Sao nhãng,12,72,43157,16346,487649,769848,3987,Quay trái,Liếc trái,Bình thường
10:18:21 24/5/2026,Sao nhãng,29,64,37934,13371,619452,1443333,4447,Không tìm thấy mặt,Không tìm thấy mắt,Buồn bã
10:18:22 24/5/2026,Sao nhãng,22,92,39905,8904,524567,1030045,4798,Nhìn thẳng,Nhìn thẳng,Bình thường
10:18:23 24/5/2026,Sao nhãng,10,85,29842,15139,631034,1398255,3661,Không tìm thấy mặt,Không tìm thấy mắt,Buồn bã
10:18:24 24/5/2026,Sao nhãng,22,67,48887,7147,620853,1266498,2258,Nhìn thẳng,Nhìn thẳng,Khó chịu
10:18:25 24/5/2026,Sao nhãng,22,74,54742,9257,461600,1449736,4743,Quay trái,Liếc trái,Buồn bã
10:18:26 24/5/2026,Sao nhãng,17,71,60111,7174,691995,1334861,3018,Không tìm thấy mặt,Không tìm thấy mắt,Buồn bã
10:18:27 24/5/2026,Sao nhãng,29,75,45907,7571,617869,1072971,2051,Nhìn thẳng,Nhìn thẳng,Khó chịu
10:18:28 24/5/2026,Sao nhãng,10,89,26695,10026,483490,801751,3476,Quay trái,Liếc trái,Buồn bã
10:18:29 24/5/2026,Sao nhãng,12,89,61135,15111,605496,1020193,2827,Nhìn thẳng,Nhìn thẳng,Khó chịu
10:18:30 24/5/2026,Sao nhãng,31,76,46955,9786,250131,1293283,5522,Quay trái,Liếc lên,Buồn bã
10:18:31 24/5/2026,Tập trung,37,64,36923,9428,486413,1204045,2690,Quay phải,Liếc xuống,Khó chịu
10:18:32 24/5/2026,Sao nhãng,34,78,38978,11937,343511,673213,3057,Quay trái,Liếc trái,Bình thường
10:18:33 24/5/2026,Sao nhãng,10,87,45193,11058,540866,911261,5001,Quay trái,Liếc trái,Buồn bã
10:18:34 24/5/2026,Sao nhãng,23,77,40156,14680,655875,662099,1429,Ngẩng lên,Liếc lên,Bình thường
10:18:35 24/5/2026,Sao nhãng,39,84,58200,9020,754994,1258675,3386,Không tìm thấy mặt,Không tìm thấy mắt,Buồn bã
10:18:36 24/5/2026,Sao nhãng,35,86,74519,10325,537533,1339876,4366,Nhìn thẳng,Nhìn thẳng,Buồn bã
10:18:37 24/5/2026,Sao nhãng,13,76,29152,12527,743114,1238374,2518,Nhìn thẳng,Nhìn thẳng,Khó chịu
10:18:38 24/5/2026,Sao nhãng,11,72,45104,6612,586393,1469154,3594,Quay phải,Liếc phải,Buồn bã
10:18:39 24/5/2026,Sao nhãng,13,87,57170,10638,286145,695719,2950,Quay phải,Liếc phải,Khó chịu
10:18:40 24/5/2026,Sao nhãng,23,80,33742,12250,464848,810976,4440,Quay phải,Liếc phải,Bình thường
10:18:41 24/5/2026,Sao nhãng,24,75,58332,12293,298634,1355499,3154,Quay trái,Liếc trái,Vui vẻ
10:18:42 24/5/2026,Sao nhãng,30,74,38477,13951,774128,1264691,4544,Nhìn thẳng,Nhìn thẳng,Bình thường
10:18:43 24/5/2026,Sao nhãng,37,80,29161,14169,777666,1078096,5742,Quay trái,Liếc trái,Buồn bã
10:18:44 24/5/2026,Sao nhãng,40,91,35697,14706,413820,1115577,3952,Quay trái,Liếc trái,Khó chịu
10:18:45 24/5/2026,Sao nhãng,13,82,29989,14178,603896,700441,5761,Quay trái,Liếc trái,Buồn bã
10:18:46 24/5/2026,Sao nhãng,17,67,71410,17493,728776,1347547,2070,Không tìm thấy mặt,Không tìm thấy mắt,Buồn bã
10:18:47 24/5/2026,Sao nhãng,35,75,60760,10699,787241,1056530,2717,Quay phải,Liếc phải,Bình thường
10:18:48 24/5/2026,Sao nhãng,36,80,29325,16001,287161,957422,1240,Cúi xuống,Liếc phải,Khó chịu
10:18:49 24/5/2026,Tập trung,37,88,30753,13946,394635,563055,2179,Nhìn thẳng,Nhìn thẳng,Buồn bã
10:18:50 24/5/2026,Sao nhãng,35,95,43573,11010,645592,1275308,4223,Không tìm thấy mặt,Không tìm thấy mắt,Buồn bã
10:18:51 24/5/2026,Sao nhãng,14,82,56902,12645,318810,905109,2766,Quay phải,Liếc phải,Khó chịu
10:18:52 24/5/2026,Sao nhãng,32,91,57836,13830,477301,1159124,2022,Không tìm thấy mặt,Không tìm thấy mắt,Buồn bã
10:18:53 24/5/2026,Sao nhãng,24,67,52968,13955,360031,1192630,2553,Quay phải,Liếc phải,Khó chịu
10:18:54 24/5/2026,Sao nhãng,25,85,45539,10505,416636,610589,3123,Quay trái,Liếc trái,Buồn bã
10:18:56 24/5/2026,Sao nhãng,33,79,64240,11034,705130,798624,4693,Nhìn thẳng,Nhìn thẳng,Khó chịu
10:18:57 24/5/2026,Sao nhãng,15,88,54868,12663,387411,1050839,4221,Nhìn thẳng,Nhìn thẳng,Buồn bã
10:18:58 24/5/2026,Sao nhãng,28,88,42449,15355,469404,1104380,3457,Không tìm thấy mặt,Không tìm thấy mắt,Buồn bã
10:18:59 24/5/2026,Sao nhãng,33,60,36363,12537,609487,1165580,2182,Quay phải,Liếc phải,Khó chịu
10:19:00 24/5/2026,Sao nhãng,36,95,44173,11805,726198,1105384,4999,Quay phải,Liếc phải,Buồn bã
10:19:01 24/5/2026,Sao nhãng,27,88,38210,9855,657381,1451642,5306,Quay phải,Liếc phải,Vui vẻ
10:19:02 24/5/2026,Sao nhãng,35,82,64126,9903,327700,948874,4169,Quay trái,Liếc trái,Buồn bã
10:19:03 24/5/2026,Sao nhãng,10,66,68239,14334,247428,788147,3617,Quay trái,Liếc lên,Buồn bã
10:19:04 24/5/2026,Sao nhãng,37,78,45371,8673,656312,1468605,4488,Quay trái,Liếc trái,Khó chịu
10:19:05 24/5/2026,Sao nhãng,17,60,68045,16468,495824,1308989,3156,Nhìn thẳng,Nhìn thẳng,Buồn bã
10:19:06 24/5/2026,Sao nhãng,17,66,44980,10933,744128,965462,3706,Quay trái,Liếc trái,Khó chịu
10:19:07 24/5/2026,Sao nhãng,19,74,53652,10556,288771,1067482,4453,Không tìm thấy mặt,Không tìm thấy mắt,Buồn bã
10:19:08 24/5/2026,Sao nhãng,21,76,44809,9997,466360,1433763,3559,Quay phải,Liếc phải,Khó chịu
10:19:09 24/5/2026,Sao nhãng,15,75,40695,8019,773757,1434181,4999,Quay phải,Liếc phải,Buồn bã
10:19:10 24/5/2026,Sao nhãng,11,78,66580,10136,706850,1194459,5527,Nhìn thẳng,Nhìn thẳng,Bình thường
10:19:11 24/5/2026,Sao nhãng,30,68,48331,12865,431898,995001,2890,Quay phải,Liếc phải,Buồn bã
10:19:12 24/5/2026,Sao nhãng,21,77,48498,9048,639779,1093243,2131,Quay trái,Liếc trái,Buồn bã
10:19:13 24/5/2026,Sao nhãng,28,81,45961,12656,523051,1034921,3648,Quay trái,Liếc trái,Buồn bã
10:19:14 24/5/2026,Sao nhãng,17,94,52922,12112,423422,1458684,2864,Không tìm thấy mặt,Không tìm thấy mắt,Bình thường
10:19:15 24/5/2026,Sao nhãng,31,89,49868,7275,741312,1441971,3450,Nhìn thẳng,Nhìn thẳng,Khó chịu
10:19:16 24/5/2026,Sao nhãng,25,71,32625,13729,577737,1421220,1760,Quay trái,Liếc trái,Buồn bã
10:20:16 24/5/2026,Sao nhãng,24,86,64101,9833,287530,1291227,3279,Ngẩng lên,Liếc trái,Bình thường
10:20:17 24/5/2026,Sao nhãng,32,76,39224,7280,569592,1215513,3636,Không tìm thấy mặt,Không tìm thấy mắt,Khó chịu
10:20:18 24/5/2026,Sao nhãng,28,66,53675,7942,264273,929834,5274,Quay phải,Liếc phải,Bình thường
10:20:19 24/5/2026,Sao nhãng,11,62,60740,19474,531339,855621,3516,Quay phải,Liếc phải,Bình thường
10:20:20 24/5/2026,Sao nhãng,14,85,38475,10962,584284,1186274,4227,Không tìm thấy mặt,Không tìm thấy mắt,Buồn bã
10:20:21 24/5/2026,Sao nhãng,10,75,60500,17523,251395,1036012,3305,Quay trái,Liếc trái,Buồn bã
10:20:22 24/5/2026,Sao nhãng,19,69,31350,11288,704718,570007,3637,Quay trái,Liếc trái,Bình thường
10:20:23 24/5/2026,Sao nhãng,39,80,50715,17039,366367,1469585,3483,Nhìn thẳng,Nhìn thẳng,Vui vẻ
10:20:24 24/5/2026,Sao nhãng,26,84,66732,14065,629955,683039,4696,Quay trái,Liếc trái,Khó chịu
10:20:25 24/5/2026,Sao nhãng,13,69,46792,16995,381989,830585,3523,Quay phải,Liếc phải,Buồn bã
10:20:26 24/5/2026,Sao nhãng,36,86,43718,16355,514635,1263131,1603,Quay phải,Liếc phải,Buồn bã
10:20:27 24/5/2026,Sao nhãng,24,77,34563,10613,375410,1005070,3186,Không tìm thấy mặt,Không tìm thấy mắt,Buồn bã
10:20:28 24/5/2026,Sao nhãng,34,92,63617,15327,722223,1167135,3946,Ngẩng lên,Liếc lên,Khó chịu
10:20:29 24/5/2026,Sao nhãng,32,66,49396,15230,753618,1250214,3849,Không tìm thấy mặt,Không tìm thấy mắt,Buồn bã
10:20:30 24/5/2026,Sao nhãng,28,77,33188,7991,410980,761930,5447,Nhìn thẳng,Nhìn thẳng,Bình thường
10:20:31 24/5/2026,Sao nhãng,16,63,44558,10841,416808,818143,2119,Nhìn thẳng,Nhìn thẳng,Khó chịu
10:20:32 24/5/2026,Sao nhãng,25,73,53589,5968,659554,844530,4286,Ngẩng lên,Liếc trái,Buồn bã
10:20:33 24/5/2026,Sao nhãng,15,85,63287,4944,762315,1328009,3181,Quay phải,Liếc phải,Buồn bã
10:20:34 24/5/2026,Sao nhãng,14,82,45961,16636,314177,542002,1897,Quay phải,Liếc phải,Buồn bã
10:20:35 24/5/2026,Sao nhãng,28,88,44534,13681,524978,1291885,4395,Ngẩng lên,Liếc trái,Khó chịu
10:20:36 24/5/2026,Sao nhãng,39,66,37521,6619,418866,1116005,3604,Không tìm thấy mặt,Không tìm thấy mắt,Buồn bã
10:20:37 24/5/2026,Sao nhãng,10,86,58676,15228,538196,753115,1801,Không tìm thấy mặt,Không tìm thấy mắt,Buồn bã
10:20:38 24/5/2026,Sao nhãng,31,71,49242,13823,553968,1319571,3006,Quay phải,Liếc phải,Khó chịu
10:20:39 24/5/2026,Sao nhãng,20,78,46375,13499,527206,744332,4220,Quay trái,Liếc trái,Buồn bã
10:20:40 24/5/2026,Sao nhãng,40,89,42510,6434,465485,1282892,4412,Ngẩng lên,Liếc trái,Khó chịu
10:20:41 24/5/2026,Sao nhãng,25,93,54085,10919,447167,933738,3876,Cúi xuống,Liếc phải,Bình thường
10:20:42 24/5/2026,Sao nhãng,35,74,48176,11341,709768,1302147,2632,Không tìm thấy mặt,Không tìm thấy mắt,Buồn bã
10:20:43 24/5/2026,Sao nhãng,19,68,47197,5626,764270,1311567,2020,Quay phải,Liếc phải,Vui vẻ
10:20:44 24/5/2026,Sao nhãng,16,68,49905,13742,243003,1231257,2474,Không tìm thấy mặt,Không tìm thấy mắt,Khó chịu
10:20:45 24/5/2026,Sao nhãng,39,81,49161,12060,387209,1317039,1380,Quay phải,Liếc phải,Buồn bã
10:20:46 24/5/2026,Sao nhãng,39,84,31962,10921,571695,1008520,3255,Nhìn thẳng,Nhìn thẳng,Buồn bã
10:20:47 24/5/2026,Sao nhãng,11,78,55950,8472,502075,936488,3181,Ngẩng lên,Liếc trái,Khó chịu
10:20:49 24/5/2026,Sao nhãng,34,76,44229,14274,697527,568439,2401,Nhìn thẳng,Nhìn thẳng,Buồn bã
10:20:50 24/5/2026,Sao nhãng,39,74,68772,8942,790785,894992,5281,Nhìn thẳng,Nhìn thẳng,Khó chịu
10:20:51 24/5/2026,Sao nhãng,16,89,41962,11771,321601,1112268,1667,Nhìn thẳng,Nhìn thẳng,Bình thường
10:20:52 24/5/2026,Sao nhãng,31,87,41731,10316,527331,667335,4925,Quay trái,Liếc lên,Buồn bã
10:20:53 24/5/2026,Sao nhãng,17,63,41348,8130,782125,976757,3494,Cúi xuống,Liếc phải,Bình thường
10:20:54 24/5/2026,Sao nhãng,31,72,24922,12221,626784,1490512,4217,Quay trái,Liếc trái,Khó chịu
10:20:55 24/5/2026,Sao nhãng,25,62,44214,13683,674252,749859,4835,Nhìn thẳng,Nhìn thẳng,Buồn bã
10:20:56 24/5/2026,Sao nhãng,40,75,45113,8389,300844,940893,4876,Nhìn thẳng,Nhìn thẳng,Khó chịu
10:20:57 24/5/2026,Sao nhãng,65,86,66001,12802,672903,694009,2283,Không tìm thấy mặt,Không tìm thấy mắt,Bình thường
10:20:58 24/5/2026,Sao nhãng,22,79,36697,11896,632941,1331338,2773,Ngẩng lên,Liếc lên,Buồn bã
10:20:59 24/5/2026,Sao nhãng,28,79,48224,11514,264876,863978,1502,Quay trái,Liếc trái,Buồn bã
10:21:00 24/5/2026,Sao nhãng,38,60,56003,14750,746670,1304503,2208,Quay trái,Liếc trái,Buồn bã
10:21:01 24/5/2026,Sao nhãng,19,78,46023,16015,760203,1487944,4741,Quay trái,Liếc trái,Buồn bã
10:21:02 24/5/2026,Sao nhãng,27,95,47100,10882,687857,811977,5117,Không tìm thấy mặt,Không tìm thấy mắt,Khó chịu
10:21:03 24/5/2026,Sao nhãng,26,74,27689,17136,456670,859781,2945,Quay trái,Liếc trái,Vui vẻ
10:21:04 24/5/2026,Sao nhãng,52,92,61022,14173,578352,512322,3584,Nhìn thẳng,Liếc xuống,Buồn bã
10:21:05 24/5/2026,Sao nhãng,13,81,30535,16732,703620,1475190,3972,Quay trái,Liếc trái,Buồn bã
10:21:06 24/5/2026,Sao nhãng,32,80,30998,10580,618961,586423,1847,Quay trái,Liếc lên,Khó chịu
10:21:07 24/5/2026,Sao nhãng,13,82,54131,5733,673932,855012,2912,Nhìn thẳng,Nhìn thẳng,Buồn bã
10:21:08 24/5/2026,Sao nhãng,11,69,38485,11422,651658,916723,2821,Quay phải,Liếc phải,Buồn bã
10:21:09 24/5/2026,Sao nhãng,10,79,53596,16189,422735,671185,2820,Quay trái,Liếc trái,Bình thường
10:21:10 24/5/2026,Sao nhãng,32,86,37916,12784,658123,1187864,4955,Nhìn thẳng,Nhìn thẳng,Khó chịu
10:21:11 24/5/2026,Sao nhãng,21,60,20720,9081,622750,757193,1482,Nhìn thẳng,Nhìn thẳng,Buồn bã
10:21:12 24/5/2026,Sao nhãng,36,60,56471,5267,606204,807613,2955,Ngẩng lên,Liếc trái,Khó chịu
10:21:13 24/5/2026,Sao nhãng,35,79,35852,12923,309143,1189021,2459,Không tìm thấy mặt,Không tìm thấy mắt,Bình thường
10:21:14 24/5/2026,Sao nhãng,38,85,53863,9444,553993,1106267,3068,Không tìm thấy mặt,Không tìm thấy mắt,Bình thường
10:21:15 24/5/2026,Sao nhãng,17,76,49200,12364,770018,1427389,2422,Không tìm thấy mặt,Không tìm thấy mắt,Buồn bã
10:21:16 24/5/2026,Sao nhãng,30,93,39312,15613,222435,663025,3611,Không tìm thấy mặt,Không tìm thấy mắt,Khó chịu
10:21:17 24/5/2026,Sao nhãng,36,66,27088,11208,594504,511781,4362,Quay phải,Liếc phải,Buồn bã
10:21:18 24/5/2026,Sao nhãng,39,62,44726,10370,427012,1090853,4618,Không tìm thấy mặt,Không tìm thấy mắt,Buồn bã
10:21:19 24/5/2026,Sao nhãng,39,62,44726,10370,427012,1090853,4618,Quay phải,Liếc xuống,Khó chịu
10:21:20 24/5/2026,Sao nhãng,20,65,40736,17791,336340,531067,1611,Quay trái,Liếc trái,Buồn bã
10:21:21 24/5/2026,Sao nhãng,21,88,47132,13156,731413,1300561,2229,Quay trái,Liếc trái,Buồn bã
10:21:22 24/5/2026,Sao nhãng,23,90,46573,11577,673192,808627,3843,Không tìm thấy mặt,Không tìm thấy mắt,Khó chịu
10:21:23 24/5/2026,Sao nhãng,12,79,47236,6027,452504,1115882,3877,Nhìn thẳng,Nhìn thẳng,Bình thường
10:21:24 24/5/2026,Sao nhãng,17,68,26151,7219,630746,1348627,4349,Nhìn thẳng,Nhìn thẳng,Vui vẻ
10:21:25 24/5/2026,Sao nhãng,16,68,45246,8275,333093,1008559,2073,Quay phải,Liếc phải,Buồn bã
10:21:26 24/5/2026,Sao nhãng,32,70,47539,13423,453366,1379690,2881,Quay trái,Liếc trái,Khó chịu
10:21:27 24/5/2026,Sao nhãng,18,86,62665,13309,205710,809802,3785,Quay trái,Liếc trái,Buồn bã
10:21:28 24/5/2026,Sao nhãng,26,66,63009,12044,327319,1067416,3228,Quay phải,Liếc phải,Khó chịu
10:21:29 24/5/2026,Sao nhãng,25,66,68028,16284,553689,1337942,2549,Nhìn thẳng,Nhìn thẳng,Buồn bã
10:21:30 24/5/2026,Sao nhãng,37,94,57646,17385,387179,1422797,3746,Không tìm thấy mặt,Không tìm thấy mắt,Buồn bã
10:21:31 24/5/2026,Sao nhãng,33,63,36092,15823,649138,1349114,3659,Quay trái,Liếc trái,Khó chịu
10:21:32 24/5/2026,Sao nhãng,15,94,72149,7005,286634,920018,2488,Không tìm thấy mặt,Không tìm thấy mắt,Buồn bã
10:21:33 24/5/2026,Sao nhãng,29,79,53193,12190,223910,1407814,2701,Không tìm thấy mặt,Không tìm thấy mắt,Buồn bã
10:21:34 24/5/2026,Sao nhãng,40,84,61503,14983,619146,1369763,3180,Quay phải,Liếc phải,Khó chịu
10:21:35 24/5/2026,Sao nhãng,27,94,57658,4854,200145,989540,2950,Quay phải,Liếc phải,Buồn bã
10:21:36 24/5/2026,Sao nhãng,31,87,46045,18252,443454,1238053,2608,Cúi xuống,Liếc phải,Buồn bã
10:21:37 24/5/2026,Sao nhãng,33,73,35949,9143,244557,1426913,3331,Quay phải,Liếc phải,Khó chịu
10:21:38 24/5/2026,Sao nhãng,19,94,29300,13130,577317,1377072,4591,Nhìn thẳng,Nhìn thẳng,Buồn bã
10:21:40 24/5/2026,Sao nhãng,33,61,49456,3337,474837,1391328,3596,Nhìn thẳng,Nhìn thẳng,Buồn bã
10:21:41 24/5/2026,Sao nhãng,35,68,41504,16390,787998,916151,5303,Nhìn thẳng,Nhìn thẳng,Buồn bã
10:21:42 24/5/2026,Sao nhãng,21,81,36933,13361,358622,1300476,2416,Nhìn thẳng,Nhìn thẳng,Vui vẻ
10:21:43 24/5/2026,Sao nhãng,40,90,40834,7859,466729,1295484,4143,Ngẩng lên,Liếc trái,Khó chịu
10:21:44 24/5/2026,Sao nhãng,20,70,53107,16231,498236,1069015,3984,Không tìm thấy mặt,Không tìm thấy mắt,Buồn bã
10:21:45 24/5/2026,Sao nhãng,30,72,40586,7991,727915,689524,4521,Không tìm thấy mặt,Không tìm thấy mắt,Buồn bã
10:21:46 24/5/2026,Sao nhãng,30,71,62748,11861,287549,729701,3127,Nhìn thẳng,Nhìn thẳng,Khó chịu
10:21:47 24/5/2026,Sao nhãng,24,80,47949,8451,636698,1252037,3799,Quay trái,Liếc trái,Buồn bã
10:21:48 24/5/2026,Sao nhãng,40,61,68237,14078,228284,598999,4790,Không tìm thấy mặt,Không tìm thấy mắt,Khó chịu
10:21:49 24/5/2026,Sao nhãng,27,72,52506,6721,231913,561037,2981,Không tìm thấy mặt,Không tìm thấy mắt,Bình thường
10:21:50 24/5/2026,Sao nhãng,12,89,26710,4805,746305,538351,3621,Không tìm thấy mặt,Không tìm thấy mắt,Buồn bã
10:21:51 24/5/2026,Sao nhãng,33,88,35151,15880,781324,1219446,4162,Quay phải,Liếc phải,Khó chịu
10:21:52 24/5/2026,Sao nhãng,23,93,69581,18433,578317,1269393,5063,Nhìn thẳng,Nhìn thẳng,Buồn bã
10:21:53 24/5/2026,Sao nhãng,17,78,46904,17416,533973,1472068,4778,Quay trái,Liếc lên,Buồn bã
10:21:54 24/5/2026,Sao nhãng,32,75,41496,6007,795575,994334,4917,Quay phải,Liếc phải,Khó chịu
10:21:55 24/5/2026,Tập trung,35,73,33589,11346,356781,779663,3330,Không tìm thấy mặt,Không tìm thấy mắt,Bình thường
10:21:56 24/5/2026,Sao nhãng,29,67,38594,10764,515533,606562,4360,Cúi xuống,Liếc phải,Buồn bã
10:21:57 24/5/2026,Sao nhãng,28,71,68399,6589,633514,1264503,3979,Không tìm thấy mặt,Không tìm thấy mắt,Khó chịu
10:21:58 24/5/2026,Sao nhãng,28,64,40989,13102,751532,1435127,3095,Quay trái,Liếc trái,Bình thường
10:21:59 24/5/2026,Sao nhãng,19,90,48817,14764,746480,907983,5431,Quay phải,Liếc xuống,Buồn bã
10:22:00 24/5/2026,Sao nhãng,28,61,45931,9901,617374,1091362,2295,Quay trái,Liếc trái,Buồn bã
10:22:01 24/5/2026,Sao nhãng,15,95,48467,7847,386027,632589,4767,Quay phải,Liếc xuống,Vui vẻ
10:22:02 24/5/2026,Sao nhãng,16,66,50546,10945,577516,927445,4979,Quay trái,Liếc trái,Khó chịu
10:22:03 24/5/2026,Sao nhãng,31,93,46239,14955,679402,1183103,3865,Không tìm thấy mặt,Không tìm thấy mắt,Buồn bã
10:22:04 24/5/2026,Tập trung,22,86,47680,11012,548253,807091,4005,Không tìm thấy mặt,Không tìm thấy mắt,Buồn bã
10:22:05 24/5/2026,Sao nhãng,15,86,47387,16863,279807,1039530,4416,Quay trái,Liếc trái,Khó chịu
10:22:06 24/5/2026,Sao nhãng,17,84,57875,11747,526356,696603,2411,Quay trái,Liếc trái,Buồn bã
10:22:07 24/5/2026,Sao nhãng,26,78,58420,8715,778967,732646,1512,Quay trái,Liếc trái,Bình thường
10:22:08 24/5/2026,Sao nhãng,16,65,65237,10045,668060,637525,3414,Quay trái,Liếc trái,Bình thường
10:22:09 24/5/2026,Sao nhãng,27,77,53070,16076,405170,1152055,2020,Quay trái,Liếc trái,Khó chịu
10:22:10 24/5/2026,Sao nhãng,16,65,62106,6700,551580,1077364,2301,Quay phải,Liếc phải,Buồn bã
10:22:11 24/5/2026,Sao nhãng,14,68,34863,15577,773795,1139886,3689,Quay phải,Liếc phải,Khó chịu
10:22:12 24/5/2026,Sao nhãng,24,77,66668,6166,719172,1253591,3189,Quay phải,Liếc phải,Buồn bã
10:22:13 24/5/2026,Sao nhãng,37,91,38264,10115,634969,971453,3754,Cúi xuống,Liếc phải,Khó chịu
10:22:14 24/5/2026,Sao nhãng,28,83,65519,12614,607553,1324516,1649,Không tìm thấy mặt,Không tìm thấy mắt,Buồn bã
10:24:03 24/5/2026,Tập trung,94,45,83026,154461,53018,124181,34611,Cúi xuống,Liếc lên,Bình thường
10:24:04 24/5/2026,Tập trung,78,60,113417,165545,44235,123950,21866,Nhìn thẳng,Nhìn thẳng,Bình thường
10:24:05 24/5/2026,Tập trung,95,41,72225,135611,67400,92837,21309,Nhìn thẳng,Nhìn thẳng,Bình thường
10:24:06 24/5/2026,Tập trung,93,55,76949,210710,34543,88501,44990,Nhìn thẳng,Nhìn thẳng,Bình thường
10:24:07 24/5/2026,Tập trung,95,48,85483,179902,37784,53237,17540,Nhìn thẳng,Nhìn thẳng,Bình thường
10:24:08 24/5/2026,Tập trung,77,60,51816,246297,49712,87291,38199,Nhìn thẳng,Nhìn thẳng,Bình thường
10:24:09 24/5/2026,Tập trung,81,48,103650,204525,23361,129252,21414,Nhìn thẳng,Nhìn thẳng,Bình thường
10:24:10 24/5/2026,Tập trung,97,50,89123,169167,65608,93535,45579,Nhìn thẳng,Nhìn thẳng,Bình thường
10:24:11 24/5/2026,Tập trung,92,51,87647,223712,48232,139894,28647,Quay phải,Liếc lên,Bình thường
10:24:12 24/5/2026,Tập trung,96,50,73473,204115,32775,63467,26642,Nhìn thẳng,Nhìn thẳng,Tức giận
10:24:13 24/5/2026,Tập trung,98,51,76320,210522,61594,62052,22746,Nhìn thẳng,Nhìn thẳng,Bình thường
10:24:14 24/5/2026,Tập trung,92,48,76238,201873,48627,75657,26056,Nhìn thẳng,Nhìn thẳng,Bình thường
10:24:15 24/5/2026,Tập trung,91,54,77435,278570,73719,76691,29376,Nhìn thẳng,Nhìn thẳng,Bình thường
10:24:16 24/5/2026,Tập trung,79,53,80410,269116,56329,55848,33086,Nhìn thẳng,Nhìn thẳng,Bình thường
10:24:17 24/5/2026,Tập trung,80,41,67358,237792,27038,83415,34369,Nhìn thẳng,Nhìn thẳng,Bình thường
10:24:18 24/5/2026,Sao nhãng,79,55,67984,269572,24893,137243,38053,Quay phải,Liếc phải,Bình thường
10:24:19 24/5/2026,Tập trung,95,45,85794,178162,54631,110695,27216,Nhìn thẳng,Nhìn thẳng,Bình thường
10:24:20 24/5/2026,Tập trung,79,45,65828,204037,51759,149377,28578,Nhìn thẳng,Nhìn thẳng,Vui vẻ
10:24:21 24/5/2026,Tập trung,78,50,83922,224549,48301,116681,42692,Nhìn thẳng,Nhìn thẳng,Vui vẻ
10:24:22 24/5/2026,Tập trung,87,57,97117,244164,41073,67130,35478,Nhìn thẳng,Nhìn thẳng,Bình thường
10:24:23 24/5/2026,Tập trung,75,53,78597,133983,56433,113972,42083,Nhìn thẳng,Nhìn thẳng,Bình thường
10:24:24 24/5/2026,Tập trung,79,49,63906,243833,48644,50670,26361,Nhìn thẳng,Nhìn thẳng,Bình thường
10:24:25 24/5/2026,Tập trung,76,60,80636,295983,35688,98657,37560,Nhìn thẳng,Nhìn thẳng,Bình thường
10:24:26 24/5/2026,Tập trung,97,48,80476,213982,64153,51397,25761,Nhìn thẳng,Nhìn thẳng,Bình thường
10:24:27 24/5/2026,Tập trung,75,48,102097,222039,23035,65692,34604,Nhìn thẳng,Nhìn thẳng,Vui vẻ
10:24:28 24/5/2026,Tập trung,98,48,74521,150558,30373,111976,23761,Nhìn thẳng,Nhìn thẳng,Vui vẻ
10:24:29 24/5/2026,Tập trung,95,56,62890,214203,71735,90303,36903,Nhìn thẳng,Nhìn thẳng,Bình thường
10:24:30 24/5/2026,Tập trung,90,56,57904,192603,20015,51574,34962,Nhìn thẳng,Nhìn thẳng,Bình thường
10:24:31 24/5/2026,Tập trung,82,59,44253,208583,55671,69602,17221,Nhìn thẳng,Nhìn thẳng,Bình thường
10:24:32 24/5/2026,Tập trung,97,59,75040,214430,69057,83207,29936,Nhìn thẳng,Nhìn thẳng,Bình thường
10:24:33 24/5/2026,Tập trung,88,58,64539,256634,67385,99348,34038,Nhìn thẳng,Nhìn thẳng,Tức giận
10:24:34 24/5/2026,Tập trung,84,41,71756,221478,24697,73324,32132,Nhìn thẳng,Nhìn thẳng,Bình thường
10:24:35 24/5/2026,Tập trung,83,59,107260,277182,69396,74727,33854,Quay trái,Liếc xuống,Bình thường
10:24:36 24/5/2026,Tập trung,87,42,106579,186047,29617,124138,40655,Nhìn thẳng,Nhìn thẳng,Bình thường
10:24:37 24/5/2026,Tập trung,83,50,80219,113609,54880,144182,31412,Nhìn thẳng,Nhìn thẳng,Bình thường
10:24:38 24/5/2026,Tập trung,89,40,61390,130183,24697,145941,42115,Nhìn thẳng,Nhìn thẳng,Bình thường
10:24:39 24/5/2026,Tập trung,98,44,72942,207528,49464,65202,29307,Nhìn thẳng,Nhìn thẳng,Bình thường
10:24:40 24/5/2026,Tập trung,80,49,96586,181184,71950,75968,41987,Nhìn thẳng,Nhìn thẳng,Bình thường
10:24:41 24/5/2026,Tập trung,90,46,96654,221679,42309,72440,32223,Nhìn thẳng,Nhìn thẳng,Bình thường
10:24:42 24/5/2026,Tập trung,78,48,97532,289292,63632,88304,36419,Nhìn thẳng,Nhìn thẳng,Bình thường
10:24:43 24/5/2026,Tập trung,86,44,97858,134395,37318,58409,27721,Nhìn thẳng,Nhìn thẳng,Bình thường
10:24:45 24/5/2026,Sao nhãng,94,47,77535,183425,21116,83251,31531,Nhìn thẳng,Nhìn thẳng,Vui vẻ
10:24:46 24/5/2026,Tập trung,81,53,73770,291993,34360,135597,33069,Nhìn thẳng,Nhìn thẳng,Bình thường
10:24:47 24/5/2026,Sao nhãng,87,40,99962,139120,21623,60083,45319,Nhìn thẳng,Nhìn thẳng,Bình thường
10:24:48 24/5/2026,Tập trung,90,60,91975,143380,50459,86250,40139,Nhìn thẳng,Nhìn thẳng,Bình thường
10:24:49 24/5/2026,Tập trung,85,54,95915,143834,43718,110542,24598,Nhìn thẳng,Nhìn thẳng,Bình thường
10:24:50 24/5/2026,Tập trung,81,43,69144,198146,48057,117326,39499,Nhìn thẳng,Nhìn thẳng,Bình thường
10:24:51 24/5/2026,Tập trung,98,46,73970,220194,53411,65967,29173,Nhìn thẳng,Nhìn thẳng,Bình thường
10:24:52 24/5/2026,Tập trung,81,48,106497,130647,74248,86888,29954,Nhìn thẳng,Nhìn thẳng,Bình thường
10:24:53 24/5/2026,Tập trung,98,52,75821,183089,40494,143485,43026,Quay trái,Liếc xuống,Tức giận
10:24:54 24/5/2026,Tập trung,98,45,85301,268597,41870,118490,31696,Nhìn thẳng,Nhìn thẳng,Vui vẻ
10:24:55 24/5/2026,Tập trung,87,58,81746,191110,55977,50073,35618,Nhìn thẳng,Nhìn thẳng,Bình thường
10:24:56 24/5/2026,Tập trung,97,51,105209,123660,52584,73700,20650,Nhìn thẳng,Nhìn thẳng,Bình thường
10:24:57 24/5/2026,Tập trung,88,44,100989,183199,77963,67952,25253,Nhìn thẳng,Nhìn thẳng,Bình thường
10:24:58 24/5/2026,Tập trung,75,54,63384,158520,72777,139620,30459,Nhìn thẳng,Nhìn thẳng,Bình thường
10:24:59 24/5/2026,Sao nhãng,98,60,80743,169798,70599,129260,33348,Nhìn thẳng,Nhìn thẳng,Bình thường
10:25:00 24/5/2026,Tập trung,96,50,64381,245864,75407,106083,38221,Nhìn thẳng,Nhìn thẳng,Bình thường
10:25:01 24/5/2026,Tập trung,88,41,114586,156308,52902,100121,24513,Nhìn thẳng,Nhìn thẳng,Bình thường
10:25:02 24/5/2026,Tập trung,82,49,71679,161085,66579,92243,29207,Ngẩng lên,Liếc xuống,Bình thường
10:25:03 24/5/2026,Tập trung,92,49,100523,244620,52586,75824,35787,Nhìn thẳng,Nhìn thẳng,Bình thường
10:25:04 24/5/2026,Tập trung,90,52,82724,257179,22016,122027,22803,Nhìn thẳng,Nhìn thẳng,Bình thường
10:25:05 24/5/2026,Tập trung,96,57,97210,150634,77167,74319,28622,Nhìn thẳng,Nhìn thẳng,Bình thường
10:25:06 24/5/2026,Tập trung,97,45,84401,213805,55283,100158,20287,Nhìn thẳng,Nhìn thẳng,Bình thường
10:25:07 24/5/2026,Tập trung,84,57,67852,209574,74620,110273,40227,Nhìn thẳng,Nhìn thẳng,Bình thường
10:25:08 24/5/2026,Tập trung,95,58,105681,161278,51123,130907,34449,Nhìn thẳng,Nhìn thẳng,Bình thường
10:25:09 24/5/2026,Tập trung,82,57,91084,219493,58163,90924,23264,Nhìn thẳng,Nhìn thẳng,Bình thường
10:25:10 24/5/2026,Tập trung,76,41,69356,224980,62305,69077,31648,Quay phải,Liếc phải,Bình thường
10:25:11 24/5/2026,Tập trung,77,45,80225,196166,55996,145856,33628,Nhìn thẳng,Nhìn thẳng,Tức giận
10:25:12 24/5/2026,Tập trung,95,57,51687,220694,40500,97154,29207,Nhìn thẳng,Nhìn thẳng,Bình thường
10:25:13 24/5/2026,Tập trung,86,53,94618,177982,52793,108770,29074,Nhìn thẳng,Nhìn thẳng,Bình thường
10:25:14 24/5/2026,Tập trung,93,48,95448,252692,66799,57830,48235,Nhìn thẳng,Nhìn thẳng,Bình thường
10:25:15 24/5/2026,Tập trung,86,45,108335,206672,59553,89607,30397,Nhìn thẳng,Nhìn thẳng,Bình thường
10:25:16 24/5/2026,Tập trung,79,52,68335,145554,37864,128802,27747,Nhìn thẳng,Nhìn thẳng,Vui vẻ
10:25:17 24/5/2026,Tập trung,97,41,83480,257662,74648,119114,21573,Nhìn thẳng,Nhìn thẳng,Bình thường
10:25:18 24/5/2026,Tập trung,93,57,45416,217610,76028,76096,19645,Nhìn thẳng,Nhìn thẳng,Bình thường
10:25:19 24/5/2026,Tập trung,88,42,64212,185748,27698,80763,17512,Ngẩng lên,Liếc lên,Bình thường
10:25:20 24/5/2026,Tập trung,95,59,81351,256986,69224,85014,48305,Nhìn thẳng,Nhìn thẳng,Bình thường
10:25:21 24/5/2026,Tập trung,75,55,63967,232715,32518,61140,37435,Nhìn thẳng,Nhìn thẳng,Bình thường
10:25:22 24/5/2026,Tập trung,97,50,95110,197570,47497,100091,33229,Nhìn thẳng,Nhìn thẳng,Bình thường
10:25:23 24/5/2026,Tập trung,91,54,82581,228399,41844,110107,20920,Nhìn thẳng,Nhìn thẳng,Bình thường
10:25:24 24/5/2026,Tập trung,75,58,59162,185727,59266,82321,22357,Nhìn thẳng,Nhìn thẳng,Bình thường
10:25:25 24/5/2026,Tập trung,87,40,48709,171779,55409,113740,40577,Nhìn thẳng,Nhìn thẳng,Bình thường
10:25:26 24/5/2026,Tập trung,97,41,88994,259673,78768,89794,36371,Cúi xuống,Liếc lên,Bình thường
10:25:27 24/5/2026,Tập trung,85,46,58226,139677,57488,130397,31108,Nhìn thẳng,Nhìn thẳng,Bình thường
10:25:28 24/5/2026,Tập trung,83,42,71319,178502,69987,61544,26291,Nhìn thẳng,Nhìn thẳng,Bình thường
10:25:30 24/5/2026,Tập trung,98,44,63726,207314,29762,50507,39097,Nhìn thẳng,Nhìn thẳng,Vui vẻ
10:25:31 24/5/2026,Tập trung,83,50,97866,166281,50119,74633,25316,Nhìn thẳng,Nhìn thẳng,Bình thường
10:25:32 24/5/2026,Tập trung,90,60,73116,167402,21187,50959,33659,Nhìn thẳng,Nhìn thẳng,Tức giận
10:25:33 24/5/2026,Tập trung,76,46,79083,203964,47351,80520,30880,Nhìn thẳng,Nhìn thẳng,Bình thường
10:25:34 24/5/2026,Tập trung,89,43,110199,171967,42429,140714,29308,Nhìn thẳng,Nhìn thẳng,Vui vẻ
10:25:35 24/5/2026,Tập trung,98,60,103104,184589,48855,143106,29754,Nhìn thẳng,Nhìn thẳng,Bình thường
10:25:36 24/5/2026,Sao nhãng,94,40,84326,166462,71414,58647,37044,Nhìn thẳng,Nhìn thẳng,Bình thường
10:25:37 24/5/2026,Tập trung,91,53,76420,221534,21840,127592,31987,Nhìn thẳng,Nhìn thẳng,Bình thường
10:25:38 24/5/2026,Tập trung,95,52,112305,185870,61627,53834,33158,Nhìn thẳng,Nhìn thẳng,Bình thường
10:25:39 24/5/2026,Tập trung,85,48,105678,180372,63854,85763,34134,Nhìn thẳng,Nhìn thẳng,Bình thường
10:25:40 24/5/2026,Tập trung,75,51,72940,193939,35237,90569,18822,Nhìn thẳng,Nhìn thẳng,Bình thường
10:25:41 24/5/2026,Tập trung,78,58,67071,174440,33564,87491,27110,Nhìn thẳng,Nhìn thẳng,Bình thường
10:25:42 24/5/2026,Tập trung,79,43,82889,255662,33516,80288,41596,Nhìn thẳng,Nhìn thẳng,Vui vẻ
10:25:43 24/5/2026,Tập trung,81,48,66787,160177,56121,96226,27256,Nhìn thẳng,Nhìn thẳng,Bình thường
10:25:44 24/5/2026,Tập trung,95,50,63111,188258,49532,135549,34363,Nhìn thẳng,Nhìn thẳng,Bình thường
10:25:45 24/5/2026,Tập trung,97,47,107136,163546,56965,142538,27783,Nhìn thẳng,Nhìn thẳng,Bình thường
10:25:46 24/5/2026,Tập trung,98,44,91040,241583,49560,116240,42553,Nhìn thẳng,Nhìn thẳng,Bình thường
10:25:47 24/5/2026,Tập trung,93,41,85397,219232,58803,102126,42492,Nhìn thẳng,Nhìn thẳng,Bình thường
10:25:48 24/5/2026,Tập trung,85,51,80030,188362,69555,58405,41229,Nhìn thẳng,Nhìn thẳng,Bình thường
10:25:49 24/5/2026,Tập trung,84,53,102024,133680,67604,78109,31925,Nhìn thẳng,Nhìn thẳng,Bình thường
10:25:50 24/5/2026,Tập trung,78,43,62707,229110,25746,87381,30256,Nhìn thẳng,Nhìn thẳng,Bình thường
10:25:51 24/5/2026,Tập trung,76,56,73954,246135,36314,139169,44868,Quay phải,Liếc xuống,Ngạc nhiên
10:25:52 24/5/2026,Tập trung,97,51,86550,241079,27568,66262,18173,Quay phải,Liếc lên,Bình thường
10:25:53 24/5/2026,Tập trung,81,43,90042,220511,33313,122405,31613,Ngẩng lên,Liếc trái,Vui vẻ
10:25:54 24/5/2026,Tập trung,82,53,78234,184947,46153,119304,33219,Quay phải,Liếc phải,Bình thường
10:25:55 24/5/2026,Tập trung,93,48,60800,224142,46978,117769,30109,Nhìn thẳng,Nhìn thẳng,Bình thường
10:25:56 24/5/2026,Tập trung,77,47,95118,192343,57160,133410,30521,Nhìn thẳng,Nhìn thẳng,Bình thường
10:25:57 24/5/2026,Tập trung,78,42,63238,196232,70561,67114,23744,Nhìn thẳng,Nhìn thẳng,Bình thường
10:25:58 24/5/2026,Tập trung,96,43,74177,230348,24504,124954,34165,Nhìn thẳng,Nhìn thẳng,Bình thường
10:25:59 24/5/2026,Tập trung,88,44,56963,134410,75881,134104,25269,Nhìn thẳng,Nhìn thẳng,Bình thường
10:26:00 24/5/2026,Tập trung,95,48,68309,186778,52236,96431,15769,Nhìn thẳng,Nhìn thẳng,Bình thường
10:26:01 24/5/2026,Sao nhãng,98,58,101391,142462,25131,69322,19457,Nhìn thẳng,Nhìn thẳng,Vui vẻ
10:26:34 24/5/2026,Sao nhãng,24,91,43281,5554,652859,1136487,3968,Nhìn thẳng,Nhìn thẳng,Buồn bã
10:26:35 24/5/2026,Sao nhãng,29,62,41674,4776,269857,692876,3790,Quay phải,Liếc phải,Khó chịu
10:26:36 24/5/2026,Sao nhãng,40,71,65826,13933,320532,1041316,4794,Quay phải,Liếc phải,Vui vẻ
10:26:37 24/5/2026,Sao nhãng,37,68,62069,16348,218590,875213,2875,Không tìm thấy mặt,Không tìm thấy mắt,Buồn bã
10:26:38 24/5/2026,Sao nhãng,19,78,69510,11833,640292,1011339,1911,Không tìm thấy mặt,Không tìm thấy mắt,Bình thường
10:26:39 24/5/2026,Sao nhãng,34,90,74833,18341,631730,1147814,2976,Không tìm thấy mặt,Không tìm thấy mắt,Khó chịu
10:26:40 24/5/2026,Sao nhãng,24,62,21326,18293,591988,834277,2088,Quay phải,Liếc phải,Buồn bã
10:26:41 24/5/2026,Sao nhãng,35,66,50564,7310,777421,1123543,3478,Nhìn thẳng,Nhìn thẳng,Khó chịu
10:26:42 24/5/2026,Sao nhãng,20,64,62613,12079,594456,559629,3778,Không tìm thấy mặt,Không tìm thấy mắt,Buồn bã
10:26:43 24/5/2026,Sao nhãng,22,78,57770,10697,435474,1431861,1420,Quay trái,Liếc trái,Buồn bã
10:26:44 24/5/2026,Sao nhãng,26,77,70653,7048,583793,565592,5423,Quay trái,Liếc trái,Khó chịu
10:26:45 24/5/2026,Sao nhãng,21,69,52020,6093,259092,517873,2269,Quay trái,Liếc trái,Buồn bã
10:26:46 24/5/2026,Sao nhãng,10,67,21935,8602,319511,971377,5166,Nhìn thẳng,Nhìn thẳng,Buồn bã
10:26:47 24/5/2026,Sao nhãng,14,67,44178,12779,538151,770248,3346,Quay trái,Liếc trái,Khó chịu
10:26:48 24/5/2026,Sao nhãng,37,88,41566,8973,710254,963866,2896,Quay phải,Liếc phải,Buồn bã
10:26:49 24/5/2026,Sao nhãng,38,66,45895,13621,708858,1146696,3530,Nhìn thẳng,Nhìn thẳng,Buồn bã
10:26:50 24/5/2026,Sao nhãng,21,65,54204,6548,657161,683239,4434,Không tìm thấy mặt,Không tìm thấy mắt,Buồn bã
10:26:51 24/5/2026,Sao nhãng,31,90,47190,9439,436664,1410725,4699,Quay trái,Liếc trái,Khó chịu
10:26:52 24/5/2026,Tập trung,40,67,62716,10437,422965,964108,4457,Cúi xuống,Liếc xuống,Buồn bã
10:26:53 24/5/2026,Sao nhãng,12,95,42451,9113,372441,575840,3620,Quay trái,Liếc trái,Khó chịu
10:26:54 24/5/2026,Sao nhãng,35,65,76460,17576,797658,675119,3581,Quay phải,Liếc phải,Vui vẻ
10:26:55 24/5/2026,Sao nhãng,26,85,52817,3029,568302,1385760,5502,Quay phải,Liếc phải,Buồn bã
10:26:56 24/5/2026,Sao nhãng,29,95,54179,6722,390937,1133474,2596,Không tìm thấy mặt,Không tìm thấy mắt,Khó chịu
10:26:57 24/5/2026,Sao nhãng,25,78,65330,13252,743030,1118889,2402,Nhìn thẳng,Nhìn thẳng,Buồn bã
10:26:58 24/5/2026,Sao nhãng,23,76,50636,11083,734030,1372987,3014,Nhìn thẳng,Nhìn thẳng,Khó chịu
10:26:59 24/5/2026,Sao nhãng,31,81,64706,14214,662096,1307205,1810,Nhìn thẳng,Nhìn thẳng,Buồn bã
10:27:00 24/5/2026,Sao nhãng,12,63,34738,6916,645448,1204792,5466,Nhìn thẳng,Nhìn thẳng,Khó chịu
10:27:01 24/5/2026,Sao nhãng,20,83,26031,12620,668565,1255933,4588,Quay phải,Liếc phải,Buồn bã
10:27:02 24/5/2026,Sao nhãng,29,84,41035,8784,521493,869160,5029,Quay trái,Liếc lên,Buồn bã
10:27:03 24/5/2026,Sao nhãng,31,74,58161,11199,409386,838935,2477,Không tìm thấy mặt,Không tìm thấy mắt,Khó chịu
10:27:04 24/5/2026,Sao nhãng,34,67,44435,11278,244253,689424,2443,Nhìn thẳng,Nhìn thẳng,Bình thường
10:27:05 24/5/2026,Sao nhãng,25,69,49936,12268,268513,525468,3033,Quay phải,Liếc phải,Buồn bã
10:27:06 24/5/2026,Sao nhãng,35,72,41123,13147,289068,703436,5255,Không tìm thấy mặt,Không tìm thấy mắt,Buồn bã
10:27:07 24/5/2026,Sao nhãng,26,82,49375,9165,459842,1028618,3287,Cúi xuống,Liếc xuống,Khó chịu
10:27:08 24/5/2026,Sao nhãng,34,60,32730,12028,556167,516105,4792,Không tìm thấy mặt,Không tìm thấy mắt,Buồn bã
10:27:09 24/5/2026,Sao nhãng,38,78,59070,7325,782350,1027800,2496,Không tìm thấy mặt,Không tìm thấy mắt,Buồn bã
10:27:10 24/5/2026,Sao nhãng,10,63,57452,5953,640396,1146220,2074,Quay trái,Liếc trái,Khó chịu
10:27:12 24/5/2026,Sao nhãng,15,94,64205,13754,730318,1359503,2673,Không tìm thấy mặt,Không tìm thấy mắt,Vui vẻ
10:27:13 24/5/2026,Tập trung,34,85,50650,4596,217533,765535,5772,Ngẩng lên,Liếc lên,Buồn bã
10:27:14 24/5/2026,Sao nhãng,21,67,63070,12882,767788,1468275,4591,Quay trái,Liếc trái,Buồn bã
10:27:15 24/5/2026,Sao nhãng,25,72,56360,14332,484816,757013,1928,Nhìn thẳng,Nhìn thẳng,Khó chịu
10:27:16 24/5/2026,Sao nhãng,33,86,49597,9183,556912,705222,3975,Ngẩng lên,Liếc trái,Buồn bã
10:27:17 24/5/2026,Sao nhãng,28,77,29540,14789,206036,1407051,1753,Quay phải,Liếc phải,Buồn bã
10:27:18 24/5/2026,Sao nhãng,33,82,46715,9263,328783,626756,2294,Không tìm thấy mặt,Không tìm thấy mắt,Buồn bã
10:27:19 24/5/2026,Sao nhãng,24,82,65807,7096,719126,1191398,2205,Không tìm thấy mặt,Không tìm thấy mắt,Khó chịu
10:27:20 24/5/2026,Sao nhãng,27,69,49163,14731,555973,1233340,2015,Nhìn thẳng,Nhìn thẳng,Buồn bã
10:27:21 24/5/2026,Sao nhãng,39,94,65937,7339,586289,1238206,3654,Quay phải,Liếc phải,Buồn bã
10:27:22 24/5/2026,Sao nhãng,31,74,73037,7629,755421,1002499,3052,Quay phải,Liếc phải,Buồn bã
10:27:23 24/5/2026,Sao nhãng,29,79,31849,5484,787296,601735,4400,Quay trái,Liếc trái,Buồn bã
10:27:24 24/5/2026,Sao nhãng,28,65,51075,13952,416865,847273,4544,Nhìn thẳng,Nhìn thẳng,Bình thường
10:27:25 24/5/2026,Sao nhãng,16,90,40353,11076,705702,1429961,2015,Không tìm thấy mặt,Không tìm thấy mắt,Khó chịu
10:27:26 24/5/2026,Sao nhãng,11,74,32374,13848,363759,1038916,2456,Quay trái,Liếc trái,Buồn bã
10:27:27 24/5/2026,Tập trung,39,79,56404,10483,347204,656414,3932,Quay phải,Liếc phải,Buồn bã
10:27:28 24/5/2026,Sao nhãng,18,83,49624,16219,576173,900776,2255,Không tìm thấy mặt,Không tìm thấy mắt,Khó chịu
10:27:29 24/5/2026,Sao nhãng,12,63,36078,11743,547107,1463210,5305,Quay phải,Liếc phải,Buồn bã
10:27:30 24/5/2026,Sao nhãng,39,89,44456,10994,276027,1266234,3222,Không tìm thấy mặt,Không tìm thấy mắt,Khó chịu
10:27:31 24/5/2026,Sao nhãng,16,67,28832,3702,404630,579087,3880,Quay phải,Liếc phải,Buồn bã
10:27:32 24/5/2026,Sao nhãng,28,71,49629,7335,459453,938587,3796,Quay phải,Liếc phải,Tức giận
10:27:33 24/5/2026,Sao nhãng,40,92,61153,8143,432300,568500,2018,Ngẩng lên,Liếc trái,Khó chịu
10:27:34 24/5/2026,Sao nhãng,39,71,49848,9858,699615,874768,1662,Không tìm thấy mặt,Không tìm thấy mắt,Bình thường
10:27:35 24/5/2026,Sao nhãng,30,63,57659,19026,455648,1142015,2663,Quay phải,Liếc xuống,Buồn bã
10:27:36 24/5/2026,Sao nhãng,40,76,54123,10935,658717,1106855,3727,Quay trái,Liếc trái,Buồn bã
10:27:37 24/5/2026,Sao nhãng,15,77,43643,7692,664689,768915,1528,Quay phải,Liếc phải,Buồn bã
10:27:38 24/5/2026,Sao nhãng,15,86,54201,14155,693840,1131660,5547,Nhìn thẳng,Nhìn thẳng,Buồn bã
10:27:39 24/5/2026,Sao nhãng,24,62,38788,11628,743764,779372,5187,Quay phải,Liếc phải,Buồn bã
10:27:40 24/5/2026,Sao nhãng,38,95,69322,17589,298546,1077817,3491,Quay trái,Liếc trái,Khó chịu
10:27:41 24/5/2026,Sao nhãng,34,80,40785,11617,526712,896039,3253,Quay trái,Liếc trái,Buồn bã
10:27:42 24/5/2026,Sao nhãng,27,74,62890,12300,761243,1230004,3458,Quay trái,Liếc trái,Buồn bã
10:27:43 24/5/2026,Sao nhãng,30,89,41913,10355,302418,721006,2328,Không tìm thấy mặt,Không tìm thấy mắt,Bình thường
10:27:44 24/5/2026,Sao nhãng,35,76,61454,10406,496167,771459,1667,Nhìn thẳng,Nhìn thẳng,Khó chịu
10:27:45 24/5/2026,Sao nhãng,30,63,43127,11106,276028,626172,5405,Quay trái,Liếc trái,Buồn bã
10:27:46 24/5/2026,Sao nhãng,11,82,35397,10524,327390,648651,4602,Quay phải,Liếc phải,Buồn bã
10:27:47 24/5/2026,Sao nhãng,10,79,63792,18139,357277,1263552,3423,Quay trái,Liếc trái,Buồn bã
10:27:48 24/5/2026,Sao nhãng,18,60,50840,13247,728656,866840,3660,Quay trái,Liếc trái,Khó chịu
10:27:49 24/5/2026,Sao nhãng,24,69,37176,16268,746731,881168,2569,Quay phải,Liếc phải,Buồn bã
10:27:50 24/5/2026,Sao nhãng,25,89,48839,15903,686036,1091253,3509,Quay trái,Liếc trái,Bình thường
10:27:51 24/5/2026,Sao nhãng,32,90,24177,8728,519746,1466538,3013,Quay trái,Liếc trái,Buồn bã
10:27:52 24/5/2026,Sao nhãng,30,64,57401,8979,639859,682994,4993,Quay trái,Liếc trái,Buồn bã
10:27:54 24/5/2026,Sao nhãng,31,67,58656,7568,605356,1276993,3052,Quay phải,Liếc phải,Bình thường
10:27:55 24/5/2026,Sao nhãng,11,88,60691,15024,711824,1421797,2657,Nhìn thẳng,Nhìn thẳng,Buồn bã
10:27:56 24/5/2026,Tập trung,26,79,45750,13703,490086,1489306,3064,Không tìm thấy mặt,Không tìm thấy mắt,Buồn bã
10:27:57 24/5/2026,Sao nhãng,29,93,43758,8093,413728,550388,3469,Không tìm thấy mặt,Không tìm thấy mắt,Buồn bã
10:27:58 24/5/2026,Sao nhãng,30,76,65624,11148,444168,1117008,3768,Quay phải,Liếc phải,Khó chịu
10:27:59 24/5/2026,Sao nhãng,24,88,32328,10958,486251,551793,2671,Quay trái,Liếc trái,Buồn bã
10:28:00 24/5/2026,Sao nhãng,25,61,36323,15299,219124,847191,5198,Không tìm thấy mặt,Không tìm thấy mắt,Bình thường
10:28:01 24/5/2026,Sao nhãng,18,63,54855,16441,619408,1361935,3452,Quay phải,Liếc phải,Khó chịu
10:28:02 24/5/2026,Sao nhãng,35,86,54028,12155,752364,695636,3631,Không tìm thấy mặt,Không tìm thấy mắt,Buồn bã
10:28:03 24/5/2026,Sao nhãng,25,60,51085,9478,547869,639604,1852,Không tìm thấy mặt,Không tìm thấy mắt,Tức giận
10:28:04 24/5/2026,Sao nhãng,17,60,28780,11676,440941,1498074,2449,Quay trái,Liếc trái,Khó chịu
10:28:05 24/5/2026,Sao nhãng,34,72,23967,12067,219395,735845,3514,Quay phải,Liếc phải,Buồn bã
10:28:06 24/5/2026,Sao nhãng,28,71,48592,10376,228467,926847,2974,Quay trái,Liếc trái,Khó chịu
10:28:07 24/5/2026,Sao nhãng,25,75,28776,11292,253827,1261883,2346,Nhìn thẳng,Nhìn thẳng,Buồn bã
10:28:08 24/5/2026,Sao nhãng,25,95,49090,7294,246324,851141,2633,Nhìn thẳng,Nhìn thẳng,Khó chịu
10:28:09 24/5/2026,Sao nhãng,34,60,48040,9361,570110,799375,3224,Quay trái,Liếc trái,Buồn bã
10:28:10 24/5/2026,Sao nhãng,16,91,32050,9907,762830,1479160,2932,Quay trái,Liếc trái,Buồn bã
10:28:11 24/5/2026,Sao nhãng,36,75,35170,17596,418028,1427544,3528,Quay trái,Liếc trái,Buồn bã
10:28:12 24/5/2026,Sao nhãng,13,95,54703,16094,622886,897277,2785,Quay phải,Liếc phải,Khó chịu
10:28:13 24/5/2026,Sao nhãng,28,89,73901,6214,547182,842003,3813,Quay trái,Liếc trái,Buồn bã
10:28:14 24/5/2026,Sao nhãng,35,93,43472,16026,490278,722437,3163,Không tìm thấy mặt,Không tìm thấy mắt,Bình thường
10:28:15 24/5/2026,Tập trung,30,74,36101,2639,424085,1002012,3804,Không tìm thấy mặt,Không tìm thấy mắt,Buồn bã
10:28:16 24/5/2026,Sao nhãng,22,82,40561,9131,556960,533172,5269,Quay trái,Liếc trái,Khó chịu
10:28:17 24/5/2026,Tập trung,22,82,40561,9131,556960,533172,5269,Cúi xuống,Liếc phải,Buồn bã
10:28:18 24/5/2026,Sao nhãng,10,81,40437,10853,615959,686478,2341,Quay trái,Liếc trái,Buồn bã
10:28:19 24/5/2026,Sao nhãng,29,60,62498,14995,568112,1245613,3220,Quay trái,Liếc trái,Bình thường
10:28:20 24/5/2026,Sao nhãng,37,73,61938,7271,489660,1119269,3775,Quay trái,Liếc trái,Khó chịu
10:28:21 24/5/2026,Sao nhãng,39,83,69307,10236,537124,635108,5699,Nhìn thẳng,Nhìn thẳng,Buồn bã
10:28:22 24/5/2026,Sao nhãng,29,60,53369,8395,225624,630109,1671,Quay phải,Liếc phải,Bình thường
10:28:23 24/5/2026,Sao nhãng,29,62,43366,11160,477509,982538,3445,Quay trái,Liếc trái,Buồn bã
10:28:24 24/5/2026,Sao nhãng,35,60,32567,8885,773217,1331027,4227,Nhìn thẳng,Nhìn thẳng,Buồn bã
10:28:25 24/5/2026,Sao nhãng,14,68,56514,6887,392290,931224,4262,Quay phải,Liếc phải,Bình thường
10:28:26 24/5/2026,Sao nhãng,39,75,49825,10746,251896,1468993,5178,Không tìm thấy mặt,Không tìm thấy mắt,Tức giận
10:28:27 24/5/2026,Sao nhãng,32,83,41974,12753,303612,1325433,4273,Cúi xuống,Liếc phải,Buồn bã
10:28:28 24/5/2026,Sao nhãng,16,95,34157,18070,766994,638919,3621,Nhìn thẳng,Nhìn thẳng,Buồn bã
10:28:29 24/5/2026,Sao nhãng,10,73,31604,9833,585367,1346956,4397,Quay phải,Liếc phải,Buồn bã
10:28:30 24/5/2026,Sao nhãng,12,79,37862,8892,443250,545839,4501,Quay trái,Liếc trái,Khó chịu
10:28:31 24/5/2026,Sao nhãng,19,84,47733,17387,721552,1337152,3492,Quay trái,Liếc lên,Bình thường
10:28:32 24/5/2026,Sao nhãng,24,69,41744,12574,212464,1085648,2625,Quay phải,Liếc phải,Buồn bã
10:29:05 24/5/2026,Tập trung,79,49,49062,160867,31052,119759,44985,Nhìn thẳng,Nhìn thẳng,Vui vẻ
10:29:06 24/5/2026,Tập trung,88,42,96578,146309,28064,133379,30208,Nhìn thẳng,Nhìn thẳng,Bình thường
10:29:07 24/5/2026,Tập trung,88,44,60888,293305,42754,138919,27114,Nhìn thẳng,Nhìn thẳng,Bình thường
10:29:08 24/5/2026,Tập trung,75,53,55078,138033,46438,119190,32734,Nhìn thẳng,Nhìn thẳng,Bình thường
10:29:09 24/5/2026,Tập trung,87,59,65076,253962,73659,129551,35724,Nhìn thẳng,Nhìn thẳng,Vui vẻ
10:29:10 24/5/2026,Sao nhãng,82,48,98657,189365,37174,55724,23163,Nhìn thẳng,Nhìn thẳng,Bình thường
10:29:11 24/5/2026,Tập trung,97,60,94960,156512,63240,117051,29592,Nhìn thẳng,Nhìn thẳng,Bình thường
10:29:12 24/5/2026,Tập trung,95,47,81366,173454,50553,143910,31261,Nhìn thẳng,Nhìn thẳng,Bình thường
10:29:13 24/5/2026,Tập trung,95,44,105401,211704,51177,113480,23405,Nhìn thẳng,Nhìn thẳng,Bình thường
10:29:14 24/5/2026,Tập trung,94,44,82747,204012,21427,73668,25879,Nhìn thẳng,Nhìn thẳng,Bình thường
10:29:15 24/5/2026,Tập trung,94,55,92019,155225,40286,88061,32483,Nhìn thẳng,Nhìn thẳng,Vui vẻ
10:29:16 24/5/2026,Tập trung,78,46,83913,273716,78944,119439,23487,Nhìn thẳng,Nhìn thẳng,Ngạc nhiên
10:29:17 24/5/2026,Tập trung,98,56,80940,282366,62900,85207,43916,Nhìn thẳng,Nhìn thẳng,Bình thường
10:29:18 24/5/2026,Tập trung,76,54,72055,157083,35358,61643,35346,Nhìn thẳng,Nhìn thẳng,Bình thường
10:29:19 24/5/2026,Tập trung,98,60,73437,231674,35931,115266,39893,Nhìn thẳng,Nhìn thẳng,Bình thường
10:29:20 24/5/2026,Tập trung,79,48,71326,252611,39113,83095,23037,Nhìn thẳng,Nhìn thẳng,Bình thường
10:29:21 24/5/2026,Tập trung,92,58,68342,168896,62996,112591,24592,Nhìn thẳng,Nhìn thẳng,Bình thường
10:29:22 24/5/2026,Tập trung,82,53,43477,202771,78320,90183,26197,Nhìn thẳng,Nhìn thẳng,Bình thường
10:29:23 24/5/2026,Tập trung,76,58,73806,204568,78545,55286,27431,Nhìn thẳng,Nhìn thẳng,Bình thường
10:29:24 24/5/2026,Tập trung,76,49,62246,196626,71574,82575,36240,Nhìn thẳng,Nhìn thẳng,Bình thường
10:29:25 24/5/2026,Tập trung,96,60,72231,203699,35916,141028,23492,Nhìn thẳng,Nhìn thẳng,Vui vẻ
10:29:26 24/5/2026,Tập trung,92,60,58210,160175,65687,122242,42430,Nhìn thẳng,Nhìn thẳng,Bình thường
10:29:27 24/5/2026,Tập trung,90,48,75175,177709,76244,50614,27763,Nhìn thẳng,Nhìn thẳng,Bình thường
10:29:28 24/5/2026,Tập trung,85,52,90397,227963,52915,121358,32436,Nhìn thẳng,Nhìn thẳng,Bình thường
10:29:29 24/5/2026,Tập trung,93,44,96515,248777,38607,148816,36008,Quay trái,Liếc trái,Bình thường
10:29:30 24/5/2026,Tập trung,98,47,105993,251986,21876,111035,38222,Nhìn thẳng,Nhìn thẳng,Bình thường
10:29:31 24/5/2026,Tập trung,88,41,65235,182955,51415,67813,32954,Ngẩng lên,Liếc xuống,Bình thường
10:29:33 24/5/2026,Sao nhãng,82,53,63537,202847,66450,127585,43558,Nhìn thẳng,Nhìn thẳng,Bình thường
10:29:34 24/5/2026,Tập trung,87,59,108197,180308,64473,103438,42756,Nhìn thẳng,Nhìn thẳng,Bình thường
10:29:35 24/5/2026,Tập trung,76,54,58615,210808,52635,142005,47332,Nhìn thẳng,Nhìn thẳng,Bình thường
10:29:36 24/5/2026,Tập trung,88,49,82852,171800,58103,146332,35802,Nhìn thẳng,Nhìn thẳng,Ngạc nhiên
10:29:37 24/5/2026,Tập trung,82,57,59223,227030,50927,77804,32384,Nhìn thẳng,Nhìn thẳng,Bình thường
10:29:38 24/5/2026,Tập trung,87,57,76528,235532,38044,54629,32720,Nhìn thẳng,Nhìn thẳng,Bình thường
10:29:39 24/5/2026,Tập trung,98,59,71586,202826,48886,131459,37073,Nhìn thẳng,Nhìn thẳng,Bình thường
10:29:40 24/5/2026,Tập trung,92,51,90468,203499,65667,148410,34124,Nhìn thẳng,Nhìn thẳng,Bình thường
10:29:41 24/5/2026,Tập trung,75,44,102384,204420,69187,93258,16325,Cúi xuống,Liếc xuống,Bình thường
10:29:42 24/5/2026,Tập trung,82,60,83622,137175,66786,117492,40406,Nhìn thẳng,Nhìn thẳng,Bình thường
10:29:43 24/5/2026,Tập trung,82,55,107403,253319,47745,74702,34764,Nhìn thẳng,Nhìn thẳng,Bình thường
10:29:44 24/5/2026,Tập trung,96,52,116553,216479,41869,65915,19395,Nhìn thẳng,Nhìn thẳng,Bình thường
10:29:45 24/5/2026,Tập trung,88,41,85426,144045,27083,101688,36163,Nhìn thẳng,Nhìn thẳng,Bình thường
10:29:46 24/5/2026,Tập trung,77,52,78594,229444,34767,126167,49102,Nhìn thẳng,Nhìn thẳng,Bình thường
10:29:47 24/5/2026,Tập trung,96,40,106382,131036,39489,91703,42869,Nhìn thẳng,Nhìn thẳng,Bình thường
10:29:48 24/5/2026,Tập trung,87,58,54483,229253,50424,142073,32657,Nhìn thẳng,Nhìn thẳng,Bình thường
10:29:49 24/5/2026,Tập trung,89,44,88700,128658,23371,122689,35047,Nhìn thẳng,Nhìn thẳng,Bình thường
10:29:50 24/5/2026,Tập trung,86,43,80344,161613,51081,112173,34594,Quay trái,Liếc phải,Bình thường
10:29:51 24/5/2026,Tập trung,80,52,69177,236699,57262,109848,35751,Nhìn thẳng,Nhìn thẳng,Bình thường
10:29:52 24/5/2026,Sao nhãng,80,43,90343,237138,20838,134143,36112,Nhìn thẳng,Nhìn thẳng,Bình thường
10:29:53 24/5/2026,Tập trung,80,42,76844,154291,26384,120882,32431,Nhìn thẳng,Nhìn thẳng,Ngạc nhiên
10:29:54 24/5/2026,Tập trung,79,47,69885,193359,73848,87067,28522,Nhìn thẳng,Nhìn thẳng,Bình thường
10:29:55 24/5/2026,Tập trung,85,52,48849,183960,76223,81052,33914,Nhìn thẳng,Nhìn thẳng,Bình thường
10:29:56 24/5/2026,Tập trung,81,40,95847,283341,63643,137115,43038,Nhìn thẳng,Nhìn thẳng,Bình thường
10:29:57 24/5/2026,Tập trung,80,40,61700,204122,24917,125686,43070,Nhìn thẳng,Nhìn thẳng,Vui vẻ
10:29:58 24/5/2026,Tập trung,93,47,67424,178525,60317,86697,36364,Ngẩng lên,Liếc phải,Vui vẻ
10:29:59 24/5/2026,Tập trung,95,55,69188,200349,58048,74621,32201,Nhìn thẳng,Nhìn thẳng,Bình thường
10:30:00 24/5/2026,Tập trung,75,40,99995,229639,43505,147101,34194,Nhìn thẳng,Nhìn thẳng,Vui vẻ
10:30:01 24/5/2026,Tập trung,97,59,91668,213422,69186,95415,39671,Nhìn thẳng,Nhìn thẳng,Bình thường
10:30:02 24/5/2026,Tập trung,91,59,69282,262893,77243,117341,24537,Nhìn thẳng,Nhìn thẳng,Bình thường
10:30:03 24/5/2026,Tập trung,88,58,81967,147345,58761,59462,27043,Nhìn thẳng,Nhìn thẳng,Vui vẻ
10:30:04 24/5/2026,Tập trung,83,51,47573,215934,40542,129261,37359,Nhìn thẳng,Nhìn thẳng,Bình thường
10:30:05 24/5/2026,Tập trung,94,52,111088,199388,51023,113524,21242,Nhìn thẳng,Nhìn thẳng,Bình thường
10:30:06 24/5/2026,Tập trung,83,55,58928,252922,30366,79446,26510,Nhìn thẳng,Nhìn thẳng,Bình thường
10:30:07 24/5/2026,Tập trung,75,48,75413,244426,24024,124917,30761,Nhìn thẳng,Nhìn thẳng,Bình thường
10:30:08 24/5/2026,Tập trung,83,53,69008,245687,78517,133528,26911,Nhìn thẳng,Nhìn thẳng,Bình thường
10:30:09 24/5/2026,Tập trung,80,48,116445,165183,62356,146371,41044,Quay phải,Liếc phải,Vui vẻ
10:30:10 24/5/2026,Tập trung,78,46,103785,246238,36354,56998,25097,Nhìn thẳng,Nhìn thẳng,Bình thường
10:30:11 24/5/2026,Tập trung,98,41,92167,173634,57105,78182,38577,Nhìn thẳng,Nhìn thẳng,Vui vẻ
10:30:12 24/5/2026,Tập trung,78,56,83356,171796,62956,115516,40812,Nhìn thẳng,Nhìn thẳng,Bình thường
10:30:13 24/5/2026,Tập trung,90,49,75060,264150,42113,93443,33358,Nhìn thẳng,Nhìn thẳng,Bình thường
10:30:14 24/5/2026,Tập trung,77,45,89040,201883,56989,60584,28918,Nhìn thẳng,Nhìn thẳng,Vui vẻ
10:30:15 24/5/2026,Tập trung,75,44,58959,224887,43011,58951,30141,Nhìn thẳng,Nhìn thẳng,Bình thường
10:30:16 24/5/2026,Tập trung,90,57,60771,147775,71527,117812,36730,Ngẩng lên,Liếc lên,Bình thường
10:30:17 24/5/2026,Tập trung,75,57,46896,249687,51834,125900,32184,Nhìn thẳng,Nhìn thẳng,Ngạc nhiên
10:30:19 24/5/2026,Tập trung,94,48,96978,204312,51970,74747,24917,Nhìn thẳng,Nhìn thẳng,Bình thường
10:30:20 24/5/2026,Tập trung,94,42,68959,162407,62917,87916,41658,Nhìn thẳng,Nhìn thẳng,Bình thường
10:30:21 24/5/2026,Tập trung,94,40,63487,151709,27662,135874,29522,Nhìn thẳng,Nhìn thẳng,Bình thường
10:30:22 24/5/2026,Tập trung,87,44,85394,240743,71805,83972,36371,Nhìn thẳng,Nhìn thẳng,Bình thường
10:30:23 24/5/2026,Tập trung,78,54,96070,154257,74480,61276,29394,Nhìn thẳng,Nhìn thẳng,Bình thường
10:30:24 24/5/2026,Tập trung,83,55,94861,199947,79231,129114,38902,Nhìn thẳng,Nhìn thẳng,Bình thường
10:30:25 24/5/2026,Tập trung,75,53,100570,158639,45598,92065,34914,Nhìn thẳng,Nhìn thẳng,Bình thường
10:30:26 24/5/2026,Tập trung,86,41,78708,147433,28737,120815,26428,Nhìn thẳng,Nhìn thẳng,Bình thường
10:30:27 24/5/2026,Tập trung,85,52,97636,199633,64934,73675,27383,Nhìn thẳng,Nhìn thẳng,Bình thường
10:30:28 24/5/2026,Tập trung,86,59,85641,222704,37394,74835,37170,Nhìn thẳng,Nhìn thẳng,Bình thường
10:30:29 24/5/2026,Tập trung,85,46,72059,283677,58165,84229,34025,Nhìn thẳng,Nhìn thẳng,Bình thường
10:30:30 24/5/2026,Sao nhãng,97,53,96796,149176,53543,82177,29077,Nhìn thẳng,Nhìn thẳng,Bình thường
10:30:31 24/5/2026,Tập trung,84,42,70262,167974,45054,60179,19062,Nhìn thẳng,Nhìn thẳng,Bình thường
10:30:32 24/5/2026,Tập trung,98,51,70719,201350,68811,126844,35058,Nhìn thẳng,Nhìn thẳng,Bình thường
10:30:33 24/5/2026,Tập trung,88,49,64037,169954,66171,137502,29990,Nhìn thẳng,Nhìn thẳng,Bình thường
10:30:34 24/5/2026,Tập trung,91,46,79434,212824,72120,61356,39844,Nhìn thẳng,Nhìn thẳng,Bình thường
10:30:35 24/5/2026,Tập trung,85,52,47244,163400,37455,121163,40914,Nhìn thẳng,Nhìn thẳng,Bình thường
10:30:36 24/5/2026,Tập trung,96,53,85410,219085,78593,147893,22459,Nhìn thẳng,Nhìn thẳng,Ngạc nhiên
10:30:37 24/5/2026,Tập trung,95,58,111843,199422,77516,91345,31105,Nhìn thẳng,Nhìn thẳng,Bình thường
10:30:38 24/5/2026,Tập trung,94,54,90160,134349,66206,67162,31611,Nhìn thẳng,Nhìn thẳng,Bình thường
10:30:39 24/5/2026,Tập trung,76,42,70947,172781,34605,68946,32688,Nhìn thẳng,Nhìn thẳng,Bình thường
10:30:40 24/5/2026,Tập trung,85,56,81135,189246,23609,88531,24735,Nhìn thẳng,Nhìn thẳng,Vui vẻ
10:30:41 24/5/2026,Tập trung,90,42,83753,138727,41807,72846,31336,Nhìn thẳng,Nhìn thẳng,Bình thường
10:30:42 24/5/2026,Tập trung,93,42,50024,180639,34133,115586,40725,Nhìn thẳng,Nhìn thẳng,Bình thường
10:30:43 24/5/2026,Tập trung,87,46,110185,226795,49677,56568,30755,Nhìn thẳng,Nhìn thẳng,Vui vẻ
10:30:44 24/5/2026,Tập trung,85,48,83928,216451,48570,116419,31138,Nhìn thẳng,Nhìn thẳng,Bình thường
10:30:45 24/5/2026,Tập trung,78,51,99795,193431,72831,136533,33583,Nhìn thẳng,Nhìn thẳng,Bình thường
10:30:46 24/5/2026,Tập trung,97,46,88309,135227,25702,126027,30805,Nhìn thẳng,Nhìn thẳng,Bình thường
10:30:47 24/5/2026,Tập trung,88,58,99935,203496,71344,110339,41175,Nhìn thẳng,Nhìn thẳng,Bình thường
10:30:48 24/5/2026,Sao nhãng,81,48,102882,178442,56997,125654,35278,Quay trái,Liếc phải,Bình thường
10:30:49 24/5/2026,Tập trung,89,60,57030,156876,51123,117325,33195,Nhìn thẳng,Nhìn thẳng,Vui vẻ
10:30:50 24/5/2026,Tập trung,88,48,77645,220475,51175,100031,41474,Nhìn thẳng,Nhìn thẳng,Bình thường
10:30:51 24/5/2026,Tập trung,78,56,79679,182641,55418,84809,33611,Nhìn thẳng,Nhìn thẳng,Bình thường
10:30:52 24/5/2026,Tập trung,77,42,62562,239175,43338,58543,29307,Nhìn thẳng,Nhìn thẳng,Bình thường
10:30:53 24/5/2026,Tập trung,82,52,110282,182887,66582,109403,27759,Nhìn thẳng,Nhìn thẳng,Bình thường
10:30:54 24/5/2026,Tập trung,98,52,78416,229671,79041,60180,35193,Nhìn thẳng,Nhìn thẳng,Bình thường
10:30:55 24/5/2026,Tập trung,88,59,83476,171020,74911,125303,20342,Nhìn thẳng,Nhìn thẳng,Bình thường
10:30:56 24/5/2026,Tập trung,92,50,58782,254122,45362,121018,34958,Nhìn thẳng,Nhìn thẳng,Ngạc nhiên
10:30:57 24/5/2026,Tập trung,83,41,102209,225562,25148,147740,24537,Nhìn thẳng,Nhìn thẳng,Bình thường
10:30:58 24/5/2026,Tập trung,93,48,90004,241830,55514,67346,31986,Nhìn thẳng,Nhìn thẳng,Bình thường
10:30:59 24/5/2026,Tập trung,83,55,93897,191808,48253,58249,35223,Nhìn thẳng,Nhìn thẳng,Bình thường
10:31:00 24/5/2026,Tập trung,76,43,84728,239746,27327,92668,28160,Nhìn thẳng,Nhìn thẳng,Bình thường
10:31:01 24/5/2026,Tập trung,91,48,55316,206127,49081,104420,29169,Nhìn thẳng,Nhìn thẳng,Bình thường
10:31:02 24/5/2026,Tập trung,85,48,67823,173355,22981,82670,34787,Nhìn thẳng,Nhìn thẳng,Bình thường
10:31:03 24/5/2026,Tập trung,86,52,74377,270924,65988,113614,21071,Nhìn thẳng,Nhìn thẳng,Vui vẻ
10:31:05 24/5/2026,Tập trung,94,48,101397,177916,39860,138134,35451,Nhìn thẳng,Nhìn thẳng,Bình thường
10:31:10 24/5/2026,Tập trung,81,41,91343,144942,29013,89398,38972,Nhìn thẳng,Nhìn thẳng,Bình thường
10:31:11 24/5/2026,Tập trung,83,52,82266,195668,40708,143911,36118,Cúi xuống,Liếc xuống,Bình thường
10:31:12 24/5/2026,Tập trung,84,53,60271,207826,62233,83229,38610,Nhìn thẳng,Nhìn thẳng,Bình thường
10:31:13 24/5/2026,Tập trung,77,53,89027,182253,24470,70172,24377,Nhìn thẳng,Nhìn thẳng,Bình thường
10:31:14 24/5/2026,Tập trung,84,59,81999,224756,68736,122627,29408,Nhìn thẳng,Nhìn thẳng,Bình thường
10:31:15 24/5/2026,Tập trung,93,57,93690,283048,35282,60696,30559,Nhìn thẳng,Nhìn thẳng,Bình thường
10:31:16 24/5/2026,Tập trung,91,51,90854,223721,58197,124517,26173,Nhìn thẳng,Nhìn thẳng,Bình thường
10:31:17 24/5/2026,Tập trung,90,56,107842,169359,72712,117127,34713,Nhìn thẳng,Nhìn thẳng,Bình thường
10:31:18 24/5/2026,Tập trung,93,57,72115,242378,41549,118647,19591,Nhìn thẳng,Nhìn thẳng,Vui vẻ
10:31:19 24/5/2026,Tập trung,93,60,99308,246127,45088,65074,44956,Nhìn thẳng,Nhìn thẳng,Bình thường
10:31:20 24/5/2026,Tập trung,81,56,80049,216045,42532,82286,28584,Nhìn thẳng,Nhìn thẳng,Bình thường
10:31:21 24/5/2026,Tập trung,90,47,74309,144081,37881,114817,23766,Nhìn thẳng,Nhìn thẳng,Ngạc nhiên
10:31:22 24/5/2026,Tập trung,86,58,93620,220747,49240,89286,22518,Quay phải,Liếc phải,Bình thường
10:31:23 24/5/2026,Tập trung,76,48,74240,182136,49552,128058,29051,Nhìn thẳng,Nhìn thẳng,Bình thường
10:31:24 24/5/2026,Tập trung,89,45,97844,138745,54335,70657,40723,Nhìn thẳng,Nhìn thẳng,Bình thường
10:31:25 24/5/2026,Tập trung,78,51,88031,142567,77643,66023,43064,Nhìn thẳng,Nhìn thẳng,Bình thường
10:31:26 24/5/2026,Tập trung,79,46,83288,197727,38427,74024,26033,Nhìn thẳng,Nhìn thẳng,Bình thường
10:31:27 24/5/2026,Tập trung,89,47,95215,195867,63713,55380,30328,Nhìn thẳng,Nhìn thẳng,Bình thường
10:31:28 24/5/2026,Sao nhãng,98,55,86701,146124,72684,140647,27434,Nhìn thẳng,Nhìn thẳng,Bình thường
10:31:29 24/5/2026,Tập trung,86,59,106100,282772,68602,135188,30094,Quay trái,Liếc xuống,Bình thường
10:31:30 24/5/2026,Tập trung,77,59,44254,149309,46212,88512,21827,Nhìn thẳng,Nhìn thẳng,Bình thường
10:31:31 24/5/2026,Tập trung,94,50,104361,151202,54750,105032,44195,Nhìn thẳng,Nhìn thẳng,Bình thường
10:31:32 24/5/2026,Sao nhãng,90,49,68777,278207,66052,90850,37277,Nhìn thẳng,Nhìn thẳng,Bình thường
10:31:33 24/5/2026,Tập trung,87,47,86534,219153,45188,94625,42620,Nhìn thẳng,Nhìn thẳng,Bình thường
10:31:34 24/5/2026,Tập trung,75,41,81396,160891,45371,133947,29260,Nhìn thẳng,Nhìn thẳng,Bình thường
10:31:35 24/5/2026,Tập trung,81,50,73522,145079,56420,142467,34849,Nhìn thẳng,Nhìn thẳng,Bình thường
10:31:36 24/5/2026,Tập trung,77,57,79885,131612,44614,89150,36686,Nhìn thẳng,Nhìn thẳng,Bình thường
10:31:37 24/5/2026,Tập trung,97,58,85955,250415,60423,116319,41537,Nhìn thẳng,Nhìn thẳng,Bình thường
10:31:38 24/5/2026,Tập trung,85,57,57818,172779,56760,54189,44229,Nhìn thẳng,Nhìn thẳng,Ngạc nhiên
10:31:39 24/5/2026,Tập trung,84,45,56884,202840,79756,111839,31197,Nhìn thẳng,Nhìn thẳng,Bình thường
10:31:40 24/5/2026,Tập trung,93,57,76202,120955,53488,144776,31726,Nhìn thẳng,Nhìn thẳng,Bình thường
10:31:41 24/5/2026,Tập trung,83,56,93630,243368,22077,120679,37453,Nhìn thẳng,Nhìn thẳng,Bình thường
10:31:42 24/5/2026,Sao nhãng,86,59,92263,184450,35239,72280,21172,Nhìn thẳng,Nhìn thẳng,Bình thường
10:31:43 24/5/2026,Tập trung,79,41,72203,272606,70744,75636,36634,Nhìn thẳng,Nhìn thẳng,Bình thường
10:31:44 24/5/2026,Tập trung,81,41,98873,249449,29422,92056,39274,Nhìn thẳng,Nhìn thẳng,Bình thường
10:31:45 24/5/2026,Tập trung,93,48,72838,200467,47079,118418,37775,Nhìn thẳng,Nhìn thẳng,Bình thường
10:31:46 24/5/2026,Tập trung,82,41,47759,224790,22594,84131,28192,Nhìn thẳng,Nhìn thẳng,Bình thường
10:31:47 24/5/2026,Tập trung,98,56,87746,202756,22183,79490,41715,Nhìn thẳng,Nhìn thẳng,Vui vẻ
10:31:48 24/5/2026,Sao nhãng,91,53,64836,201439,49580,102341,22165,Quay trái,Liếc trái,Bình thường
10:31:49 24/5/2026,Tập trung,78,56,49370,220714,33507,147010,36124,Nhìn thẳng,Nhìn thẳng,Bình thường
10:31:50 24/5/2026,Tập trung,83,60,70223,113466,78178,117346,47274,Nhìn thẳng,Nhìn thẳng,Bình thường
10:31:51 24/5/2026,Sao nhãng,82,49,92672,174838,53265,137706,19759,Nhìn thẳng,Nhìn thẳng,Vui vẻ
10:31:52 24/5/2026,Tập trung,84,52,81771,147711,21104,146130,30095,Nhìn thẳng,Nhìn thẳng,Bình thường
10:31:53 24/5/2026,Sao nhãng,84,55,71493,208556,58782,120406,42868,Nhìn thẳng,Nhìn thẳng,Bình thường
10:31:54 24/5/2026,Tập trung,76,51,67558,108923,68015,86995,29093,Nhìn thẳng,Nhìn thẳng,Bình thường
10:31:56 24/5/2026,Tập trung,91,53,41844,237997,42121,65363,22000,Nhìn thẳng,Nhìn thẳng,Bình thường
10:31:57 24/5/2026,Tập trung,86,43,45312,207364,76786,118817,18941,Nhìn thẳng,Nhìn thẳng,Bình thường
10:31:58 24/5/2026,Tập trung,94,51,91844,186126,21149,145027,39758,Nhìn thẳng,Nhìn thẳng,Ngạc nhiên
10:31:59 24/5/2026,Tập trung,83,43,73381,241725,56557,139173,48091,Nhìn thẳng,Nhìn thẳng,Bình thường
10:32:00 24/5/2026,Tập trung,80,56,51237,256734,21101,108061,26861,Nhìn thẳng,Nhìn thẳng,Bình thường
10:32:01 24/5/2026,Tập trung,96,54,60724,245666,69457,137202,36853,Nhìn thẳng,Nhìn thẳng,Vui vẻ
10:32:02 24/5/2026,Tập trung,75,56,93911,243885,54720,100486,27760,Nhìn thẳng,Nhìn thẳng,Vui vẻ
10:32:03 24/5/2026,Tập trung,88,56,67801,267085,29157,122762,32759,Nhìn thẳng,Nhìn thẳng,Bình thường
10:32:04 24/5/2026,Tập trung,77,47,77764,165383,32837,134881,23472,Nhìn thẳng,Nhìn thẳng,Bình thường
10:32:05 24/5/2026,Tập trung,85,40,107713,207782,51415,82258,27524,Nhìn thẳng,Nhìn thẳng,Bình thường
10:32:06 24/5/2026,Tập trung,75,49,78373,208474,51853,56971,32633,Nhìn thẳng,Nhìn thẳng,Bình thường
10:32:07 24/5/2026,Tập trung,81,41,86439,229789,23065,136255,39757,Nhìn thẳng,Nhìn thẳng,Bình thường
10:32:08 24/5/2026,Tập trung,80,52,79330,194153,69844,67204,33659,Nhìn thẳng,Nhìn thẳng,Bình thường
10:32:09 24/5/2026,Tập trung,87,52,95023,203633,52793,114378,24830,Nhìn thẳng,Nhìn thẳng,Bình thường
10:32:10 24/5/2026,Tập trung,75,58,86960,147618,59506,56472,24468,Nhìn thẳng,Nhìn thẳng,Vui vẻ
10:32:11 24/5/2026,Sao nhãng,79,45,88758,204571,41010,62402,24759,Nhìn thẳng,Nhìn thẳng,Bình thường
10:32:12 24/5/2026,Tập trung,86,44,55398,232462,24658,70584,47541,Nhìn thẳng,Nhìn thẳng,Bình thường
10:32:13 24/5/2026,Tập trung,83,56,47229,210163,37502,63040,28441,Ngẩng lên,Liếc lên,Vui vẻ
10:32:14 24/5/2026,Tập trung,89,41,73435,219146,78159,95263,36112,Nhìn thẳng,Nhìn thẳng,Bình thường
10:32:15 24/5/2026,Tập trung,89,45,69633,237651,27978,141723,34147,Nhìn thẳng,Nhìn thẳng,Bình thường
10:32:16 24/5/2026,Tập trung,93,54,82375,263667,39894,92011,43360,Nhìn thẳng,Nhìn thẳng,Vui vẻ
10:32:17 24/5/2026,Tập trung,77,48,103847,219859,44993,120972,22441,Nhìn thẳng,Nhìn thẳng,Vui vẻ
10:32:18 24/5/2026,Tập trung,89,43,98938,197285,44756,58245,36502,Nhìn thẳng,Nhìn thẳng,Bình thường
10:32:19 24/5/2026,Tập trung,90,60,84587,172068,52319,66560,25088,Nhìn thẳng,Nhìn thẳng,Bình thường
10:32:20 24/5/2026,Tập trung,76,55,80402,251410,70496,98141,24613,Nhìn thẳng,Nhìn thẳng,Bình thường
10:32:21 24/5/2026,Tập trung,82,52,85961,171471,72833,80876,26808,Nhìn thẳng,Nhìn thẳng,Bình thường
10:32:22 24/5/2026,Tập trung,84,54,106379,185222,77466,66600,36805,Quay phải,Liếc phải,Ngạc nhiên
10:32:23 24/5/2026,Tập trung,85,41,100414,216017,29546,74561,24319,Nhìn thẳng,Nhìn thẳng,Bình thường
10:32:24 24/5/2026,Tập trung,97,53,77917,214541,52837,77308,21413,Nhìn thẳng,Nhìn thẳng,Bình thường
10:32:25 24/5/2026,Tập trung,85,51,82528,174474,41891,135619,37821,Nhìn thẳng,Nhìn thẳng,Bình thường
10:32:26 24/5/2026,Tập trung,84,52,74366,267530,48028,71737,36284,Nhìn thẳng,Nhìn thẳng,Bình thường
10:32:27 24/5/2026,Tập trung,95,46,100157,136362,67772,110267,26559,Nhìn thẳng,Nhìn thẳng,Bình thường
10:32:28 24/5/2026,Tập trung,79,49,82557,270266,55822,143645,43643,Nhìn thẳng,Nhìn thẳng,Bình thường
10:32:29 24/5/2026,Tập trung,83,51,75798,219997,55248,51842,34679,Nhìn thẳng,Nhìn thẳng,Bình thường
10:32:30 24/5/2026,Tập trung,96,40,99023,191891,68782,80236,37993,Nhìn thẳng,Nhìn thẳng,Bình thường
10:32:31 24/5/2026,Tập trung,94,47,83681,193482,46462,131822,21295,Nhìn thẳng,Nhìn thẳng,Bình thường
10:32:32 24/5/2026,Tập trung,79,53,87645,257923,79861,54201,23603,Nhìn thẳng,Nhìn thẳng,Vui vẻ
10:32:33 24/5/2026,Tập trung,95,48,74041,243424,31119,135830,37239,Nhìn thẳng,Nhìn thẳng,Bình thường
10:32:34 24/5/2026,Tập trung,91,48,97619,224424,69456,87768,33660,Nhìn thẳng,Nhìn thẳng,Bình thường
10:32:35 24/5/2026,Tập trung,77,51,61648,212617,74445,97384,45490,Nhìn thẳng,Nhìn thẳng,Bình thường
10:32:36 24/5/2026,Sao nhãng,81,55,80571,185471,29656,56387,44148,Nhìn thẳng,Nhìn thẳng,Bình thường
10:32:37 24/5/2026,Tập trung,87,45,79641,209765,27335,84412,28011,Nhìn thẳng,Nhìn thẳng,Vui vẻ
10:32:38 24/5/2026,Tập trung,83,57,86861,149984,53766,147373,34352,Nhìn thẳng,Nhìn thẳng,Bình thường
10:32:39 24/5/2026,Tập trung,81,45,60182,239817,30866,134824,27853,Nhìn thẳng,Nhìn thẳng,Vui vẻ
10:32:40 24/5/2026,Tập trung,90,58,60132,203124,69554,122641,30255,Nhìn thẳng,Nhìn thẳng,Bình thường
10:32:42 24/5/2026,Tập trung,92,53,69204,204211,64395,52847,32876,Nhìn thẳng,Nhìn thẳng,Bình thường
10:32:43 24/5/2026,Tập trung,92,50,92542,151059,60520,134545,27400,Nhìn thẳng,Nhìn thẳng,Vui vẻ
10:32:44 24/5/2026,Tập trung,87,45,80935,216074,74672,99537,41383,Cúi xuống,Liếc xuống,Ngạc nhiên
10:32:45 24/5/2026,Tập trung,93,42,84822,173343,27473,106435,22354,Quay phải,Liếc trái,Bình thường
10:32:46 24/5/2026,Tập trung,85,45,75055,138512,28882,74496,32465,Nhìn thẳng,Nhìn thẳng,Vui vẻ
10:32:47 24/5/2026,Tập trung,94,60,82809,152373,26056,52551,36823,Nhìn thẳng,Nhìn thẳng,Bình thường
10:32:48 24/5/2026,Tập trung,84,54,96644,235517,45433,81136,22329,Nhìn thẳng,Nhìn thẳng,Bình thường
10:32:49 24/5/2026,Tập trung,93,46,80345,225477,34585,103661,38920,Nhìn thẳng,Nhìn thẳng,Bình thường
10:32:50 24/5/2026,Tập trung,82,50,66401,203679,56954,97762,24528,Nhìn thẳng,Nhìn thẳng,Bình thường
10:32:51 24/5/2026,Tập trung,93,53,111730,226681,41798,131153,26451,Nhìn thẳng,Nhìn thẳng,Bình thường
10:32:52 24/5/2026,Tập trung,76,52,91801,116263,67660,75954,31089,Quay phải,Liếc lên,Bình thường
10:32:53 24/5/2026,Tập trung,91,57,74787,226169,50098,136647,29780,Nhìn thẳng,Nhìn thẳng,Bình thường
10:32:54 24/5/2026,Tập trung,90,59,79977,181075,63427,64402,29788,Nhìn thẳng,Nhìn thẳng,Bình thường
10:32:55 24/5/2026,Tập trung,76,40,74392,166741,21594,114696,24732,Nhìn thẳng,Nhìn thẳng,Bình thường
10:32:56 24/5/2026,Tập trung,92,40,51743,188773,74476,116680,28439,Quay phải,Liếc phải,Bình thường
10:32:57 24/5/2026,Tập trung,92,50,64386,197402,30131,100403,41262,Nhìn thẳng,Nhìn thẳng,Bình thường
10:32:58 24/5/2026,Tập trung,79,52,84888,197270,61465,74718,21339,Nhìn thẳng,Nhìn thẳng,Vui vẻ
10:32:59 24/5/2026,Tập trung,76,51,84600,170058,46659,118468,17687,Nhìn thẳng,Nhìn thẳng,Bình thường
10:33:00 24/5/2026,Tập trung,75,42,90481,201122,22216,74692,28568,Nhìn thẳng,Nhìn thẳng,Bình thường
10:33:01 24/5/2026,Tập trung,76,48,85319,247042,63612,78762,28812,Nhìn thẳng,Nhìn thẳng,Bình thường
10:33:02 24/5/2026,Tập trung,94,46,71184,218847,29378,116710,21579,Cúi xuống,Liếc phải,Bình thường
10:33:03 24/5/2026,Tập trung,94,50,50071,190921,45720,134174,32068,Nhìn thẳng,Nhìn thẳng,Ngạc nhiên
10:33:04 24/5/2026,Tập trung,93,54,115540,136507,77961,94938,45929,Nhìn thẳng,Nhìn thẳng,Bình thường
10:33:05 24/5/2026,Tập trung,79,59,90230,183264,37327,149870,35567,Nhìn thẳng,Nhìn thẳng,Bình thường
10:33:06 24/5/2026,Tập trung,86,40,82818,183866,45371,76510,23316,Nhìn thẳng,Nhìn thẳng,Bình thường
10:33:07 24/5/2026,Tập trung,86,49,84674,175833,37429,57913,21406,Nhìn thẳng,Nhìn thẳng,Bình thường
10:33:08 24/5/2026,Tập trung,84,48,86669,249309,59587,101964,28908,Nhìn thẳng,Nhìn thẳng,Bình thường
10:33:09 24/5/2026,Tập trung,94,50,86900,235318,65173,50466,25895,Ngẩng lên,Liếc trái,Bình thường
10:33:21 24/5/2026,Sao nhãng,28,74,58797,9818,578152,851934,4475,Quay phải,Liếc xuống,Bình thường
10:33:22 24/5/2026,Sao nhãng,40,94,55158,3781,438350,1015022,4692,Quay trái,Liếc trái,Buồn bã
10:33:23 24/5/2026,Sao nhãng,11,80,79473,14593,741823,1378532,4308,Nhìn thẳng,Nhìn thẳng,Buồn bã
10:33:24 24/5/2026,Sao nhãng,39,78,56572,4804,246084,573653,5326,Cúi xuống,Liếc xuống,Khó chịu
10:33:25 24/5/2026,Sao nhãng,20,77,79594,6103,543361,1462735,3113,Quay trái,Liếc lên,Buồn bã
10:33:26 24/5/2026,Sao nhãng,28,74,55888,10124,395056,1322641,4614,Quay trái,Liếc trái,Buồn bã
10:33:27 24/5/2026,Sao nhãng,30,68,39864,10480,416692,1088746,2597,Ngẩng lên,Liếc trái,Buồn bã
10:33:28 24/5/2026,Sao nhãng,15,63,46317,7631,534124,1190690,5203,Không tìm thấy mặt,Không tìm thấy mắt,Khó chịu
10:33:29 24/5/2026,Sao nhãng,38,86,60611,12049,271060,526321,3554,Quay trái,Liếc trái,Buồn bã
10:33:30 24/5/2026,Sao nhãng,33,66,36810,18262,584839,556987,3387,Cúi xuống,Liếc phải,Bình thường
10:33:31 24/5/2026,Sao nhãng,35,83,58447,7582,739481,953047,3396,Cúi xuống,Liếc phải,Khó chịu
10:33:32 24/5/2026,Sao nhãng,40,78,57436,8578,619817,1100589,2573,Quay trái,Liếc trái,Buồn bã
10:33:33 24/5/2026,Sao nhãng,19,60,44004,16908,466205,1114541,3644,Nhìn thẳng,Nhìn thẳng,Buồn bã
10:33:34 24/5/2026,Tập trung,24,73,32268,7488,607734,1009063,4077,Ngẩng lên,Liếc trái,Khó chịu
10:33:35 24/5/2026,Sao nhãng,33,61,55962,18072,376348,631520,4796,Quay trái,Liếc trái,Buồn bã
10:33:36 24/5/2026,Sao nhãng,13,85,38231,15344,391806,767620,4477,Không tìm thấy mặt,Không tìm thấy mắt,Buồn bã
10:33:37 24/5/2026,Sao nhãng,29,92,47668,11539,472165,1203387,4483,Không tìm thấy mặt,Không tìm thấy mắt,Buồn bã
10:33:38 24/5/2026,Sao nhãng,36,78,44598,16023,269462,1131570,4747,Không tìm thấy mặt,Không tìm thấy mắt,Khó chịu
10:33:39 24/5/2026,Sao nhãng,26,67,58608,16339,232701,1070136,1521,Quay phải,Liếc phải,Bình thường
10:33:40 24/5/2026,Sao nhãng,18,91,47465,12896,597342,1271715,2543,Cúi xuống,Liếc phải,Tức giận
10:33:41 24/5/2026,Sao nhãng,24,76,30684,16557,417675,1344475,2793,Không tìm thấy mặt,Không tìm thấy mắt,Buồn bã
10:33:42 24/5/2026,Sao nhãng,28,75,53734,17720,363755,697658,2920,Không tìm thấy mặt,Không tìm thấy mắt,Khó chịu
10:33:43 24/5/2026,Sao nhãng,22,69,38013,10183,453227,1201024,4200,Quay trái,Liếc trái,Buồn bã
10:33:44 24/5/2026,Sao nhãng,32,73,68325,14528,429379,998068,3575,Quay trái,Liếc trái,Bình thường
10:33:45 24/5/2026,Sao nhãng,23,93,58181,12960,734773,547396,4120,Quay trái,Liếc trái,Buồn bã
10:33:46 24/5/2026,Sao nhãng,23,84,34517,14083,619516,1278736,2874,Nhìn thẳng,Nhìn thẳng,Buồn bã
10:33:47 24/5/2026,Sao nhãng,27,67,24135,12629,319210,1408426,4144,Quay trái,Liếc trái,Buồn bã
10:33:48 24/5/2026,Sao nhãng,31,91,69699,12519,314640,847519,3310,Không tìm thấy mặt,Không tìm thấy mắt,Khó chịu
10:33:49 24/5/2026,Sao nhãng,21,81,57580,10971,456403,590491,1716,Quay phải,Liếc phải,Buồn bã
10:33:50 24/5/2026,Sao nhãng,40,83,64656,19055,503635,1418594,3693,Nhìn thẳng,Nhìn thẳng,Khó chịu
10:33:51 24/5/2026,Sao nhãng,34,60,46869,13089,694059,833572,4324,Quay phải,Liếc phải,Buồn bã
10:33:52 24/5/2026,Sao nhãng,20,94,39202,11096,657388,1043565,5061,Nhìn thẳng,Nhìn thẳng,Bình thường
10:33:53 24/5/2026,Sao nhãng,21,87,53535,10098,611094,1372541,4914,Nhìn thẳng,Nhìn thẳng,Khó chịu
10:33:54 24/5/2026,Sao nhãng,18,80,57962,15456,260530,642899,3703,Quay trái,Liếc trái,Buồn bã
10:33:55 24/5/2026,Sao nhãng,12,78,54664,5755,374802,1096519,3844,Quay phải,Liếc phải,Buồn bã
10:33:56 24/5/2026,Sao nhãng,26,84,47705,10481,329344,507575,2811,Quay trái,Liếc trái,Khó chịu
10:33:57 24/5/2026,Sao nhãng,38,91,77779,13692,380052,1464597,2491,Quay trái,Liếc lên,Buồn bã
10:33:58 24/5/2026,Sao nhãng,19,94,41219,16213,634671,1290234,3299,Quay trái,Liếc trái,Tức giận
10:34:00 24/5/2026,Sao nhãng,13,93,48769,8683,518454,1144115,2177,Không tìm thấy mặt,Không tìm thấy mắt,Khó chịu
10:34:01 24/5/2026,Sao nhãng,21,89,28322,14383,514370,799504,3438,Quay phải,Liếc phải,Bình thường
10:34:02 24/5/2026,Sao nhãng,38,62,43820,12294,633535,1093324,4816,Quay trái,Liếc trái,Buồn bã
10:34:03 24/5/2026,Sao nhãng,22,77,40522,11506,754099,1037780,2544,Không tìm thấy mặt,Không tìm thấy mắt,Buồn bã
10:34:04 24/5/2026,Sao nhãng,28,89,53484,4954,287122,799249,3519,Không tìm thấy mặt,Không tìm thấy mắt,Khó chịu
10:34:05 24/5/2026,Sao nhãng,10,92,33415,7770,355259,1351273,2098,Nhìn thẳng,Nhìn thẳng,Buồn bã
10:34:06 24/5/2026,Sao nhãng,35,91,43716,13035,475524,879979,4257,Quay phải,Liếc phải,Khó chịu
10:34:07 24/5/2026,Sao nhãng,39,68,34149,7848,569922,948630,2211,Quay phải,Liếc phải,Buồn bã
10:34:08 24/5/2026,Sao nhãng,22,90,65160,11046,596495,803480,5488,Quay phải,Liếc phải,Khó chịu
10:34:09 24/5/2026,Sao nhãng,17,95,32493,5414,590603,1466950,2855,Không tìm thấy mặt,Không tìm thấy mắt,Buồn bã
10:34:10 24/5/2026,Sao nhãng,19,77,48231,9855,339746,1048401,2544,Không tìm thấy mặt,Không tìm thấy mắt,Khó chịu
10:34:11 24/5/2026,Sao nhãng,40,79,50003,8291,324950,1058944,3883,Nhìn thẳng,Nhìn thẳng,Buồn bã
10:34:12 24/5/2026,Sao nhãng,29,72,58270,4904,481063,600088,3544,Ngẩng lên,Liếc trái,Buồn bã
10:34:13 24/5/2026,Sao nhãng,34,93,59418,11279,231621,1057936,3081,Nhìn thẳng,Nhìn thẳng,Buồn bã
10:34:14 24/5/2026,Sao nhãng,21,65,60503,10090,264419,944182,3567,Quay phải,Liếc phải,Buồn bã
10:34:15 24/5/2026,Sao nhãng,12,69,42099,11139,519815,1416923,4136,Quay phải,Liếc phải,Buồn bã
10:34:16 24/5/2026,Sao nhãng,15,68,54879,19319,734559,1056176,5004,Quay phải,Liếc phải,Bình thường
10:34:17 24/5/2026,Sao nhãng,23,63,35358,8677,681352,682861,3458,Nhìn thẳng,Nhìn thẳng,Khó chịu
10:34:18 24/5/2026,Sao nhãng,27,62,44952,9881,385288,605576,2169,Không tìm thấy mặt,Không tìm thấy mắt,Bình thường
10:34:19 24/5/2026,Sao nhãng,30,90,57009,2518,262896,705801,3620,Cúi xuống,Liếc phải,Buồn bã
10:34:20 24/5/2026,Sao nhãng,39,71,69365,6764,280274,999942,3204,Quay trái,Liếc trái,Bình thường
10:34:21 24/5/2026,Sao nhãng,21,93,54328,11903,679706,668430,4087,Quay phải,Liếc phải,Buồn bã
10:34:22 24/5/2026,Sao nhãng,14,66,45329,9107,268988,1011978,2648,Nhìn thẳng,Nhìn thẳng,Buồn bã
10:34:23 24/5/2026,Sao nhãng,14,85,68300,9397,264427,1385527,4822,Nhìn thẳng,Nhìn thẳng,Buồn bã
10:34:24 24/5/2026,Sao nhãng,34,70,58961,8564,588200,1091258,4789,Quay trái,Liếc trái,Bình thường
10:34:25 24/5/2026,Sao nhãng,32,86,61254,7248,653749,850059,4175,Quay trái,Liếc trái,Tức giận
10:34:26 24/5/2026,Sao nhãng,12,61,62116,18024,327652,1045421,3652,Không tìm thấy mặt,Không tìm thấy mắt,Buồn bã
10:34:27 24/5/2026,Sao nhãng,25,79,31720,12599,622418,1432777,3605,Không tìm thấy mặt,Không tìm thấy mắt,Khó chịu
10:34:28 24/5/2026,Sao nhãng,12,92,37191,13323,528630,997481,3575,Quay phải,Liếc phải,Buồn bã
10:34:29 24/5/2026,Sao nhãng,26,68,53878,13933,396442,1363746,3573,Quay phải,Liếc phải,Bình thường
10:34:30 24/5/2026,Sao nhãng,38,87,50516,14733,229104,832617,4503,Cúi xuống,Liếc phải,Khó chịu
10:34:31 24/5/2026,Sao nhãng,32,85,52386,5610,217149,1494352,4213,Ngẩng lên,Liếc trái,Buồn bã
10:34:32 24/5/2026,Sao nhãng,38,94,49986,5217,667725,1048485,4247,Quay phải,Liếc phải,Bình thường
10:34:33 24/5/2026,Sao nhãng,32,60,68351,10423,629665,900467,4975,Không tìm thấy mặt,Không tìm thấy mắt,Bình thường
10:34:34 24/5/2026,Sao nhãng,14,91,43529,16338,643173,581619,2651,Quay trái,Liếc lên,Buồn bã
10:34:35 24/5/2026,Sao nhãng,13,60,58743,11237,299482,863743,2148,Quay phải,Liếc phải,Khó chịu
10:34:36 24/5/2026,Sao nhãng,10,62,69461,15669,405408,505218,3997,Quay trái,Liếc trái,Buồn bã
10:34:37 24/5/2026,Sao nhãng,22,78,38266,7874,656990,636843,3366,Quay trái,Liếc trái,Khó chịu
10:34:38 24/5/2026,Sao nhãng,34,79,52101,8311,797799,1475574,3161,Nhìn thẳng,Nhìn thẳng,Buồn bã
10:34:39 24/5/2026,Sao nhãng,11,92,40143,6328,751911,1079522,2765,Quay trái,Liếc trái,Buồn bã
10:34:40 24/5/2026,Sao nhãng,36,81,26918,11556,208559,825610,4752,Quay phải,Liếc phải,Khó chịu
10:34:42 24/5/2026,Sao nhãng,26,91,43629,11255,231927,848112,3014,Quay trái,Liếc trái,Buồn bã
10:34:43 24/5/2026,Sao nhãng,31,74,52455,12009,338109,1163288,2383,Nhìn thẳng,Nhìn thẳng,Buồn bã
10:34:44 24/5/2026,Sao nhãng,22,74,50459,11021,332502,1395752,4854,Quay phải,Liếc phải,Khó chịu
10:34:45 24/5/2026,Sao nhãng,40,86,42953,8494,684437,1133185,3018,Quay phải,Liếc phải,Bình thường
10:34:46 24/5/2026,Sao nhãng,35,95,40064,7676,211981,517851,2931,Quay phải,Liếc phải,Tức giận
10:34:47 24/5/2026,Sao nhãng,35,93,61582,14388,478487,871680,3891,Quay trái,Liếc trái,Buồn bã
10:34:48 24/5/2026,Sao nhãng,34,81,68646,14618,694026,1324475,2484,Quay phải,Liếc phải,Buồn bã
10:34:49 24/5/2026,Sao nhãng,36,82,35474,13413,495599,930343,3926,Quay trái,Liếc trái,Bình thường
10:34:50 24/5/2026,Sao nhãng,28,79,74120,10146,761459,1285275,4891,Nhìn thẳng,Nhìn thẳng,Buồn bã
10:34:51 24/5/2026,Sao nhãng,10,64,49774,14470,466554,1054498,2866,Quay phải,Liếc phải,Khó chịu
10:34:52 24/5/2026,Sao nhãng,38,76,36277,11484,458243,717066,3519,Quay trái,Liếc trái,Buồn bã
10:34:53 24/5/2026,Sao nhãng,39,76,64332,13751,255065,737423,2672,Quay phải,Liếc phải,Bình thường
10:34:54 24/5/2026,Sao nhãng,27,92,55929,12058,243872,945717,3129,Quay trái,Liếc trái,Buồn bã
10:34:55 24/5/2026,Sao nhãng,10,61,78659,14821,206893,823214,3673,Không tìm thấy mặt,Không tìm thấy mắt,Buồn bã
10:34:56 24/5/2026,Sao nhãng,15,66,51827,10535,349994,1080794,3375,Nhìn thẳng,Nhìn thẳng,Khó chịu
10:34:57 24/5/2026,Sao nhãng,20,66,28432,7771,588484,1004111,3224,Quay trái,Liếc trái,Buồn bã
10:34:58 24/5/2026,Sao nhãng,15,88,53555,10981,593787,1124798,3253,Nhìn thẳng,Nhìn thẳng,Bình thường
10:34:59 24/5/2026,Sao nhãng,21,71,46002,6709,331206,803458,1937,Quay phải,Liếc phải,Bình thường
10:35:00 24/5/2026,Sao nhãng,12,82,49446,9173,684631,786912,2395,Nhìn thẳng,Nhìn thẳng,Buồn bã
10:35:01 24/5/2026,Sao nhãng,20,80,43822,13268,759077,1361920,3835,Nhìn thẳng,Nhìn thẳng,Khó chịu
10:35:02 24/5/2026,Sao nhãng,26,84,74976,9411,454341,721165,4202,Nhìn thẳng,Nhìn thẳng,Buồn bã
10:35:03 24/5/2026,Sao nhãng,23,71,74920,7915,680006,1167228,3243,Không tìm thấy mặt,Không tìm thấy mắt,Buồn bã
10:35:04 24/5/2026,Sao nhãng,24,64,50439,15663,557133,712802,4236,Nhìn thẳng,Nhìn thẳng,Khó chịu
10:35:05 24/5/2026,Sao nhãng,11,67,42442,12613,338392,1253194,1438,Nhìn thẳng,Nhìn thẳng,Buồn bã
10:35:06 24/5/2026,Tập trung,29,81,39724,9585,427997,543251,5259,Quay phải,Liếc phải,Khó chịu
10:35:07 24/5/2026,Sao nhãng,22,78,48982,11779,706677,1274754,3872,Nhìn thẳng,Nhìn thẳng,Buồn bã
10:35:08 24/5/2026,Sao nhãng,25,91,61819,13956,410294,701459,3728,Quay phải,Liếc phải,Buồn bã
10:35:09 24/5/2026,Sao nhãng,26,92,42283,8657,359369,1450750,3142,Quay phải,Liếc phải,Khó chịu
10:35:10 24/5/2026,Sao nhãng,38,93,45935,9236,405960,879590,2139,Quay phải,Liếc phải,Tức giận
10:35:11 24/5/2026,Sao nhãng,38,80,60825,14464,443826,1323303,3244,Ngẩng lên,Liếc trái,Buồn bã
10:35:12 24/5/2026,Sao nhãng,16,87,53322,14470,209145,1370267,4151,Quay phải,Liếc phải,Buồn bã
10:35:13 24/5/2026,Sao nhãng,22,66,66378,16164,609154,1389186,4865,Quay trái,Liếc trái,Khó chịu
10:35:14 24/5/2026,Sao nhãng,24,90,40779,12509,579279,1108456,1697,Quay phải,Liếc phải,Buồn bã
10:35:15 24/5/2026,Sao nhãng,33,93,41869,8481,456229,1238678,3071,Quay phải,Liếc phải,Buồn bã
10:35:16 24/5/2026,Sao nhãng,26,82,36945,12365,528128,756106,4373,Nhìn thẳng,Nhìn thẳng,Buồn bã
10:35:17 24/5/2026,Sao nhãng,26,63,50247,14001,233142,504485,2806,Không tìm thấy mặt,Không tìm thấy mắt,Bình thường
10:35:18 24/5/2026,Sao nhãng,20,74,41465,7138,682857,737587,2588,Không tìm thấy mặt,Không tìm thấy mắt,Khó chịu
10:35:19 24/5/2026,Sao nhãng,18,85,47159,4056,637818,1470812,4299,Quay phải,Liếc phải,Buồn bã
10:35:20 24/5/2026,Sao nhãng,15,76,59934,16146,625763,1474408,3296,Quay trái,Liếc trái,Khó chịu
10:35:44 24/5/2026,Sao nhãng,80,54,74850,245642,21771,79073,42227,Nhìn thẳng,Nhìn thẳng,Bình thường
10:35:45 24/5/2026,Tập trung,79,41,68391,194448,43517,90502,25669,Nhìn thẳng,Nhìn thẳng,Bình thường
10:35:46 24/5/2026,Tập trung,84,55,86763,240828,30212,122559,34691,Nhìn thẳng,Nhìn thẳng,Bình thường
10:35:47 24/5/2026,Tập trung,96,52,49069,124308,49082,53468,39889,Nhìn thẳng,Nhìn thẳng,Bình thường
10:35:48 24/5/2026,Tập trung,93,60,54818,194154,70292,117946,41647,Cúi xuống,Liếc trái,Vui vẻ
10:35:49 24/5/2026,Tập trung,87,57,67649,148125,26016,123870,39094,Nhìn thẳng,Nhìn thẳng,Bình thường
10:35:50 24/5/2026,Tập trung,93,55,69249,239984,28170,56742,33350,Nhìn thẳng,Nhìn thẳng,Vui vẻ
10:35:51 24/5/2026,Tập trung,75,47,96686,220100,37870,147186,29505,Nhìn thẳng,Nhìn thẳng,Bình thường
10:35:52 24/5/2026,Tập trung,91,55,82850,219506,33657,99652,42381,Nhìn thẳng,Nhìn thẳng,Bình thường
10:35:54 24/5/2026,Tập trung,75,45,105759,237660,24335,123022,42006,Nhìn thẳng,Nhìn thẳng,Bình thường
10:35:55 24/5/2026,Tập trung,77,54,100519,171785,32019,80089,35671,Nhìn thẳng,Nhìn thẳng,Bình thường
10:35:56 24/5/2026,Tập trung,95,44,69412,167674,77120,148604,37962,Nhìn thẳng,Nhìn thẳng,Bình thường
10:35:57 24/5/2026,Tập trung,87,49,67136,181012,79828,97809,28353,Nhìn thẳng,Nhìn thẳng,Bình thường
10:35:58 24/5/2026,Tập trung,95,52,107767,196209,44409,115989,33955,Nhìn thẳng,Nhìn thẳng,Ngạc nhiên
10:35:59 24/5/2026,Tập trung,92,43,87701,205485,68763,55030,28078,Nhìn thẳng,Nhìn thẳng,Bình thường
10:36:00 24/5/2026,Tập trung,90,58,106255,146006,79233,132697,38459,Nhìn thẳng,Nhìn thẳng,Bình thường
10:36:01 24/5/2026,Tập trung,91,45,79048,184044,32311,108601,31049,Nhìn thẳng,Nhìn thẳng,Bình thường
10:36:02 24/5/2026,Tập trung,75,51,106331,198527,64029,52700,31097,Nhìn thẳng,Nhìn thẳng,Bình thường
10:36:03 24/5/2026,Tập trung,89,58,81625,168174,37131,149005,19447,Nhìn thẳng,Nhìn thẳng,Bình thường
10:36:04 24/5/2026,Tập trung,78,44,80787,202603,79807,111449,27527,Nhìn thẳng,Nhìn thẳng,Bình thường
10:36:05 24/5/2026,Tập trung,85,50,52139,275268,46313,135271,26822,Nhìn thẳng,Nhìn thẳng,Bình thường
10:36:06 24/5/2026,Tập trung,87,49,94411,214780,66696,84984,22297,Nhìn thẳng,Nhìn thẳng,Bình thường
10:36:07 24/5/2026,Tập trung,93,44,112855,152020,36465,71563,21455,Nhìn thẳng,Nhìn thẳng,Bình thường
10:36:08 24/5/2026,Tập trung,94,57,106518,278181,60845,122655,27955,Nhìn thẳng,Nhìn thẳng,Bình thường
10:36:09 24/5/2026,Tập trung,79,47,97440,243470,70118,137771,31589,Nhìn thẳng,Nhìn thẳng,Bình thường
10:36:10 24/5/2026,Tập trung,87,42,67289,259558,26719,61273,39315,Nhìn thẳng,Nhìn thẳng,Bình thường
10:36:11 24/5/2026,Tập trung,85,56,80677,184480,61568,96784,29205,Quay phải,Liếc xuống,Bình thường
10:36:12 24/5/2026,Sao nhãng,78,52,75213,126056,79586,120202,33968,Nhìn thẳng,Nhìn thẳng,Bình thường
10:36:13 24/5/2026,Tập trung,81,56,70370,241010,37933,96538,43160,Nhìn thẳng,Nhìn thẳng,Bình thường
10:36:14 24/5/2026,Tập trung,75,54,77766,201891,73530,131998,33146,Nhìn thẳng,Nhìn thẳng,Bình thường
10:36:15 24/5/2026,Tập trung,85,59,69309,135366,61165,82618,46829,Nhìn thẳng,Nhìn thẳng,Ngạc nhiên
10:36:16 24/5/2026,Sao nhãng,86,56,69018,227580,34771,107784,22468,Nhìn thẳng,Nhìn thẳng,Bình thường
10:36:17 24/5/2026,Tập trung,88,54,60447,224612,35188,135267,28738,Nhìn thẳng,Nhìn thẳng,Bình thường
10:36:18 24/5/2026,Tập trung,81,41,57781,202548,78544,102146,39511,Nhìn thẳng,Nhìn thẳng,Bình thường
10:36:19 24/5/2026,Tập trung,98,51,74995,219325,21191,80139,30378,Nhìn thẳng,Nhìn thẳng,Bình thường
10:36:20 24/5/2026,Tập trung,84,60,88828,174656,64707,104544,38196,Nhìn thẳng,Nhìn thẳng,Bình thường
10:36:21 24/5/2026,Tập trung,83,58,76539,201706,30682,133286,25500,Nhìn thẳng,Nhìn thẳng,Bình thường
10:36:22 24/5/2026,Tập trung,95,51,66987,138070,70608,97168,40173,Nhìn thẳng,Nhìn thẳng,Vui vẻ
10:36:23 24/5/2026,Tập trung,98,46,51433,184814,21055,141440,27643,Nhìn thẳng,Nhìn thẳng,Bình thường
10:36:24 24/5/2026,Tập trung,83,40,64395,146288,46850,140483,35335,Nhìn thẳng,Nhìn thẳng,Bình thường
10:36:25 24/5/2026,Tập trung,92,47,78516,203714,56374,94013,19133,Cúi xuống,Liếc phải,Vui vẻ
10:36:26 24/5/2026,Tập trung,75,58,64117,234132,50436,125978,27862,Nhìn thẳng,Nhìn thẳng,Bình thường
10:36:27 24/5/2026,Sao nhãng,76,52,81801,178245,25700,67987,37681,Nhìn thẳng,Nhìn thẳng,Bình thường
10:36:28 24/5/2026,Tập trung,86,57,79272,267006,55678,66775,40488,Nhìn thẳng,Nhìn thẳng,Bình thường
10:36:29 24/5/2026,Sao nhãng,96,47,67346,187782,33567,56676,35027,Nhìn thẳng,Nhìn thẳng,Bình thường
10:36:30 24/5/2026,Tập trung,93,55,79789,202272,48289,84132,39371,Nhìn thẳng,Nhìn thẳng,Bình thường
10:36:31 24/5/2026,Tập trung,95,45,84528,181131,65711,94332,34219,Nhìn thẳng,Nhìn thẳng,Vui vẻ
10:36:32 24/5/2026,Tập trung,85,46,81036,256352,79031,116236,43119,Nhìn thẳng,Nhìn thẳng,Bình thường
10:36:33 24/5/2026,Tập trung,80,48,80019,223017,65336,88145,24932,Nhìn thẳng,Nhìn thẳng,Bình thường
10:36:34 24/5/2026,Tập trung,81,51,110706,143288,52750,114333,21934,Nhìn thẳng,Nhìn thẳng,Vui vẻ
10:36:35 24/5/2026,Tập trung,88,40,67343,216221,79820,143403,26231,Nhìn thẳng,Nhìn thẳng,Bình thường
10:36:36 24/5/2026,Tập trung,78,52,105937,160682,25329,103012,38775,Nhìn thẳng,Nhìn thẳng,Bình thường
10:36:37 24/5/2026,Tập trung,84,46,84154,221822,32264,113395,22227,Cúi xuống,Liếc lên,Ngạc nhiên
10:36:38 24/5/2026,Tập trung,89,49,94717,216428,31623,79255,20365,Nhìn thẳng,Nhìn thẳng,Bình thường
10:36:40 24/5/2026,Tập trung,85,59,61542,246670,46560,56561,35136,Nhìn thẳng,Nhìn thẳng,Bình thường
10:36:41 24/5/2026,Tập trung,96,59,72215,195855,78857,134345,28382,Nhìn thẳng,Nhìn thẳng,Bình thường
10:36:42 24/5/2026,Tập trung,89,51,61840,174454,50662,95057,32571,Nhìn thẳng,Nhìn thẳng,Bình thường
10:36:43 24/5/2026,Tập trung,91,59,111307,150119,46557,101882,30924,Nhìn thẳng,Nhìn thẳng,Bình thường
10:36:44 24/5/2026,Tập trung,91,43,86476,141025,65440,81899,32318,Nhìn thẳng,Nhìn thẳng,Bình thường
10:36:45 24/5/2026,Sao nhãng,77,59,91336,136969,31758,106450,34295,Nhìn thẳng,Nhìn thẳng,Bình thường
10:36:46 24/5/2026,Tập trung,78,47,62379,240439,29782,81747,32180,Nhìn thẳng,Nhìn thẳng,Bình thường
10:36:47 24/5/2026,Tập trung,89,51,91187,278575,28536,53568,23907,Nhìn thẳng,Nhìn thẳng,Vui vẻ
10:36:48 24/5/2026,Tập trung,86,56,114870,172064,41168,82869,37561,Nhìn thẳng,Nhìn thẳng,Bình thường
10:36:49 24/5/2026,Tập trung,85,52,83627,238239,35696,75653,36448,Nhìn thẳng,Nhìn thẳng,Vui vẻ
10:36:50 24/5/2026,Tập trung,95,54,77756,166333,51840,141557,37282,Nhìn thẳng,Nhìn thẳng,Vui vẻ
10:36:51 24/5/2026,Tập trung,86,48,82623,195318,24063,141851,44539,Nhìn thẳng,Nhìn thẳng,Vui vẻ
10:36:52 24/5/2026,Sao nhãng,80,59,77745,188221,44264,101860,30158,Nhìn thẳng,Nhìn thẳng,Vui vẻ
10:36:53 24/5/2026,Tập trung,94,55,84862,233668,30430,125612,17171,Nhìn thẳng,Nhìn thẳng,Bình thường
10:36:54 24/5/2026,Tập trung,81,45,79717,229525,35287,72550,27597,Nhìn thẳng,Nhìn thẳng,Bình thường
10:36:55 24/5/2026,Tập trung,81,59,75039,185908,38857,87904,33198,Nhìn thẳng,Nhìn thẳng,Bình thường
10:36:56 24/5/2026,Tập trung,93,41,60734,164495,70217,101987,20797,Nhìn thẳng,Nhìn thẳng,Vui vẻ
10:36:57 24/5/2026,Tập trung,86,42,110687,135498,34125,64039,47574,Nhìn thẳng,Nhìn thẳng,Bình thường
10:36:58 24/5/2026,Tập trung,77,50,76468,215375,77925,128753,27184,Ngẩng lên,Liếc xuống,Bình thường
10:36:59 24/5/2026,Tập trung,80,45,52541,238758,26835,93650,41446,Nhìn thẳng,Nhìn thẳng,Bình thường
10:37:00 24/5/2026,Tập trung,95,56,111191,196808,42420,139182,34148,Nhìn thẳng,Nhìn thẳng,Bình thường
10:37:01 24/5/2026,Tập trung,85,52,56219,279320,54654,82199,20320,Nhìn thẳng,Nhìn thẳng,Ngạc nhiên
10:37:02 24/5/2026,Tập trung,94,45,80321,151294,77972,93261,33689,Nhìn thẳng,Nhìn thẳng,Bình thường
10:37:03 24/5/2026,Tập trung,82,50,62916,197533,55342,82501,29824,Nhìn thẳng,Nhìn thẳng,Bình thường
10:37:04 24/5/2026,Tập trung,85,45,50314,222091,26862,115972,27740,Nhìn thẳng,Nhìn thẳng,Bình thường
10:37:05 24/5/2026,Tập trung,81,47,100724,206651,26807,83751,40444,Nhìn thẳng,Nhìn thẳng,Bình thường
10:37:06 24/5/2026,Sao nhãng,79,51,102955,250476,27074,136575,23688,Quay trái,Liếc trái,Bình thường
10:37:07 24/5/2026,Tập trung,77,60,73939,153864,71371,140594,43977,Nhìn thẳng,Nhìn thẳng,Bình thường
10:37:08 24/5/2026,Sao nhãng,97,57,87641,154475,78621,132423,29102,Nhìn thẳng,Nhìn thẳng,Vui vẻ
10:37:09 24/5/2026,Tập trung,91,57,77901,249910,36289,56252,23095,Nhìn thẳng,Nhìn thẳng,Bình thường
10:37:10 24/5/2026,Tập trung,87,56,105452,234437,71391,87737,30802,Nhìn thẳng,Nhìn thẳng,Bình thường
10:37:11 24/5/2026,Tập trung,97,52,67608,157539,72417,124133,30988,Nhìn thẳng,Nhìn thẳng,Bình thường
10:37:12 24/5/2026,Tập trung,82,60,79297,244534,54319,149754,38595,Nhìn thẳng,Nhìn thẳng,Bình thường
10:37:13 24/5/2026,Tập trung,98,43,51136,279421,22044,103888,26350,Nhìn thẳng,Nhìn thẳng,Bình thường
10:37:14 24/5/2026,Tập trung,85,58,84614,186170,69626,94483,29827,Cúi xuống,Liếc trái,Bình thường
10:37:15 24/5/2026,Tập trung,95,58,97863,148071,60777,124623,43226,Quay trái,Liếc xuống,Bình thường
10:37:16 24/5/2026,Tập trung,81,47,69951,200220,59776,91818,42395,Nhìn thẳng,Nhìn thẳng,Bình thường
10:37:17 24/5/2026,Tập trung,75,45,53391,225173,71948,98766,21694,Nhìn thẳng,Nhìn thẳng,Bình thường
10:37:18 24/5/2026,Tập trung,89,48,94531,238025,76682,121024,35371,Nhìn thẳng,Nhìn thẳng,Bình thường
10:37:19 24/5/2026,Tập trung,85,46,75327,195298,41368,52508,40244,Nhìn thẳng,Nhìn thẳng,Vui vẻ
10:37:20 24/5/2026,Tập trung,97,55,43010,211981,75036,94197,23749,Nhìn thẳng,Nhìn thẳng,Ngạc nhiên
10:37:21 24/5/2026,Tập trung,97,47,69558,175558,73229,106450,37957,Nhìn thẳng,Nhìn thẳng,Bình thường
10:37:22 24/5/2026,Tập trung,75,60,65735,139662,41355,84042,28104,Nhìn thẳng,Nhìn thẳng,Bình thường
10:37:23 24/5/2026,Tập trung,75,41,97127,198676,61017,98390,36822,Nhìn thẳng,Nhìn thẳng,Bình thường
10:37:24 24/5/2026,Tập trung,79,47,83681,208805,65261,68427,24772,Nhìn thẳng,Nhìn thẳng,Bình thường
10:37:25 24/5/2026,Tập trung,86,58,72815,163229,30655,139489,36552,Nhìn thẳng,Nhìn thẳng,Bình thường
10:37:26 24/5/2026,Tập trung,84,55,65471,221762,67131,140317,33554,Nhìn thẳng,Nhìn thẳng,Bình thường
10:37:27 24/5/2026,Tập trung,98,41,66238,205508,75989,60913,28271,Nhìn thẳng,Nhìn thẳng,Bình thường
10:37:28 24/5/2026,Tập trung,75,54,70694,195593,75219,60345,27307,Cúi xuống,Liếc trái,Bình thường
10:37:29 24/5/2026,Tập trung,92,51,64238,143271,61830,61921,27439,Nhìn thẳng,Nhìn thẳng,Bình thường
10:37:30 24/5/2026,Tập trung,77,57,53693,219943,56245,72789,27866,Ngẩng lên,Liếc trái,Vui vẻ
10:37:31 24/5/2026,Tập trung,79,44,83283,216052,41988,128370,19194,Nhìn thẳng,Nhìn thẳng,Bình thường
10:37:32 24/5/2026,Tập trung,94,43,90229,225995,64108,72722,37058,Nhìn thẳng,Nhìn thẳng,Bình thường
10:37:33 24/5/2026,Tập trung,79,53,101273,277307,52913,145638,31651,Nhìn thẳng,Nhìn thẳng,Bình thường
10:37:35 24/5/2026,Tập trung,93,48,61432,269605,39487,100865,33519,Nhìn thẳng,Nhìn thẳng,Bình thường
10:37:36 24/5/2026,Tập trung,86,53,86645,258029,35240,116718,20136,Nhìn thẳng,Nhìn thẳng,Vui vẻ
10:37:37 24/5/2026,Tập trung,92,43,70380,210273,34817,123573,34979,Nhìn thẳng,Nhìn thẳng,Vui vẻ
10:37:38 24/5/2026,Tập trung,88,43,63719,238491,62100,61443,37001,Nhìn thẳng,Nhìn thẳng,Vui vẻ
10:37:39 24/5/2026,Tập trung,86,45,55121,240007,41612,54805,44914,Nhìn thẳng,Nhìn thẳng,Bình thường
10:37:40 24/5/2026,Tập trung,79,50,70442,270999,24219,65142,22222,Quay phải,Liếc phải,Bình thường
10:37:41 24/5/2026,Tập trung,88,53,95331,192951,76790,62861,48943,Cúi xuống,Liếc xuống,Bình thường
10:37:42 24/5/2026,Tập trung,96,40,64314,208237,26051,56964,26043,Nhìn thẳng,Nhìn thẳng,Bình thường
10:37:43 24/5/2026,Tập trung,96,40,64314,208237,26051,56964,26043,Nhìn thẳng,Nhìn thẳng,Ngạc nhiên
10:37:44 24/5/2026,Tập trung,96,42,76744,257180,65227,69402,28521,Nhìn thẳng,Nhìn thẳng,Bình thường
10:38:37 24/5/2026,Tập trung,89,53,72625,298886,37691,80882,42546,Nhìn thẳng,Nhìn thẳng,Bình thường
10:38:38 24/5/2026,Tập trung,92,58,90378,154433,24507,75247,36872,Nhìn thẳng,Nhìn thẳng,Bình thường
10:38:39 24/5/2026,Tập trung,85,56,102025,173776,73328,134139,19405,Nhìn thẳng,Nhìn thẳng,Bình thường
10:38:40 24/5/2026,Tập trung,91,53,60854,229140,50860,122221,36287,Nhìn thẳng,Nhìn thẳng,Bình thường
10:38:41 24/5/2026,Tập trung,92,50,73030,120282,58957,146290,30876,Nhìn thẳng,Nhìn thẳng,Bình thường
10:38:42 24/5/2026,Sao nhãng,83,56,79722,173300,33091,101264,29866,Nhìn thẳng,Nhìn thẳng,Bình thường
10:38:43 24/5/2026,Tập trung,92,44,79640,241684,44085,87926,30493,Nhìn thẳng,Nhìn thẳng,Bình thường
10:38:44 24/5/2026,Tập trung,79,41,58470,156797,37029,51468,27752,Nhìn thẳng,Nhìn thẳng,Bình thường
10:38:45 24/5/2026,Tập trung,96,57,57096,247451,54382,145723,37973,Nhìn thẳng,Nhìn thẳng,Bình thường
10:38:46 24/5/2026,Tập trung,90,57,99894,221945,73992,125816,37633,Nhìn thẳng,Nhìn thẳng,Bình thường
10:38:47 24/5/2026,Sao nhãng,96,43,81539,187131,47386,122755,39543,Nhìn thẳng,Nhìn thẳng,Bình thường
10:38:48 24/5/2026,Tập trung,86,57,71972,267241,22541,124704,18735,Nhìn thẳng,Nhìn thẳng,Bình thường
10:38:49 24/5/2026,Tập trung,75,59,75165,275709,53607,120557,31691,Nhìn thẳng,Nhìn thẳng,Bình thường
10:38:50 24/5/2026,Tập trung,88,60,86200,198441,71893,88302,17383,Nhìn thẳng,Nhìn thẳng,Bình thường
10:38:51 24/5/2026,Tập trung,75,45,90145,155189,33853,80713,27151,Nhìn thẳng,Nhìn thẳng,Bình thường
10:38:52 24/5/2026,Tập trung,75,43,106257,178192,73373,124495,27943,Nhìn thẳng,Nhìn thẳng,Ngạc nhiên
10:38:53 24/5/2026,Tập trung,94,60,105322,205972,40501,140333,34264,Nhìn thẳng,Nhìn thẳng,Bình thường
10:38:54 24/5/2026,Tập trung,84,43,76375,203067,35496,82790,31134,Nhìn thẳng,Nhìn thẳng,Vui vẻ
10:38:55 24/5/2026,Tập trung,78,45,54294,225454,61841,143806,28865,Nhìn thẳng,Nhìn thẳng,Bình thường
10:38:57 24/5/2026,Tập trung,80,59,90015,267700,38609,80115,36647,Ngẩng lên,Liếc trái,Bình thường
10:38:58 24/5/2026,Tập trung,86,48,47066,174096,33712,133718,23533,Nhìn thẳng,Nhìn thẳng,Bình thường
10:38:59 24/5/2026,Tập trung,94,49,107455,209154,27229,115670,22020,Nhìn thẳng,Nhìn thẳng,Vui vẻ
10:39:00 24/5/2026,Tập trung,80,45,71481,260669,35379,79609,43238,Nhìn thẳng,Nhìn thẳng,Bình thường
10:39:01 24/5/2026,Tập trung,90,50,48332,195278,43225,76618,41162,Nhìn thẳng,Nhìn thẳng,Vui vẻ
10:39:02 24/5/2026,Tập trung,80,52,76799,189196,34415,72199,32242,Nhìn thẳng,Nhìn thẳng,Bình thường
10:39:03 24/5/2026,Tập trung,78,45,103165,282182,21138,87396,31063,Nhìn thẳng,Nhìn thẳng,Bình thường
10:39:04 24/5/2026,Tập trung,86,49,86874,241583,41798,64715,23432,Nhìn thẳng,Nhìn thẳng,Bình thường
10:39:05 24/5/2026,Tập trung,87,43,62145,206902,26893,50212,29964,Nhìn thẳng,Nhìn thẳng,Vui vẻ
10:39:06 24/5/2026,Tập trung,81,46,62823,220064,25454,124458,32801,Nhìn thẳng,Nhìn thẳng,Bình thường
10:39:07 24/5/2026,Tập trung,81,46,54277,167734,36465,128783,39763,Nhìn thẳng,Nhìn thẳng,Bình thường
10:39:08 24/5/2026,Sao nhãng,80,46,89353,152363,20539,101888,34011,Nhìn thẳng,Nhìn thẳng,Bình thường
10:39:09 24/5/2026,Tập trung,87,49,80930,244830,34996,114192,17493,Nhìn thẳng,Nhìn thẳng,Bình thường
10:39:10 24/5/2026,Tập trung,84,46,104722,233260,20348,102305,32927,Nhìn thẳng,Nhìn thẳng,Bình thường
10:39:11 24/5/2026,Tập trung,87,55,93456,180554,34685,110813,23774,Quay trái,Liếc lên,Bình thường
10:39:12 24/5/2026,Tập trung,96,59,84490,170918,72304,116925,30512,Nhìn thẳng,Nhìn thẳng,Bình thường
10:39:13 24/5/2026,Tập trung,82,53,95752,284802,22502,78543,43472,Nhìn thẳng,Nhìn thẳng,Bình thường
10:39:14 24/5/2026,Tập trung,84,42,76217,275425,44800,129277,27815,Nhìn thẳng,Nhìn thẳng,Sợ hãi
10:39:15 24/5/2026,Tập trung,75,56,66576,263529,47617,78797,28451,Nhìn thẳng,Nhìn thẳng,Bình thường
10:39:16 24/5/2026,Tập trung,92,40,90496,159187,74482,81310,30628,Ngẩng lên,Liếc trái,Bình thường
10:39:17 24/5/2026,Tập trung,95,53,86094,158829,39994,118846,26129,Nhìn thẳng,Nhìn thẳng,Bình thường
10:39:18 24/5/2026,Tập trung,81,52,73177,284959,72848,57031,25118,Nhìn thẳng,Nhìn thẳng,Bình thường
10:39:19 24/5/2026,Tập trung,81,58,102589,288552,38488,97828,26182,Nhìn thẳng,Nhìn thẳng,Bình thường
10:39:20 24/5/2026,Tập trung,85,48,81764,233435,20582,121099,19661,Nhìn thẳng,Nhìn thẳng,Bình thường
10:39:21 24/5/2026,Tập trung,87,50,71681,178851,36488,148371,44126,Nhìn thẳng,Nhìn thẳng,Bình thường
10:39:22 24/5/2026,Tập trung,89,54,73806,200017,53874,52588,33293,Nhìn thẳng,Nhìn thẳng,Bình thường
10:39:23 24/5/2026,Sao nhãng,78,52,88520,189742,20406,99074,27197,Nhìn thẳng,Nhìn thẳng,Bình thường
10:39:24 24/5/2026,Tập trung,84,49,77748,170521,28784,109100,23742,Nhìn thẳng,Nhìn thẳng,Bình thường
10:39:25 24/5/2026,Tập trung,97,53,98805,232577,54854,128190,21017,Nhìn thẳng,Nhìn thẳng,Bình thường
10:39:26 24/5/2026,Tập trung,84,60,91480,159329,64748,135285,30269,Nhìn thẳng,Nhìn thẳng,Vui vẻ
10:39:27 24/5/2026,Tập trung,97,46,78587,206062,36551,135954,20222,Nhìn thẳng,Nhìn thẳng,Bình thường
10:39:28 24/5/2026,Tập trung,80,56,97491,143753,51074,100465,25654,Nhìn thẳng,Nhìn thẳng,Vui vẻ
10:39:29 24/5/2026,Tập trung,88,45,80934,257677,47441,117213,35462,Nhìn thẳng,Nhìn thẳng,Bình thường
10:39:30 24/5/2026,Sao nhãng,76,53,64978,228716,27123,81125,21525,Nhìn thẳng,Nhìn thẳng,Bình thường
10:39:31 24/5/2026,Tập trung,82,58,64105,155233,79639,86102,22853,Nhìn thẳng,Nhìn thẳng,Bình thường
10:39:32 24/5/2026,Tập trung,80,51,83592,237262,33438,87966,22625,Nhìn thẳng,Nhìn thẳng,Bình thường
10:39:33 24/5/2026,Tập trung,88,47,85090,251491,61193,78512,27589,Nhìn thẳng,Nhìn thẳng,Bình thường
10:39:34 24/5/2026,Tập trung,76,43,75549,213995,56988,89821,17477,Nhìn thẳng,Nhìn thẳng,Sợ hãi
10:39:35 24/5/2026,Tập trung,98,46,59086,198218,50643,138951,35660,Nhìn thẳng,Nhìn thẳng,Bình thường
10:39:36 24/5/2026,Tập trung,97,47,75580,151814,77122,126940,24874,Nhìn thẳng,Nhìn thẳng,Bình thường
10:39:37 24/5/2026,Tập trung,94,57,79970,164525,45063,75883,36368,Nhìn thẳng,Nhìn thẳng,Bình thường
10:39:38 24/5/2026,Tập trung,89,50,79627,172978,45664,95914,41138,Nhìn thẳng,Nhìn thẳng,Bình thường
10:39:39 24/5/2026,Tập trung,96,58,98022,192200,53489,67862,45736,Nhìn thẳng,Nhìn thẳng,Bình thường
10:39:40 24/5/2026,Tập trung,76,60,68862,201323,31318,101873,26775,Nhìn thẳng,Nhìn thẳng,Vui vẻ
10:39:41 24/5/2026,Tập trung,93,54,57285,158858,35851,94567,47632,Nhìn thẳng,Nhìn thẳng,Bình thường
10:39:42 24/5/2026,Tập trung,90,46,73577,151978,75963,83525,35102,Nhìn thẳng,Nhìn thẳng,Bình thường
10:39:44 24/5/2026,Tập trung,96,52,52270,113108,21235,99506,41355,Nhìn thẳng,Nhìn thẳng,Bình thường
10:39:45 24/5/2026,Tập trung,87,40,76503,212285,66209,98719,41116,Nhìn thẳng,Nhìn thẳng,Bình thường
10:39:46 24/5/2026,Sao nhãng,92,42,55051,172717,74970,104111,40138,Nhìn thẳng,Nhìn thẳng,Vui vẻ
10:39:47 24/5/2026,Tập trung,88,60,80566,202715,64572,56493,43602,Nhìn thẳng,Nhìn thẳng,Bình thường
10:39:48 24/5/2026,Tập trung,87,42,93355,174741,33091,66652,31859,Nhìn thẳng,Nhìn thẳng,Bình thường
10:39:49 24/5/2026,Tập trung,86,43,82779,272148,61270,141956,36181,Nhìn thẳng,Nhìn thẳng,Bình thường
10:39:50 24/5/2026,Tập trung,82,47,98516,210444,61904,71849,27100,Nhìn thẳng,Nhìn thẳng,Bình thường
10:39:51 24/5/2026,Tập trung,91,51,64666,111051,53281,117140,42560,Cúi xuống,Liếc lên,Bình thường
10:39:52 24/5/2026,Tập trung,94,60,83230,182405,56840,90799,47915,Cúi xuống,Liếc phải,Bình thường
10:39:53 24/5/2026,Tập trung,83,40,50295,186958,75461,127543,19490,Nhìn thẳng,Nhìn thẳng,Bình thường
10:39:54 24/5/2026,Tập trung,87,52,100563,170069,63497,74252,25518,Nhìn thẳng,Nhìn thẳng,Sợ hãi
10:39:55 24/5/2026,Tập trung,92,49,81858,145058,69395,132771,20946,Nhìn thẳng,Nhìn thẳng,Bình thường
10:39:56 24/5/2026,Tập trung,81,55,74187,118783,27265,114166,40913,Nhìn thẳng,Nhìn thẳng,Bình thường
10:39:57 24/5/2026,Tập trung,80,44,96470,227186,30780,52197,34097,Ngẩng lên,Liếc xuống,Bình thường
10:39:58 24/5/2026,Tập trung,83,52,85197,186393,78235,72665,41327,Cúi xuống,Liếc phải,Bình thường
10:39:59 24/5/2026,Tập trung,94,44,92730,189788,40282,58579,41556,Nhìn thẳng,Nhìn thẳng,Vui vẻ
10:40:00 24/5/2026,Sao nhãng,80,50,107738,150894,76396,88680,47646,Nhìn thẳng,Nhìn thẳng,Bình thường
10:40:01 24/5/2026,Tập trung,94,52,57530,187862,78270,62347,36974,Nhìn thẳng,Nhìn thẳng,Bình thường
10:40:02 24/5/2026,Tập trung,93,51,56079,179454,79354,127386,36942,Nhìn thẳng,Nhìn thẳng,Vui vẻ
10:40:03 24/5/2026,Tập trung,82,45,81945,203152,20313,76110,20537,Nhìn thẳng,Nhìn thẳng,Bình thường
10:40:04 24/5/2026,Tập trung,81,49,61400,243013,52855,120976,35049,Nhìn thẳng,Nhìn thẳng,Bình thường
10:40:05 24/5/2026,Tập trung,90,58,55407,226938,57360,76673,36443,Nhìn thẳng,Nhìn thẳng,Bình thường
10:40:06 24/5/2026,Tập trung,75,58,97647,239219,75792,130433,22817,Nhìn thẳng,Nhìn thẳng,Bình thường
10:40:07 24/5/2026,Tập trung,94,42,95599,190989,52093,135765,40074,Nhìn thẳng,Nhìn thẳng,Bình thường
10:40:08 24/5/2026,Tập trung,78,54,103264,145841,76721,137557,29015,Nhìn thẳng,Nhìn thẳng,Bình thường
10:40:09 24/5/2026,Tập trung,97,59,71616,231600,40026,127555,40413,Nhìn thẳng,Nhìn thẳng,Bình thường
10:40:10 24/5/2026,Tập trung,77,59,99475,207262,31647,131953,33529,Nhìn thẳng,Nhìn thẳng,Bình thường
10:40:11 24/5/2026,Tập trung,80,46,68253,203346,47698,130474,21826,Nhìn thẳng,Nhìn thẳng,Bình thường
10:40:12 24/5/2026,Tập trung,90,56,81332,295522,59965,79632,30511,Nhìn thẳng,Nhìn thẳng,Bình thường
10:40:13 24/5/2026,Tập trung,90,51,63426,177285,70331,69076,46605,Nhìn thẳng,Nhìn thẳng,Vui vẻ
10:40:14 24/5/2026,Tập trung,81,42,100351,199701,34357,110175,38751,Nhìn thẳng,Nhìn thẳng,Bình thường
10:40:15 24/5/2026,Tập trung,91,50,73447,224861,58972,57567,43253,Nhìn thẳng,Nhìn thẳng,Vui vẻ
10:40:16 24/5/2026,Tập trung,98,56,82734,204653,40017,149196,22953,Nhìn thẳng,Nhìn thẳng,Sợ hãi
10:40:17 24/5/2026,Tập trung,87,50,69831,221441,66233,118751,29552,Nhìn thẳng,Nhìn thẳng,Bình thường
10:40:18 24/5/2026,Tập trung,81,51,110654,199119,27265,87334,19080,Nhìn thẳng,Nhìn thẳng,Vui vẻ
10:40:19 24/5/2026,Tập trung,94,50,79736,221888,44538,108954,38804,Nhìn thẳng,Nhìn thẳng,Bình thường
10:40:20 24/5/2026,Tập trung,86,52,75803,115506,79572,55518,35847,Nhìn thẳng,Nhìn thẳng,Bình thường
10:40:21 24/5/2026,Tập trung,84,59,68212,139922,67646,61402,39733,Nhìn thẳng,Nhìn thẳng,Bình thường
10:40:22 24/5/2026,Tập trung,97,45,97382,179720,68584,122875,36553,Nhìn thẳng,Nhìn thẳng,Bình thường
10:40:23 24/5/2026,Tập trung,82,55,106771,214332,60163,134058,33513,Nhìn thẳng,Nhìn thẳng,Vui vẻ
10:40:24 24/5/2026,Tập trung,95,59,44102,183398,32227,86598,22542,Nhìn thẳng,Nhìn thẳng,Bình thường
10:40:25 24/5/2026,Tập trung,87,47,99394,172204,40482,143301,41222,Nhìn thẳng,Nhìn thẳng,Bình thường
10:40:26 24/5/2026,Tập trung,86,41,80705,128899,37510,80168,28501,Nhìn thẳng,Nhìn thẳng,Bình thường
10:40:27 24/5/2026,Tập trung,96,56,90956,271175,71745,63226,25652,Nhìn thẳng,Nhìn thẳng,Bình thường
10:40:28 24/5/2026,Tập trung,83,42,87856,176131,33538,111493,30768,Quay trái,Liếc phải,Bình thường
10:40:29 24/5/2026,Tập trung,89,50,101852,113361,54634,90754,41012,Nhìn thẳng,Nhìn thẳng,Bình thường
10:40:31 24/5/2026,Tập trung,90,56,78359,273711,47437,99177,36386,Nhìn thẳng,Nhìn thẳng,Bình thường
10:40:32 24/5/2026,Tập trung,96,42,105523,240008,67472,74299,20051,Cúi xuống,Liếc trái,Bình thường
10:40:33 24/5/2026,Tập trung,87,47,74594,183356,71074,122355,23810,Nhìn thẳng,Nhìn thẳng,Bình thường
10:40:34 24/5/2026,Tập trung,82,43,98648,280024,31848,72784,34103,Nhìn thẳng,Nhìn thẳng,Bình thường
10:40:35 24/5/2026,Tập trung,92,48,56136,240913,20582,60033,30434,Nhìn thẳng,Nhìn thẳng,Bình thường
10:40:36 24/5/2026,Tập trung,98,43,110021,208039,51422,107973,42015,Nhìn thẳng,Nhìn thẳng,Sợ hãi
10:41:33 24/5/2026,Sao nhãng,37,88,31597,10659,203799,694448,2915,Nhìn thẳng,Nhìn thẳng,Buồn bã
10:41:34 24/5/2026,Sao nhãng,19,75,39292,7284,634915,957946,2789,Quay trái,Liếc lên,Khó chịu
10:41:35 24/5/2026,Sao nhãng,20,60,43855,14645,796985,674850,5571,Quay trái,Liếc lên,Buồn bã
10:41:36 24/5/2026,Sao nhãng,29,72,41294,12419,794193,600135,1355,Quay phải,Liếc phải,Khó chịu
10:41:37 24/5/2026,Sao nhãng,26,82,39773,2555,498438,885091,3718,Không tìm thấy mặt,Không tìm thấy mắt,Buồn bã
10:41:38 24/5/2026,Sao nhãng,14,75,51855,14062,496839,1302927,1560,Quay trái,Liếc trái,Khó chịu
10:41:40 24/5/2026,Sao nhãng,19,65,68194,17585,266089,575278,3349,Quay trái,Liếc trái,Bình thường
10:41:41 24/5/2026,Sao nhãng,30,64,44525,11493,729809,723894,2008,Không tìm thấy mặt,Không tìm thấy mắt,Tức giận
10:41:42 24/5/2026,Sao nhãng,24,83,55010,12953,228457,1172019,2070,Quay trái,Liếc trái,Buồn bã
10:41:43 24/5/2026,Tập trung,27,77,56485,13707,565864,1228714,1654,Ngẩng lên,Liếc lên,Khó chịu
10:41:44 24/5/2026,Sao nhãng,36,73,40057,9667,627785,1005554,3180,Quay phải,Liếc phải,Buồn bã
10:41:45 24/5/2026,Sao nhãng,21,64,50803,11427,757551,970843,2677,Quay trái,Liếc trái,Khó chịu
10:41:46 24/5/2026,Tập trung,23,92,55811,13086,522916,1301892,4492,Ngẩng lên,Liếc trái,Buồn bã
10:41:47 24/5/2026,Tập trung,24,81,23976,9706,520670,540170,3339,Quay trái,Liếc lên,Buồn bã
10:41:48 24/5/2026,Sao nhãng,17,77,60491,11294,597086,874899,3854,Không tìm thấy mặt,Không tìm thấy mắt,Buồn bã
10:41:49 24/5/2026,Sao nhãng,29,78,55734,10244,437413,913313,3227,Quay phải,Liếc phải,Buồn bã
10:41:50 24/5/2026,Sao nhãng,31,62,53700,11049,390603,500282,3755,Quay trái,Liếc trái,Khó chịu
10:41:51 24/5/2026,Sao nhãng,38,92,62253,6928,790473,644159,1994,Quay phải,Liếc phải,Buồn bã
10:41:52 24/5/2026,Sao nhãng,31,88,70274,7057,738224,881083,3919,Không tìm thấy mặt,Không tìm thấy mắt,Bình thường
10:41:53 24/5/2026,Sao nhãng,25,64,48714,12680,290997,568113,3693,Quay phải,Liếc xuống,Khó chịu
10:41:54 24/5/2026,Sao nhãng,29,73,65366,12435,489427,720218,4318,Quay trái,Liếc trái,Buồn bã
10:41:55 24/5/2026,Sao nhãng,16,85,41758,8202,659737,1056061,3310,Quay trái,Liếc trái,Buồn bã
10:41:56 24/5/2026,Sao nhãng,13,89,48974,7243,554658,869819,3967,Quay trái,Liếc trái,Bình thường
10:41:57 24/5/2026,Sao nhãng,39,82,61143,16859,400866,635092,4030,Quay trái,Liếc trái,Buồn bã
10:41:58 24/5/2026,Tập trung,31,76,49686,14607,688793,810917,2859,Nhìn thẳng,Nhìn thẳng,Khó chịu
10:41:59 24/5/2026,Sao nhãng,27,81,59903,18760,743958,1399181,1699,Quay trái,Liếc trái,Buồn bã
10:42:00 24/5/2026,Sao nhãng,20,95,28434,8809,485133,1290925,2002,Không tìm thấy mặt,Không tìm thấy mắt,Buồn bã
10:42:01 24/5/2026,Sao nhãng,12,93,32616,16083,734716,736516,2164,Cúi xuống,Liếc phải,Buồn bã
10:42:02 24/5/2026,Sao nhãng,13,61,45223,17862,222751,846893,4526,Nhìn thẳng,Nhìn thẳng,Tức giận
10:42:03 24/5/2026,Sao nhãng,40,95,55636,18308,592434,605552,1823,Quay phải,Liếc phải,Khó chịu
10:42:04 24/5/2026,Sao nhãng,28,69,47739,16358,716314,1472149,3597,Quay phải,Liếc phải,Buồn bã
10:42:05 24/5/2026,Sao nhãng,29,78,49673,12016,241353,1253649,4434,Quay trái,Liếc trái,Khó chịu
10:42:06 24/5/2026,Sao nhãng,10,90,58797,9768,709273,835130,3359,Quay phải,Liếc phải,Buồn bã
10:42:07 24/5/2026,Sao nhãng,28,79,57426,9196,705393,864894,5163,Nhìn thẳng,Nhìn thẳng,Buồn bã
10:42:08 24/5/2026,Sao nhãng,19,86,69849,5404,343944,1362948,3680,Quay phải,Liếc phải,Buồn bã
10:42:09 24/5/2026,Sao nhãng,40,85,72977,2751,496156,1270113,3681,Quay trái,Liếc trái,Khó chịu
10:42:10 24/5/2026,Sao nhãng,16,94,50360,6498,487469,723193,4777,Quay trái,Liếc trái,Bình thường
10:42:11 24/5/2026,Sao nhãng,35,60,37032,5915,217396,1190630,3556,Quay phải,Liếc phải,Buồn bã
10:42:12 24/5/2026,Sao nhãng,25,68,54648,7486,275116,1301590,5300,Quay phải,Liếc phải,Khó chịu
10:42:13 24/5/2026,Sao nhãng,31,89,64496,10505,483542,1445136,4115,Quay phải,Liếc phải,Buồn bã
10:42:14 24/5/2026,Sao nhãng,21,92,57670,5983,735959,544541,3443,Cúi xuống,Liếc xuống,Khó chịu
10:42:15 24/5/2026,Sao nhãng,21,82,52493,14201,379010,641390,3831,Không tìm thấy mặt,Không tìm thấy mắt,Buồn bã
10:42:16 24/5/2026,Sao nhãng,24,70,68954,8268,329648,1061687,3819,Không tìm thấy mặt,Không tìm thấy mắt,Buồn bã
10:42:17 24/5/2026,Sao nhãng,31,63,43157,11354,449392,902835,2855,Quay phải,Liếc phải,Khó chịu
10:42:18 24/5/2026,Sao nhãng,28,64,66185,9391,702138,1206689,3314,Quay phải,Liếc phải,Buồn bã
10:42:19 24/5/2026,Sao nhãng,15,88,72490,10545,352755,1383707,5131,Quay trái,Liếc trái,Tức giận
10:42:20 24/5/2026,Sao nhãng,15,63,38171,13279,325570,1199862,4104,Quay trái,Liếc lên,Khó chịu
10:42:21 24/5/2026,Sao nhãng,19,80,49542,8576,777901,948983,4145,Nhìn thẳng,Nhìn thẳng,Buồn bã
10:42:22 24/5/2026,Sao nhãng,37,81,67012,13581,688510,974110,3238,Quay trái,Liếc trái,Bình thường
10:42:23 24/5/2026,Sao nhãng,30,65,40270,6924,715200,583428,5449,Quay trái,Liếc trái,Buồn bã
10:42:24 24/5/2026,Sao nhãng,40,87,31651,15560,543339,1389447,4282,Nhìn thẳng,Nhìn thẳng,Buồn bã
10:42:25 24/5/2026,Sao nhãng,13,68,44238,14024,330924,1178764,4477,Quay trái,Liếc trái,Khó chịu
10:42:26 24/5/2026,Sao nhãng,36,78,44549,17274,574669,733540,2749,Quay phải,Liếc phải,Buồn bã
10:42:27 24/5/2026,Sao nhãng,29,64,30409,11136,576312,718425,2787,Quay trái,Liếc lên,Khó chịu
10:42:28 24/5/2026,Sao nhãng,29,78,30377,14126,773631,1332418,3055,Quay trái,Liếc trái,Buồn bã
10:42:29 24/5/2026,Sao nhãng,39,83,48116,14104,490316,1173890,4087,Nhìn thẳng,Nhìn thẳng,Khó chịu
10:42:30 24/5/2026,Sao nhãng,33,72,34580,16673,272698,1416327,3948,Ngẩng lên,Liếc trái,Buồn bã
10:42:32 24/5/2026,Sao nhãng,30,86,59961,11191,391870,951687,3973,Cúi xuống,Liếc phải,Bình thường
10:42:33 24/5/2026,Sao nhãng,27,92,56794,5242,440219,510080,3404,Nhìn thẳng,Nhìn thẳng,Khó chịu
10:42:34 24/5/2026,Sao nhãng,18,75,62672,8945,255769,816827,3981,Không tìm thấy mặt,Không tìm thấy mắt,Buồn bã
10:42:35 24/5/2026,Sao nhãng,33,75,64163,11426,458556,981481,3724,Nhìn thẳng,Nhìn thẳng,Khó chịu
10:42:36 24/5/2026,Sao nhãng,17,80,60867,6338,650884,822890,4069,Không tìm thấy mặt,Không tìm thấy mắt,Bình thường
10:42:37 24/5/2026,Sao nhãng,36,75,53001,12375,555074,735493,3262,Quay trái,Liếc trái,Tức giận
10:42:38 24/5/2026,Sao nhãng,37,83,46777,16090,777468,921637,2403,Quay trái,Liếc trái,Buồn bã
10:42:39 24/5/2026,Sao nhãng,18,93,41690,16439,650153,1073998,3291,Quay phải,Liếc phải,Buồn bã
10:42:40 24/5/2026,Sao nhãng,10,91,56773,14378,326573,1250849,3140,Ngẩng lên,Liếc trái,Khó chịu
10:42:41 24/5/2026,Sao nhãng,31,95,47661,9846,664360,1044932,2240,Nhìn thẳng,Nhìn thẳng,Buồn bã
10:42:42 24/5/2026,Sao nhãng,28,74,61779,11089,238689,729547,3939,Nhìn thẳng,Nhìn thẳng,Buồn bã
10:42:43 24/5/2026,Sao nhãng,18,68,60181,10025,578438,920666,4301,Nhìn thẳng,Nhìn thẳng,Bình thường
10:42:44 24/5/2026,Sao nhãng,31,74,55123,12944,406080,805395,4743,Không tìm thấy mặt,Không tìm thấy mắt,Buồn bã
10:42:45 24/5/2026,Sao nhãng,11,68,32410,6225,363145,763392,3092,Quay phải,Liếc phải,Khó chịu
10:42:46 24/5/2026,Sao nhãng,36,73,61294,9210,247211,1278204,4590,Nhìn thẳng,Nhìn thẳng,Buồn bã
10:42:47 24/5/2026,Sao nhãng,39,76,61117,9817,602415,1418502,3199,Quay trái,Liếc trái,Buồn bã
10:42:48 24/5/2026,Sao nhãng,24,87,71055,19465,269381,648539,1882,Quay phải,Liếc phải,Khó chịu
10:42:49 24/5/2026,Sao nhãng,28,61,36701,9997,484082,1416231,4206,Không tìm thấy mặt,Không tìm thấy mắt,Buồn bã
10:42:50 24/5/2026,Sao nhãng,21,95,41136,5704,755143,1034663,3843,Quay phải,Liếc xuống,Khó chịu
10:42:51 24/5/2026,Sao nhãng,40,84,52370,5695,331521,853323,4549,Quay phải,Liếc phải,Buồn bã
10:42:52 24/5/2026,Sao nhãng,24,69,44910,11521,243349,1086136,2476,Quay phải,Liếc phải,Buồn bã
10:42:53 24/5/2026,Sao nhãng,16,82,55198,3557,387659,617665,4368,Không tìm thấy mặt,Không tìm thấy mắt,Khó chịu
10:42:54 24/5/2026,Sao nhãng,11,70,33911,11285,336798,1086364,4052,Quay phải,Liếc phải,Bình thường
10:42:55 24/5/2026,Sao nhãng,40,87,23175,19293,420036,1437428,1123,Quay phải,Liếc phải,Buồn bã
10:42:56 24/5/2026,Sao nhãng,22,78,51633,8178,756977,1430602,3310,Nhìn thẳng,Nhìn thẳng,Buồn bã
10:42:57 24/5/2026,Sao nhãng,20,74,38798,14064,221541,848323,2614,Cúi xuống,Liếc xuống,Khó chịu
10:42:58 24/5/2026,Sao nhãng,28,94,72697,17618,730846,1433327,3436,Quay trái,Liếc trái,Buồn bã
10:42:59 24/5/2026,Sao nhãng,12,70,34482,9982,711274,1299648,3448,Không tìm thấy mặt,Không tìm thấy mắt,Tức giận
10:43:00 24/5/2026,Sao nhãng,34,69,57711,9891,424358,1124784,3746,Quay trái,Liếc trái,Buồn bã
10:43:01 24/5/2026,Sao nhãng,33,94,31949,10243,245300,1453164,4007,Nhìn thẳng,Nhìn thẳng,Khó chịu
10:43:02 24/5/2026,Sao nhãng,24,73,39261,14269,489486,917275,1192,Nhìn thẳng,Nhìn thẳng,Buồn bã
10:43:03 24/5/2026,Sao nhãng,22,81,29885,4270,348856,684906,3058,Quay phải,Liếc phải,Buồn bã
10:43:04 24/5/2026,Sao nhãng,30,89,59576,7823,360168,1296757,4151,Quay phải,Liếc phải,Buồn bã
10:43:05 24/5/2026,Sao nhãng,30,62,42021,7143,317830,904971,5135,Không tìm thấy mặt,Không tìm thấy mắt,Khó chịu
10:43:06 24/5/2026,Sao nhãng,11,92,71134,10071,260008,1366312,3131,Quay trái,Liếc lên,Buồn bã
10:43:07 24/5/2026,Sao nhãng,21,85,51534,11257,364292,1454748,3894,Quay phải,Liếc phải,Bình thường
10:43:08 24/5/2026,Tập trung,18,83,36632,8106,685403,577734,2705,Quay trái,Liếc trái,Buồn bã
10:43:09 24/5/2026,Sao nhãng,39,64,61929,12810,726691,1079217,5576,Quay phải,Liếc phải,Khó chịu
10:43:10 24/5/2026,Sao nhãng,30,92,59198,13618,654626,1405426,4557,Quay trái,Liếc trái,Buồn bã
10:45:52 24/5/2026,Sao nhãng,21,92,44848,9822,526168,1395404,1628,Quay trái,Liếc trái,Buồn bã
10:45:54 24/5/2026,Sao nhãng,30,93,54773,17001,725679,896154,2626,Không tìm thấy mặt,Không tìm thấy mắt,Khó chịu
10:45:55 24/5/2026,Sao nhãng,19,81,35866,18393,614980,500573,5530,Cúi xuống,Liếc xuống,Bình thường
10:45:56 24/5/2026,Sao nhãng,36,67,68350,17268,578009,1267693,4355,Không tìm thấy mặt,Không tìm thấy mắt,Buồn bã
10:45:57 24/5/2026,Sao nhãng,31,82,38025,9999,320093,785160,2479,Nhìn thẳng,Nhìn thẳng,Bình thường
10:45:58 24/5/2026,Sao nhãng,32,86,47171,6652,703355,611637,3095,Ngẩng lên,Liếc trái,Khó chịu
10:45:59 24/5/2026,Sao nhãng,10,82,37462,11523,287156,1363611,3246,Quay trái,Liếc trái,Buồn bã
10:46:00 24/5/2026,Sao nhãng,24,75,53395,10194,413997,917056,3266,Nhìn thẳng,Nhìn thẳng,Buồn bã
10:46:01 24/5/2026,Sao nhãng,30,82,39314,3901,580228,639794,3649,Quay phải,Liếc phải,Bình thường
10:46:02 24/5/2026,Sao nhãng,27,73,54343,18661,439684,652195,5436,Quay phải,Liếc phải,Buồn bã
10:46:03 24/5/2026,Tập trung,35,67,56443,10792,519659,634083,1972,Ngẩng lên,Liếc lên,Tức giận
10:46:04 24/5/2026,Sao nhãng,37,81,32038,16605,729532,661865,3847,Quay phải,Liếc phải,Khó chịu
10:46:05 24/5/2026,Tập trung,35,88,37392,12820,473524,944405,3508,Nhìn thẳng,Nhìn thẳng,Buồn bã
10:46:06 24/5/2026,Sao nhãng,20,93,42175,12224,704525,1128694,2353,Nhìn thẳng,Nhìn thẳng,Khó chịu
10:46:07 24/5/2026,Sao nhãng,15,75,46858,17877,590691,713499,3185,Quay trái,Liếc lên,Buồn bã
10:46:08 24/5/2026,Sao nhãng,10,65,37431,13806,431174,1232466,4232,Không tìm thấy mặt,Không tìm thấy mắt,Buồn bã
10:46:09 24/5/2026,Sao nhãng,23,73,47956,16545,236113,842033,3030,Cúi xuống,Liếc phải,Buồn bã
10:46:10 24/5/2026,Sao nhãng,12,70,54436,16578,712651,633712,3625,Không tìm thấy mặt,Không tìm thấy mắt,Bình thường
10:46:11 24/5/2026,Sao nhãng,14,85,53788,15492,643639,1322069,1399,Không tìm thấy mặt,Không tìm thấy mắt,Khó chịu
10:46:12 24/5/2026,Sao nhãng,39,83,45619,7999,413966,669964,1535,Không tìm thấy mặt,Không tìm thấy mắt,Buồn bã
10:46:13 24/5/2026,Sao nhãng,27,71,54504,10137,459674,753316,4595,Ngẩng lên,Liếc trái,Khó chịu
10:46:14 24/5/2026,Sao nhãng,17,91,31051,13653,238919,1102727,3531,Quay phải,Liếc xuống,Bình thường
10:46:15 24/5/2026,Sao nhãng,27,68,64840,9006,407868,909314,4444,Cúi xuống,Liếc phải,Buồn bã
10:46:16 24/5/2026,Sao nhãng,30,67,51145,10507,677706,974846,4214,Nhìn thẳng,Nhìn thẳng,Buồn bã
10:46:17 24/5/2026,Sao nhãng,29,65,51701,3590,387023,1406841,3340,Quay trái,Liếc trái,Khó chịu
10:46:18 24/5/2026,Sao nhãng,21,78,41828,9255,565393,964300,3431,Quay trái,Liếc trái,Buồn bã
10:46:19 24/5/2026,Sao nhãng,40,81,57979,7595,289438,1010173,4173,Nhìn thẳng,Nhìn thẳng,Buồn bã
10:46:20 24/5/2026,Sao nhãng,24,89,61331,16675,662879,526039,4078,Nhìn thẳng,Nhìn thẳng,Bình thường
10:46:21 24/5/2026,Sao nhãng,25,80,52587,13324,690889,659292,2751,Không tìm thấy mặt,Không tìm thấy mắt,Khó chịu
10:46:22 24/5/2026,Sao nhãng,38,68,69085,5396,793333,589907,1930,Quay phải,Liếc phải,Buồn bã
10:46:23 24/5/2026,Sao nhãng,35,75,33698,18769,420632,774317,4073,Quay phải,Liếc phải,Tức giận
10:46:24 24/5/2026,Tập trung,14,81,62125,6724,249672,677789,4272,Ngẩng lên,Liếc trái,Bình thường
10:46:25 24/5/2026,Sao nhãng,18,75,48062,14844,753091,906954,3837,Quay phải,Liếc phải,Khó chịu
10:46:26 24/5/2026,Sao nhãng,28,80,69047,6695,548203,750328,1523,Không tìm thấy mặt,Không tìm thấy mắt,Buồn bã
10:46:27 24/5/2026,Sao nhãng,38,82,68284,9837,345789,1045938,2495,Không tìm thấy mặt,Không tìm thấy mắt,Buồn bã
10:46:28 24/5/2026,Sao nhãng,31,82,40034,8873,390159,890991,2935,Quay phải,Liếc phải,Khó chịu
10:46:29 24/5/2026,Sao nhãng,32,83,25129,9864,334338,1182871,2813,Nhìn thẳng,Nhìn thẳng,Bình thường
10:46:30 24/5/2026,Sao nhãng,34,63,72196,9902,674793,751827,4362,Không tìm thấy mặt,Không tìm thấy mắt,Bình thường
10:46:31 24/5/2026,Sao nhãng,40,76,43516,11548,449221,1062152,4412,Không tìm thấy mặt,Không tìm thấy mắt,Buồn bã
10:46:32 24/5/2026,Sao nhãng,21,79,32020,11602,273662,846390,3045,Quay trái,Liếc trái,Khó chịu
10:46:33 24/5/2026,Sao nhãng,27,78,48502,10137,511743,829097,2296,Nhìn thẳng,Nhìn thẳng,Buồn bã
10:46:34 24/5/2026,Tập trung,29,94,44396,16821,459783,1029411,1921,Ngẩng lên,Liếc lên,Buồn bã
10:46:35 24/5/2026,Sao nhãng,15,67,38732,14341,496749,1154957,1334,Không tìm thấy mặt,Không tìm thấy mắt,Khó chịu
10:46:36 24/5/2026,Sao nhãng,27,66,38311,7473,676926,1164811,4065,Nhìn thẳng,Nhìn thẳng,Buồn bã
10:46:37 24/5/2026,Sao nhãng,22,68,69873,14174,214482,1416606,3857,Quay phải,Liếc phải,Buồn bã
10:46:38 24/5/2026,Sao nhãng,21,88,50170,11100,345258,880040,3523,Không tìm thấy mặt,Không tìm thấy mắt,Bình thường
10:46:40 24/5/2026,Sao nhãng,35,69,47159,10221,553965,977983,3141,Nhìn thẳng,Nhìn thẳng,Bình thường
10:46:41 24/5/2026,Sao nhãng,31,79,54885,13401,430842,1136503,4527,Cúi xuống,Liếc phải,Bình thường
10:46:42 24/5/2026,Sao nhãng,30,67,56284,6147,259746,1321816,5278,Quay phải,Liếc phải,Khó chịu
10:46:43 24/5/2026,Sao nhãng,29,82,66807,13014,551063,704878,3309,Quay phải,Liếc phải,Buồn bã
10:46:44 24/5/2026,Sao nhãng,34,79,30445,16161,757216,1441432,2566,Nhìn thẳng,Nhìn thẳng,Buồn bã
10:46:45 24/5/2026,Sao nhãng,32,84,52770,13634,753935,571982,3471,Quay phải,Liếc phải,Buồn bã
10:46:46 24/5/2026,Sao nhãng,32,71,30820,10943,752476,1455431,4006,Quay phải,Liếc phải,Khó chịu
10:46:47 24/5/2026,Tập trung,10,78,51191,10807,756889,1088401,3543,Không tìm thấy mặt,Không tìm thấy mắt,Buồn bã
10:46:48 24/5/2026,Sao nhãng,22,81,51225,11578,366599,608264,5277,Quay trái,Liếc trái,Tức giận
10:46:49 24/5/2026,Sao nhãng,27,80,44241,4318,586898,956634,4399,Quay trái,Liếc trái,Buồn bã
10:46:50 24/5/2026,Sao nhãng,20,66,57692,5131,393197,1095585,4593,Nhìn thẳng,Nhìn thẳng,Buồn bã
10:46:51 24/5/2026,Sao nhãng,27,84,65398,9753,785102,867557,3929,Không tìm thấy mặt,Không tìm thấy mắt,Buồn bã
10:46:52 24/5/2026,Sao nhãng,32,88,30101,13107,683398,756925,5049,Quay phải,Liếc phải,Khó chịu
10:46:53 24/5/2026,Sao nhãng,13,77,54881,10973,256667,638571,2931,Quay trái,Liếc trái,Buồn bã
10:46:54 24/5/2026,Sao nhãng,26,88,49418,11791,450667,621863,2827,Quay phải,Liếc phải,Bình thường
10:46:55 24/5/2026,Sao nhãng,33,72,35841,10886,510145,1487399,3275,Ngẩng lên,Liếc trái,Khó chịu
10:46:56 24/5/2026,Sao nhãng,17,62,47415,9568,563384,925979,3216,Quay trái,Liếc trái,Buồn bã
10:46:57 24/5/2026,Sao nhãng,12,77,45118,8640,295467,1241685,4378,Nhìn thẳng,Nhìn thẳng,Khó chịu
10:46:58 24/5/2026,Sao nhãng,18,93,44876,12820,288622,540357,3683,Quay phải,Liếc phải,Bình thường
10:46:59 24/5/2026,Sao nhãng,11,70,63751,18514,367426,868780,3673,Nhìn thẳng,Nhìn thẳng,Buồn bã
10:47:00 24/5/2026,Sao nhãng,18,94,64514,14943,790441,826143,3765,Không tìm thấy mặt,Không tìm thấy mắt,Bình thường
10:47:01 24/5/2026,Sao nhãng,16,88,28341,7452,410962,758956,5031,Cúi xuống,Liếc phải,Buồn bã
10:47:02 24/5/2026,Sao nhãng,35,88,50544,8176,723055,1394931,4123,Quay trái,Liếc trái,Khó chịu
10:47:03 24/5/2026,Sao nhãng,35,79,39993,7345,394560,1360349,3191,Ngẩng lên,Liếc lên,Buồn bã
10:47:04 24/5/2026,Sao nhãng,35,86,66359,12294,318272,1001887,4646,Nhìn thẳng,Nhìn thẳng,Khó chịu
10:47:05 24/5/2026,Sao nhãng,21,80,63289,16863,689285,703490,4969,Nhìn thẳng,Nhìn thẳng,Buồn bã
10:47:06 24/5/2026,Sao nhãng,28,61,50147,14936,464820,1021372,3300,Quay phải,Liếc phải,Buồn bã
10:47:07 24/5/2026,Sao nhãng,36,66,48805,10338,786428,985492,2832,Không tìm thấy mặt,Không tìm thấy mắt,Buồn bã
10:47:08 24/5/2026,Sao nhãng,20,61,48920,13503,301705,1353613,2739,Không tìm thấy mặt,Không tìm thấy mắt,Buồn bã
10:47:09 24/5/2026,Sao nhãng,26,93,36281,12326,388579,1055838,2666,Quay trái,Liếc lên,Buồn bã
10:47:10 24/5/2026,Sao nhãng,35,92,47158,10511,453062,703275,3926,Nhìn thẳng,Nhìn thẳng,Khó chịu
10:47:11 24/5/2026,Sao nhãng,24,90,61600,8050,278639,543419,5287,Không tìm thấy mặt,Không tìm thấy mắt,Bình thường
10:47:12 24/5/2026,Sao nhãng,33,85,41498,7186,493941,806350,2177,Ngẩng lên,Liếc trái,Tức giận
10:47:13 24/5/2026,Sao nhãng,18,81,34357,12915,499046,519437,4862,Quay trái,Liếc trái,Buồn bã
10:47:14 24/5/2026,Sao nhãng,38,77,50176,9371,301448,798769,2260,Quay phải,Liếc phải,Buồn bã
10:47:15 24/5/2026,Sao nhãng,36,62,41219,9261,611254,995970,3103,Quay trái,Liếc trái,Bình thường
10:47:16 24/5/2026,Sao nhãng,34,79,62948,16607,542490,1090810,1356,Quay phải,Liếc phải,Khó chịu
10:47:17 24/5/2026,Sao nhãng,32,72,45231,11477,675236,672617,2317,Quay trái,Liếc trái,Buồn bã
10:47:18 24/5/2026,Sao nhãng,31,65,48585,10259,706449,1168095,3641,Nhìn thẳng,Nhìn thẳng,Khó chịu
10:47:19 24/5/2026,Sao nhãng,11,76,50333,6794,641439,1441381,3784,Quay trái,Liếc trái,Buồn bã
10:47:20 24/5/2026,Sao nhãng,40,90,68096,15921,753297,1249019,2937,Nhìn thẳng,Nhìn thẳng,Khó chịu
10:47:21 24/5/2026,Sao nhãng,20,95,58191,9421,369392,794307,2003,Quay trái,Liếc trái,Buồn bã
10:47:22 24/5/2026,Sao nhãng,30,84,22719,11858,255531,1381834,4441,Nhìn thẳng,Nhìn thẳng,Buồn bã
10:47:23 24/5/2026,Sao nhãng,16,90,50522,11972,707266,956615,3521,Nhìn thẳng,Nhìn thẳng,Khó chịu
10:47:24 24/5/2026,Sao nhãng,24,71,30525,9803,396693,710909,2768,Ngẩng lên,Liếc trái,Buồn bã
10:47:25 24/5/2026,Sao nhãng,31,69,35656,10614,419407,1194070,3162,Quay trái,Liếc trái,Khó chịu
10:47:26 24/5/2026,Sao nhãng,19,68,52208,14057,692239,1152671,5316,Quay phải,Liếc xuống,Bình thường
10:47:27 24/5/2026,Sao nhãng,20,75,57248,15191,544838,807510,2723,Nhìn thẳng,Nhìn thẳng,Buồn bã
10:47:29 24/5/2026,Sao nhãng,22,71,72007,14063,585000,1118620,2714,Quay phải,Liếc phải,Khó chịu
10:47:30 24/5/2026,Sao nhãng,29,76,45235,17125,447238,1341413,3212,Quay trái,Liếc lên,Tức giận
10:47:31 24/5/2026,Sao nhãng,12,77,67662,10195,695289,908499,2728,Quay trái,Liếc trái,Buồn bã
10:47:32 24/5/2026,Sao nhãng,12,70,51085,9723,657946,1460587,1961,Nhìn thẳng,Nhìn thẳng,Khó chịu
10:47:33 24/5/2026,Sao nhãng,16,76,39533,14564,419675,1311134,2312,Quay phải,Liếc phải,Bình thường
10:47:34 24/5/2026,Sao nhãng,30,83,38083,11054,518453,528534,4963,Không tìm thấy mặt,Không tìm thấy mắt,Buồn bã
10:47:35 24/5/2026,Sao nhãng,23,70,51325,16555,521383,1469628,4446,Không tìm thấy mặt,Không tìm thấy mắt,Buồn bã
10:47:36 24/5/2026,Tập trung,15,67,58627,6538,291561,1224303,4100,Không tìm thấy mặt,Không tìm thấy mắt,Buồn bã
10:47:37 24/5/2026,Sao nhãng,11,94,42731,15662,604341,776158,3180,Quay phải,Liếc phải,Buồn bã
10:47:38 24/5/2026,Sao nhãng,27,79,69824,15474,676720,847235,4650,Quay trái,Liếc trái,Khó chịu
10:47:39 24/5/2026,Sao nhãng,20,87,52483,14755,638058,989503,4732,Nhìn thẳng,Nhìn thẳng,Buồn bã
10:47:40 24/5/2026,Sao nhãng,28,77,48789,5672,662129,1366043,5055,Không tìm thấy mặt,Không tìm thấy mắt,Bình thường
10:47:41 24/5/2026,Sao nhãng,35,65,35696,6521,509927,1182987,3249,Quay phải,Liếc phải,Khó chịu
10:47:42 24/5/2026,Sao nhãng,24,79,39082,8519,353084,1029984,2522,Quay phải,Liếc phải,Bình thường
10:47:43 24/5/2026,Sao nhãng,36,62,45404,5065,715628,1314181,5159,Quay trái,Liếc trái,Buồn bã
10:47:44 24/5/2026,Sao nhãng,25,74,73554,8453,283861,697523,3166,Không tìm thấy mặt,Không tìm thấy mắt,Buồn bã
10:47:45 24/5/2026,Sao nhãng,29,83,38249,18493,546347,617855,3647,Không tìm thấy mặt,Không tìm thấy mắt,Khó chịu
10:47:46 24/5/2026,Sao nhãng,16,72,28750,19382,476123,1437985,2213,Không tìm thấy mặt,Không tìm thấy mắt,Buồn bã
10:47:47 24/5/2026,Sao nhãng,20,71,43856,13617,778058,873533,3144,Nhìn thẳng,Nhìn thẳng,Bình thường
10:47:48 24/5/2026,Sao nhãng,19,66,23034,17736,268193,1220201,2052,Không tìm thấy mặt,Không tìm thấy mắt,Khó chịu
10:47:49 24/5/2026,Sao nhãng,10,74,34488,14174,570227,950469,4746,Quay phải,Liếc phải,Buồn bã
10:47:50 24/5/2026,Sao nhãng,30,93,60231,14183,272166,658581,4227,Quay trái,Liếc trái,Buồn bã
10:47:51 24/5/2026,Sao nhãng,36,83,57032,16507,574409,649796,4375,Quay trái,Liếc trái,Tức giận
10:48:04 24/5/2026,Sao nhãng,26,85,57666,5312,219565,1199408,2896,Không tìm thấy mặt,Không tìm thấy mắt,Khó chịu
10:48:05 24/5/2026,Tập trung,19,87,49179,11777,485293,599133,3178,Nhìn thẳng,Nhìn thẳng,Buồn bã
10:48:06 24/5/2026,Sao nhãng,19,65,54439,6568,644042,1458830,3321,Nhìn thẳng,Nhìn thẳng,Khó chịu
10:48:07 24/5/2026,Sao nhãng,20,89,47286,11305,257495,1036545,1991,Quay phải,Liếc xuống,Buồn bã
10:48:08 24/5/2026,Sao nhãng,35,73,69543,10003,428081,1476188,5382,Nhìn thẳng,Nhìn thẳng,Khó chịu
10:48:09 24/5/2026,Sao nhãng,10,88,59652,8504,752940,649327,4467,Quay phải,Liếc phải,Buồn bã
10:48:10 24/5/2026,Sao nhãng,28,95,64381,11310,337593,547756,2737,Quay trái,Liếc trái,Khó chịu
10:48:12 24/5/2026,Sao nhãng,36,65,61922,12548,433665,1391143,5474,Quay phải,Liếc phải,Buồn bã
10:48:13 24/5/2026,Sao nhãng,27,80,69577,13235,711130,1243969,1626,Quay trái,Liếc trái,Buồn bã
10:48:14 24/5/2026,Tập trung,32,62,75461,4978,405523,1189281,4161,Cúi xuống,Liếc xuống,Bình thường
10:48:15 24/5/2026,Sao nhãng,24,82,58642,11889,680785,695059,3310,Ngẩng lên,Liếc trái,Buồn bã
10:48:16 24/5/2026,Sao nhãng,29,70,74665,13166,221223,900137,3715,Nhìn thẳng,Nhìn thẳng,Buồn bã
10:48:17 24/5/2026,Sao nhãng,24,72,67868,6354,409930,993775,3620,Không tìm thấy mặt,Không tìm thấy mắt,Buồn bã
10:48:18 24/5/2026,Sao nhãng,21,86,51053,8509,607650,891749,4614,Nhìn thẳng,Nhìn thẳng,Khó chịu
10:48:19 24/5/2026,Sao nhãng,32,94,61991,10403,202379,1393587,4013,Không tìm thấy mặt,Không tìm thấy mắt,Buồn bã
10:48:20 24/5/2026,Sao nhãng,31,62,50044,12841,787366,1379456,5412,Quay phải,Liếc phải,Khó chịu
10:48:21 24/5/2026,Sao nhãng,32,80,59933,11457,368156,1142849,3705,Không tìm thấy mặt,Không tìm thấy mắt,Buồn bã
10:48:22 24/5/2026,Sao nhãng,36,83,49494,11200,537425,1301319,3750,Không tìm thấy mặt,Không tìm thấy mắt,Buồn bã
10:48:23 24/5/2026,Sao nhãng,40,63,22316,8862,709487,676066,3644,Quay phải,Liếc phải,Tức giận
10:48:24 24/5/2026,Tập trung,13,67,62466,11213,470810,851949,3130,Không tìm thấy mặt,Không tìm thấy mắt,Buồn bã
10:48:25 24/5/2026,Sao nhãng,32,77,68151,11002,342404,1023108,1131,Quay phải,Liếc xuống,Buồn bã
10:48:26 24/5/2026,Sao nhãng,25,92,68615,6981,610831,712615,2470,Quay phải,Liếc phải,Khó chịu
10:48:27 24/5/2026,Sao nhãng,27,85,30325,8051,508699,714954,3723,Nhìn thẳng,Nhìn thẳng,Buồn bã
10:48:28 24/5/2026,Sao nhãng,11,93,60129,14368,719086,602089,2711,Quay phải,Liếc phải,Bình thường
10:48:29 24/5/2026,Sao nhãng,12,80,70074,2187,374958,1376655,5065,Cúi xuống,Liếc phải,Bình thường
10:48:30 24/5/2026,Sao nhãng,29,92,52627,3145,796717,1017112,4580,Cúi xuống,Liếc phải,Khó chịu
10:48:31 24/5/2026,Sao nhãng,20,68,36306,10060,799001,515791,5643,Quay trái,Liếc trái,Bình thường
10:48:32 24/5/2026,Sao nhãng,36,90,61144,10991,779749,786862,2594,Không tìm thấy mặt,Không tìm thấy mắt,Buồn bã
10:48:33 24/5/2026,Sao nhãng,26,65,36161,10026,521345,1209117,3595,Quay trái,Liếc trái,Khó chịu
10:48:34 24/5/2026,Sao nhãng,12,69,52102,12859,466997,1037030,3297,Quay trái,Liếc trái,Buồn bã
10:48:35 24/5/2026,Sao nhãng,14,94,71028,9390,767030,1038804,4322,Nhìn thẳng,Nhìn thẳng,Bình thường
10:48:36 24/5/2026,Sao nhãng,29,64,48253,4166,692008,1286802,2215,Không tìm thấy mặt,Không tìm thấy mắt,Khó chịu
10:48:37 24/5/2026,Sao nhãng,24,73,36227,7559,593184,1054744,3295,Nhìn thẳng,Nhìn thẳng,Bình thường
10:48:38 24/5/2026,Sao nhãng,12,91,34592,13783,575496,1434114,3083,Quay trái,Liếc trái,Buồn bã
10:48:39 24/5/2026,Sao nhãng,16,82,59553,14267,751875,1337139,3576,Không tìm thấy mặt,Không tìm thấy mắt,Khó chịu
10:48:40 24/5/2026,Sao nhãng,24,93,62474,11653,226980,1212622,3866,Quay trái,Liếc trái,Buồn bã
10:48:41 24/5/2026,Sao nhãng,32,87,59969,14258,647370,888569,3612,Nhìn thẳng,Nhìn thẳng,Khó chịu
10:48:42 24/5/2026,Sao nhãng,23,77,35865,7691,754434,1355094,4435,Quay trái,Liếc trái,Ngạc nhiên
10:48:43 24/5/2026,Sao nhãng,22,92,47570,6077,473934,543766,2407,Quay phải,Liếc phải,Bình thường
10:48:44 24/5/2026,Sao nhãng,10,90,50734,6616,376366,1012577,4730,Quay phải,Liếc phải,Buồn bã
10:48:45 24/5/2026,Sao nhãng,40,85,58809,18588,775997,695653,4344,Nhìn thẳng,Nhìn thẳng,Buồn bã
10:48:46 24/5/2026,Sao nhãng,10,84,35049,16024,596980,758831,4272,Quay trái,Liếc trái,Buồn bã
10:48:47 24/5/2026,Sao nhãng,22,76,38162,3980,558001,618622,2889,Quay trái,Liếc trái,Khó chịu
10:48:48 24/5/2026,Sao nhãng,28,60,27028,10284,593132,759707,2217,Nhìn thẳng,Nhìn thẳng,Buồn bã
10:48:49 24/5/2026,Sao nhãng,31,60,68229,10599,484964,1036300,2922,Quay phải,Liếc phải,Buồn bã
10:48:50 24/5/2026,Sao nhãng,39,68,67079,10075,518769,1359583,3045,Không tìm thấy mặt,Không tìm thấy mắt,Khó chịu
10:48:51 24/5/2026,Sao nhãng,29,92,51151,16775,344564,924415,3315,Quay trái,Liếc trái,Buồn bã
10:48:52 24/5/2026,Sao nhãng,22,62,51871,13567,622343,941776,3324,Quay trái,Liếc trái,Bình thường
10:48:53 24/5/2026,Sao nhãng,30,77,59337,16122,434389,1246438,3060,Quay phải,Liếc phải,Khó chịu
10:48:54 24/5/2026,Sao nhãng,37,69,38425,14680,576511,597857,3225,Nhìn thẳng,Nhìn thẳng,Buồn bã
10:48:56 24/5/2026,Sao nhãng,19,90,49455,14190,716608,564983,3239,Quay trái,Liếc trái,Khó chịu
10:48:57 24/5/2026,Sao nhãng,16,94,61741,6134,533538,1314668,4071,Không tìm thấy mặt,Không tìm thấy mắt,Buồn bã
10:48:58 24/5/2026,Sao nhãng,13,92,42814,10735,730399,643399,4704,Quay phải,Liếc phải,Buồn bã
10:48:59 24/5/2026,Sao nhãng,20,86,42377,15760,209414,1205283,4859,Quay trái,Liếc trái,Bình thường
10:49:00 24/5/2026,Sao nhãng,18,81,44531,9084,400805,1159643,4647,Quay phải,Liếc phải,Bình thường
10:49:01 24/5/2026,Sao nhãng,23,63,32148,14467,691210,865730,3148,Ngẩng lên,Liếc trái,Buồn bã
10:49:02 24/5/2026,Sao nhãng,36,62,56339,13327,362353,935791,4930,Quay phải,Liếc phải,Khó chịu
10:49:03 24/5/2026,Sao nhãng,30,64,68285,9429,751875,833936,2906,Quay phải,Liếc phải,Buồn bã
10:49:04 24/5/2026,Sao nhãng,35,81,47434,10652,550507,577717,2255,Không tìm thấy mặt,Không tìm thấy mắt,Buồn bã
10:49:05 24/5/2026,Sao nhãng,17,87,71109,4106,662381,831898,1564,Cúi xuống,Liếc phải,Buồn bã
10:49:06 24/5/2026,Sao nhãng,34,63,59752,10402,430821,1074254,3715,Không tìm thấy mặt,Không tìm thấy mắt,Buồn bã
10:49:07 24/5/2026,Sao nhãng,30,75,31810,15078,294267,750850,4791,Quay trái,Liếc trái,Buồn bã
10:49:08 24/5/2026,Sao nhãng,27,79,55956,7511,642286,1451526,2206,Quay trái,Liếc trái,Buồn bã
10:49:09 24/5/2026,Sao nhãng,36,79,55040,11370,502726,1418230,3934,Nhìn thẳng,Nhìn thẳng,Bình thường
10:49:10 24/5/2026,Sao nhãng,27,82,64658,12050,759313,904657,3612,Cúi xuống,Liếc phải,Buồn bã
10:49:11 24/5/2026,Sao nhãng,28,70,72494,18701,720211,1085024,3205,Nhìn thẳng,Nhìn thẳng,Buồn bã
10:49:12 24/5/2026,Sao nhãng,38,76,52592,7394,428497,579230,3788,Nhìn thẳng,Nhìn thẳng,Buồn bã
10:49:13 24/5/2026,Tập trung,11,60,53050,9400,340851,606798,4022,Nhìn thẳng,Nhìn thẳng,Khó chịu
10:49:14 24/5/2026,Sao nhãng,39,63,62299,5651,202529,721059,3628,Quay trái,Liếc trái,Bình thường
10:49:15 24/5/2026,Sao nhãng,11,88,37678,11359,226353,801422,3816,Quay trái,Liếc trái,Ngạc nhiên
10:49:16 24/5/2026,Sao nhãng,32,79,48214,8255,589234,542279,3452,Quay trái,Liếc lên,Buồn bã
10:49:17 24/5/2026,Sao nhãng,28,82,41293,6189,799901,742737,2220,Không tìm thấy mặt,Không tìm thấy mắt,Khó chịu
10:49:18 24/5/2026,Sao nhãng,39,72,31120,3985,606918,988595,3353,Nhìn thẳng,Nhìn thẳng,Buồn bã
10:49:19 24/5/2026,Sao nhãng,34,87,47808,9950,653282,1404576,2719,Quay trái,Liếc trái,Buồn bã
10:49:20 24/5/2026,Sao nhãng,36,75,32109,9558,746299,873965,5908,Quay phải,Liếc phải,Buồn bã
10:49:21 24/5/2026,Sao nhãng,30,63,53136,14055,246665,954067,1685,Nhìn thẳng,Nhìn thẳng,Buồn bã
10:49:22 24/5/2026,Sao nhãng,26,95,22729,8635,636331,1081523,4435,Quay phải,Liếc phải,Khó chịu
10:49:23 24/5/2026,Sao nhãng,40,86,54123,14232,628541,795384,3476,Quay trái,Liếc trái,Buồn bã
10:49:24 24/5/2026,Sao nhãng,15,72,50710,16704,415564,1095054,2421,Quay phải,Liếc phải,Khó chịu
10:49:25 24/5/2026,Sao nhãng,21,91,59503,16271,779467,1378512,3836,Không tìm thấy mặt,Không tìm thấy mắt,Buồn bã
10:49:26 24/5/2026,Sao nhãng,29,73,29460,15481,328374,712983,5246,Nhìn thẳng,Nhìn thẳng,Khó chịu
10:49:27 24/5/2026,Sao nhãng,34,92,47942,14501,371839,729852,2843,Không tìm thấy mặt,Không tìm thấy mắt,Buồn bã
10:49:28 24/5/2026,Sao nhãng,31,66,44479,14292,755303,592219,1738,Không tìm thấy mặt,Không tìm thấy mắt,Bình thường
10:49:29 24/5/2026,Sao nhãng,34,62,51236,15163,313082,1373979,4830,Quay trái,Liếc trái,Buồn bã
10:49:30 24/5/2026,Sao nhãng,38,76,32594,11140,699328,885757,3316,Quay phải,Liếc phải,Buồn bã
10:49:31 24/5/2026,Sao nhãng,26,92,49914,8991,446662,913142,3657,Quay trái,Liếc lên,Khó chịu
10:49:32 24/5/2026,Sao nhãng,35,93,34087,6287,604397,1372892,3018,Quay phải,Liếc xuống,Buồn bã
10:49:33 24/5/2026,Sao nhãng,20,79,37388,7976,362454,868924,2750,Quay trái,Liếc trái,Buồn bã
10:49:34 24/5/2026,Sao nhãng,21,90,61879,15705,652471,1410765,2725,Không tìm thấy mặt,Không tìm thấy mắt,Bình thường
10:49:35 24/5/2026,Sao nhãng,17,94,48483,12656,734884,978626,3909,Quay trái,Liếc trái,Buồn bã
10:49:36 24/5/2026,Sao nhãng,16,78,42121,9688,616981,734921,4118,Không tìm thấy mặt,Không tìm thấy mắt,Buồn bã
10:49:37 24/5/2026,Sao nhãng,25,94,30098,7432,407843,857233,3281,Quay phải,Liếc phải,Ngạc nhiên
10:49:38 24/5/2026,Sao nhãng,14,79,40234,4421,359897,947888,3780,Không tìm thấy mặt,Không tìm thấy mắt,Bình thường
10:49:39 24/5/2026,Sao nhãng,33,75,59885,10243,429243,1019680,2665,Không tìm thấy mặt,Không tìm thấy mắt,Khó chịu
10:49:40 24/5/2026,Sao nhãng,15,89,28594,5167,495595,1290081,4279,Quay phải,Liếc phải,Buồn bã
10:49:41 24/5/2026,Sao nhãng,20,79,66777,18511,223502,1327710,4433,Nhìn thẳng,Nhìn thẳng,Buồn bã
10:49:42 24/5/2026,Sao nhãng,12,70,32353,9026,778347,1477976,4125,Không tìm thấy mặt,Không tìm thấy mắt,Khó chịu
10:49:43 24/5/2026,Sao nhãng,34,62,41830,10396,318039,1213454,2674,Quay trái,Liếc trái,Bình thường
10:49:44 24/5/2026,Sao nhãng,34,69,50568,13189,548715,973813,2098,Nhìn thẳng,Nhìn thẳng,Buồn bã
10:49:45 24/5/2026,Sao nhãng,32,63,68486,9950,714506,712386,4620,Cúi xuống,Liếc phải,Khó chịu
10:49:47 24/5/2026,Sao nhãng,10,60,43823,8893,522132,1161066,1318,Quay phải,Liếc phải,Buồn bã
10:49:48 24/5/2026,Sao nhãng,27,78,45638,11581,305339,1109897,4108,Quay trái,Liếc trái,Bình thường
10:49:49 24/5/2026,Sao nhãng,11,69,40545,5855,733991,1035946,2891,Quay phải,Liếc phải,Buồn bã
10:49:50 24/5/2026,Sao nhãng,29,70,35801,8431,441762,1289715,3526,Quay trái,Liếc trái,Khó chịu
10:49:51 24/5/2026,Sao nhãng,15,76,49470,13242,675603,725843,2966,Quay trái,Liếc trái,Bình thường
10:49:52 24/5/2026,Sao nhãng,11,86,67408,7537,630500,634279,2222,Không tìm thấy mặt,Không tìm thấy mắt,Buồn bã
10:49:53 24/5/2026,Tập trung,23,74,66120,11886,548004,639447,3538,Nhìn thẳng,Nhìn thẳng,Buồn bã
10:49:54 24/5/2026,Sao nhãng,34,68,31195,13259,209956,1235536,2735,Quay trái,Liếc lên,Khó chịu
10:49:55 24/5/2026,Sao nhãng,34,82,40221,12472,528272,1027483,2699,Không tìm thấy mặt,Không tìm thấy mắt,Buồn bã
10:49:56 24/5/2026,Sao nhãng,37,68,46536,13651,657945,1040528,5054,Quay trái,Liếc trái,Buồn bã
10:49:57 24/5/2026,Sao nhãng,14,93,40657,13625,567543,1377014,2486,Quay trái,Liếc trái,Khó chịu
10:49:58 24/5/2026,Sao nhãng,13,85,37900,10743,611076,1041415,2560,Ngẩng lên,Liếc trái,Bình thường
10:49:59 24/5/2026,Sao nhãng,39,88,64444,12085,526865,1117809,3690,Quay phải,Liếc xuống,Buồn bã
10:50:00 24/5/2026,Sao nhãng,16,74,55591,16496,365305,682938,4018,Không tìm thấy mặt,Không tìm thấy mắt,Ngạc nhiên
10:50:01 24/5/2026,Sao nhãng,37,72,76149,10277,780741,1081292,2542,Không tìm thấy mặt,Không tìm thấy mắt,Khó chịu
10:50:02 24/5/2026,Sao nhãng,26,94,65024,11939,749738,1237140,5116,Không tìm thấy mặt,Không tìm thấy mắt,Buồn bã
10:50:03 24/5/2026,Sao nhãng,10,86,57459,10651,377989,965449,5490,Quay trái,Liếc trái,Bình thường
10:50:04 24/5/2026,Sao nhãng,14,83,58191,17171,456345,1056619,5132,Cúi xuống,Liếc phải,Bình thường
10:50:18 24/5/2026,Sao nhãng,21,69,46011,16365,689437,723747,5231,Quay trái,Liếc trái,Buồn bã
10:50:19 24/5/2026,Sao nhãng,26,64,29242,8417,766141,1129588,3947,Nhìn thẳng,Nhìn thẳng,Khó chịu
10:50:20 24/5/2026,Sao nhãng,10,62,57406,10291,245015,812216,3950,Không tìm thấy mặt,Không tìm thấy mắt,Buồn bã
10:50:21 24/5/2026,Sao nhãng,12,90,68637,7135,269421,1097852,3602,Quay phải,Liếc phải,Buồn bã
10:50:22 24/5/2026,Sao nhãng,26,65,76335,5865,207779,1121652,4573,Quay phải,Liếc phải,Bình thường
10:50:23 24/5/2026,Sao nhãng,33,93,34299,14717,309612,1379087,1165,Không tìm thấy mặt,Không tìm thấy mắt,Buồn bã
10:50:24 24/5/2026,Sao nhãng,40,61,35287,11578,259855,740010,3450,Quay phải,Liếc phải,Khó chịu
10:50:25 24/5/2026,Sao nhãng,11,83,36096,9257,689435,1069481,5310,Quay trái,Liếc trái,Buồn bã
10:50:26 24/5/2026,Sao nhãng,33,61,67801,16359,486276,1349358,3714,Quay phải,Liếc phải,Buồn bã
10:50:27 24/5/2026,Sao nhãng,18,89,45142,13166,299632,1294876,3636,Quay phải,Liếc phải,Bình thường
10:50:28 24/5/2026,Sao nhãng,18,84,35823,11818,690454,858233,5693,Quay phải,Liếc phải,Khó chịu
10:50:29 24/5/2026,Sao nhãng,13,62,67086,12816,721387,961166,3297,Nhìn thẳng,Nhìn thẳng,Buồn bã
10:50:30 24/5/2026,Sao nhãng,36,87,64268,10380,292059,1223730,3093,Quay trái,Liếc trái,Khó chịu
10:50:31 24/5/2026,Sao nhãng,10,79,51062,11579,777825,968979,3773,Nhìn thẳng,Nhìn thẳng,Buồn bã
10:50:32 24/5/2026,Sao nhãng,15,74,45399,15859,361490,988334,5039,Nhìn thẳng,Nhìn thẳng,Khó chịu
10:50:33 24/5/2026,Sao nhãng,24,73,52188,8059,253184,953045,3387,Nhìn thẳng,Nhìn thẳng,Buồn bã
10:50:34 24/5/2026,Sao nhãng,29,67,65803,4140,604686,525515,3740,Quay phải,Liếc xuống,Bình thường
10:50:35 24/5/2026,Sao nhãng,26,64,36369,13601,730755,551000,3076,Quay phải,Liếc phải,Ngạc nhiên
10:50:36 24/5/2026,Sao nhãng,21,64,45444,16193,282785,1161753,4205,Không tìm thấy mặt,Không tìm thấy mắt,Buồn bã
10:50:37 24/5/2026,Sao nhãng,30,75,26816,16739,253023,1297774,3551,Nhìn thẳng,Nhìn thẳng,Khó chịu
10:50:38 24/5/2026,Sao nhãng,16,62,64250,7295,551059,983261,3751,Nhìn thẳng,Nhìn thẳng,Buồn bã
10:50:39 24/5/2026,Sao nhãng,39,75,71534,8428,632032,766642,3957,Nhìn thẳng,Nhìn thẳng,Buồn bã
10:50:41 24/5/2026,Sao nhãng,28,76,28383,12703,217105,1244204,4768,Quay phải,Liếc phải,Buồn bã
10:50:42 24/5/2026,Sao nhãng,32,80,54378,14196,278555,1185554,3086,Quay trái,Liếc trái,Buồn bã
10:50:43 24/5/2026,Sao nhãng,18,66,29587,11089,275327,1258559,1276,Nhìn thẳng,Nhìn thẳng,Khó chịu
10:50:44 24/5/2026,Sao nhãng,13,71,70597,11705,576536,1129749,5047,Nhìn thẳng,Nhìn thẳng,Buồn bã
10:50:45 24/5/2026,Sao nhãng,21,92,37694,16647,540315,1435650,1675,Quay phải,Liếc phải,Buồn bã
10:50:46 24/5/2026,Sao nhãng,18,84,35467,13258,330662,1112008,4051,Nhìn thẳng,Nhìn thẳng,Buồn bã
10:50:47 24/5/2026,Sao nhãng,33,73,57154,7548,682269,819372,1149,Quay phải,Liếc phải,Khó chịu
10:50:48 24/5/2026,Sao nhãng,20,85,46060,13724,488484,840459,3612,Không tìm thấy mặt,Không tìm thấy mắt,Buồn bã
10:50:49 24/5/2026,Sao nhãng,33,84,56491,9049,708780,1237631,2192,Không tìm thấy mặt,Không tìm thấy mắt,Buồn bã
10:50:50 24/5/2026,Sao nhãng,15,88,32871,12568,329103,1379781,3304,Quay phải,Liếc xuống,Bình thường
10:50:51 24/5/2026,Sao nhãng,12,65,31861,17493,622545,512207,2875,Không tìm thấy mặt,Không tìm thấy mắt,Buồn bã
10:50:52 24/5/2026,Tập trung,21,74,51741,12548,430424,510220,2788,Không tìm thấy mặt,Không tìm thấy mắt,Bình thường
10:50:53 24/5/2026,Sao nhãng,36,78,49837,5087,701351,897538,1405,Ngẩng lên,Liếc trái,Khó chịu
10:50:54 24/5/2026,Sao nhãng,38,70,60415,18579,346119,1183011,4112,Quay trái,Liếc lên,Buồn bã
10:50:55 24/5/2026,Sao nhãng,10,65,69785,8297,284704,769304,4100,Quay phải,Liếc phải,Khó chịu
10:50:56 24/5/2026,Sao nhãng,32,75,45534,9519,637819,1481663,2038,Quay phải,Liếc phải,Buồn bã
10:50:57 24/5/2026,Sao nhãng,24,60,43493,3381,234603,731258,3586,Nhìn thẳng,Nhìn thẳng,Bình thường
10:50:58 24/5/2026,Sao nhãng,20,87,46466,12568,384493,1478802,3833,Quay trái,Liếc lên,Buồn bã
10:50:59 24/5/2026,Sao nhãng,40,84,33599,9933,232596,1409656,3043,Không tìm thấy mặt,Không tìm thấy mắt,Khó chịu
10:51:00 24/5/2026,Sao nhãng,39,95,33608,15438,766297,671568,4151,Không tìm thấy mặt,Không tìm thấy mắt,Buồn bã
10:51:01 24/5/2026,Sao nhãng,31,63,54927,14886,221972,1431286,2571,Quay trái,Liếc trái,Ngạc nhiên
10:51:02 24/5/2026,Sao nhãng,28,74,35117,10583,279703,1347713,2321,Quay trái,Liếc trái,Buồn bã
10:51:03 24/5/2026,Sao nhãng,38,78,48118,12332,556029,1497625,3051,Quay trái,Liếc trái,Buồn bã
10:51:04 24/5/2026,Sao nhãng,10,92,56708,8545,782931,581558,4650,Quay phải,Liếc phải,Buồn bã
10:51:05 24/5/2026,Sao nhãng,18,81,29964,10563,337461,1351333,1628,Quay phải,Liếc phải,Khó chịu
10:51:06 24/5/2026,Sao nhãng,39,62,40952,10983,603095,676583,3334,Quay trái,Liếc trái,Buồn bã
10:51:07 24/5/2026,Sao nhãng,26,92,55012,12300,753909,730637,4279,Nhìn thẳng,Nhìn thẳng,Buồn bã
10:51:08 24/5/2026,Sao nhãng,37,94,44241,13316,306334,742993,3730,Quay trái,Liếc lên,Buồn bã
10:51:09 24/5/2026,Sao nhãng,32,60,50555,7505,327603,638416,3856,Quay phải,Liếc xuống,Buồn bã
10:51:10 24/5/2026,Sao nhãng,17,81,64230,6035,384869,1299081,4717,Quay phải,Liếc phải,Bình thường
10:51:11 24/5/2026,Sao nhãng,30,81,47778,10682,287446,831456,4184,Quay trái,Liếc trái,Khó chịu
10:51:12 24/5/2026,Sao nhãng,10,82,44319,10694,709512,1196937,4245,Quay trái,Liếc trái,Buồn bã
10:51:13 24/5/2026,Sao nhãng,40,77,41672,11732,261442,1113818,2943,Quay phải,Liếc xuống,Bình thường
10:51:14 24/5/2026,Sao nhãng,15,77,63506,11618,355461,1246543,3909,Quay phải,Liếc phải,Khó chịu
10:51:15 24/5/2026,Sao nhãng,38,72,67814,15882,604273,616013,4243,Không tìm thấy mặt,Không tìm thấy mắt,Buồn bã
10:51:16 24/5/2026,Sao nhãng,36,64,54087,5489,432667,1204194,5595,Ngẩng lên,Liếc trái,Buồn bã
10:51:17 24/5/2026,Sao nhãng,33,83,68213,11751,321030,1334305,1552,Không tìm thấy mặt,Không tìm thấy mắt,Khó chịu
10:51:18 24/5/2026,Sao nhãng,40,74,48768,5703,345157,824858,3905,Nhìn thẳng,Nhìn thẳng,Buồn bã
10:51:19 24/5/2026,Tập trung,15,94,23653,10664,755435,813604,3310,Không tìm thấy mặt,Không tìm thấy mắt,Buồn bã
10:51:20 24/5/2026,Sao nhãng,40,90,74916,9165,725744,831534,1218,Quay trái,Liếc trái,Khó chịu
10:51:21 24/5/2026,Sao nhãng,28,64,68098,16593,702384,879698,2964,Nhìn thẳng,Nhìn thẳng,Bình thường
10:51:22 24/5/2026,Sao nhãng,13,93,28880,11991,586420,638066,4202,Quay trái,Liếc trái,Buồn bã
10:51:23 24/5/2026,Sao nhãng,31,84,39275,18540,500081,1026397,4060,Không tìm thấy mặt,Không tìm thấy mắt,Buồn bã
10:51:24 24/5/2026,Sao nhãng,29,86,58326,5353,315475,642966,4018,Không tìm thấy mặt,Không tìm thấy mắt,Khó chịu
10:51:25 24/5/2026,Sao nhãng,37,85,71014,13843,497262,1211806,3457,Cúi xuống,Liếc phải,Ngạc nhiên
10:51:27 24/5/2026,Sao nhãng,31,63,50428,7482,726743,516266,4630,Nhìn thẳng,Nhìn thẳng,Buồn bã
10:51:28 24/5/2026,Sao nhãng,25,66,61454,4268,676368,974598,3003,Quay phải,Liếc phải,Buồn bã
10:51:29 24/5/2026,Sao nhãng,16,91,54402,7763,715991,557171,2083,Quay trái,Liếc trái,Buồn bã
10:51:30 24/5/2026,Sao nhãng,20,72,46809,12551,685204,1101354,4477,Nhìn thẳng,Nhìn thẳng,Khó chịu
10:51:31 24/5/2026,Sao nhãng,14,71,48369,11861,467846,1243932,2009,Nhìn thẳng,Nhìn thẳng,Buồn bã
10:51:32 24/5/2026,Sao nhãng,35,66,70781,9655,225903,965906,5232,Quay trái,Liếc trái,Buồn bã
10:51:33 24/5/2026,Sao nhãng,35,76,48312,6886,275012,712704,3939,Quay phải,Liếc phải,Khó chịu
10:51:34 24/5/2026,Sao nhãng,29,74,59345,8626,237533,727360,5181,Quay phải,Liếc phải,Buồn bã
10:51:35 24/5/2026,Sao nhãng,36,87,67043,9992,528458,1109465,1733,Quay trái,Liếc trái,Buồn bã
10:51:36 24/5/2026,Sao nhãng,35,67,49765,16566,212054,1489067,4593,Quay trái,Liếc trái,Buồn bã
10:51:37 24/5/2026,Sao nhãng,24,71,41583,15806,286765,1207417,3168,Quay phải,Liếc phải,Bình thường
10:51:38 24/5/2026,Sao nhãng,18,70,53911,8502,613082,996619,3105,Không tìm thấy mặt,Không tìm thấy mắt,Buồn bã
10:51:39 24/5/2026,Sao nhãng,32,85,36513,11962,720463,1262576,2380,Không tìm thấy mặt,Không tìm thấy mắt,Khó chịu
10:51:40 24/5/2026,Sao nhãng,27,73,47773,7099,792357,905491,2582,Quay phải,Liếc phải,Buồn bã
10:51:41 24/5/2026,Sao nhãng,12,94,55274,9302,359105,1312235,3359,Quay trái,Liếc trái,Khó chịu
10:51:42 24/5/2026,Sao nhãng,17,86,64490,11291,461460,1070101,2186,Quay trái,Liếc trái,Buồn bã
10:51:43 24/5/2026,Sao nhãng,39,75,37353,9964,471197,772011,3617,Quay trái,Liếc trái,Khó chịu
10:51:44 24/5/2026,Sao nhãng,18,77,33183,9311,399013,715679,2941,Không tìm thấy mặt,Không tìm thấy mắt,Bình thường
10:51:45 24/5/2026,Sao nhãng,15,89,41481,6319,217155,1173251,3550,Nhìn thẳng,Nhìn thẳng,Buồn bã
10:51:46 24/5/2026,Tập trung,32,67,47254,7697,207872,831639,4397,Nhìn thẳng,Nhìn thẳng,Ngạc nhiên
10:51:47 24/5/2026,Sao nhãng,15,78,35348,15110,252996,762759,2202,Quay phải,Liếc phải,Bình thường
10:51:48 24/5/2026,Sao nhãng,20,64,54173,8361,653355,1113144,4072,Không tìm thấy mặt,Không tìm thấy mắt,Khó chịu
10:51:49 24/5/2026,Sao nhãng,25,60,70933,10229,350104,703027,3759,Nhìn thẳng,Nhìn thẳng,Buồn bã
10:51:50 24/5/2026,Sao nhãng,33,83,42128,9765,677243,783876,1588,Nhìn thẳng,Nhìn thẳng,Bình thường
10:51:51 24/5/2026,Sao nhãng,16,80,28976,17844,296575,631386,3371,Quay phải,Liếc phải,Buồn bã
10:51:52 24/5/2026,Sao nhãng,32,60,46424,8029,362720,726613,1833,Nhìn thẳng,Nhìn thẳng,Khó chịu
10:51:53 24/5/2026,Sao nhãng,38,71,63677,12185,259296,1237993,2714,Không tìm thấy mặt,Không tìm thấy mắt,Buồn bã
10:51:54 24/5/2026,Tập trung,24,70,69274,8301,767302,626880,1258,Ngẩng lên,Liếc trái,Khó chịu
10:51:55 24/5/2026,Sao nhãng,29,60,50287,14761,661207,1495395,3881,Không tìm thấy mặt,Không tìm thấy mắt,Buồn bã
10:51:56 24/5/2026,Sao nhãng,13,87,63080,12042,699345,567244,3897,Quay trái,Liếc trái,Buồn bã
10:51:57 24/5/2026,Sao nhãng,16,90,55853,11785,688656,1291563,2845,Quay phải,Liếc xuống,Bình thường
10:51:58 24/5/2026,Sao nhãng,38,72,39518,10532,368810,957444,2153,Không tìm thấy mặt,Không tìm thấy mắt,Bình thường
10:51:59 24/5/2026,Sao nhãng,10,79,48136,10860,259227,658311,2793,Quay phải,Liếc xuống,Khó chịu
10:52:00 24/5/2026,Sao nhãng,22,91,49395,13922,599778,900028,1588,Quay trái,Liếc trái,Buồn bã
10:52:01 24/5/2026,Sao nhãng,14,71,60442,9256,599377,1413361,2870,Không tìm thấy mặt,Không tìm thấy mắt,Buồn bã
10:52:02 24/5/2026,Sao nhãng,21,79,44998,9537,772321,624152,2593,Quay trái,Liếc trái,Bình thường
10:52:03 24/5/2026,Sao nhãng,34,93,52908,9494,586668,1372760,4991,Quay phải,Liếc xuống,Khó chịu
10:52:04 24/5/2026,Sao nhãng,24,68,41900,11573,294730,1332565,5821,Quay phải,Liếc phải,Buồn bã
10:52:05 24/5/2026,Sao nhãng,39,65,53196,8012,472280,1019326,5153,Quay trái,Liếc trái,Khó chịu
10:52:06 24/5/2026,Sao nhãng,38,86,60174,9037,471694,612213,3097,Quay trái,Liếc trái,Bình thường
10:52:07 24/5/2026,Sao nhãng,31,64,48051,11153,480223,785226,4182,Không tìm thấy mặt,Không tìm thấy mắt,Bình thường
10:52:08 24/5/2026,Sao nhãng,31,61,40827,10812,325303,527601,4971,Quay trái,Liếc trái,Buồn bã
10:52:09 24/5/2026,Sao nhãng,30,61,51265,10750,533625,681905,1399,Quay trái,Liếc trái,Ngạc nhiên
10:52:10 24/5/2026,Tập trung,31,95,43504,10355,490460,790182,3631,Quay trái,Liếc trái,Buồn bã
10:52:11 24/5/2026,Tập trung,31,67,72386,8884,511938,653260,4700,Nhìn thẳng,Nhìn thẳng,Buồn bã
10:52:12 24/5/2026,Sao nhãng,12,87,33979,12061,435103,966097,2592,Quay trái,Liếc trái,Khó chịu
10:52:13 24/5/2026,Sao nhãng,40,72,47266,8424,606060,1040913,2296,Nhìn thẳng,Nhìn thẳng,Buồn bã
10:52:14 24/5/2026,Sao nhãng,22,74,43694,5211,590941,1401674,2898,Nhìn thẳng,Nhìn thẳng,Bình thường
10:52:16 24/5/2026,Sao nhãng,28,85,58430,10638,573705,1248726,3659,Quay trái,Liếc trái,Khó chịu
10:52:17 24/5/2026,Sao nhãng,21,89,46204,9307,582011,573614,3363,Quay phải,Liếc phải,Buồn bã
10:52:18 24/5/2026,Sao nhãng,13,66,64491,7768,388721,622094,4895,Quay phải,Liếc phải,Khó chịu
10:52:24 24/5/2026,Sao nhãng,17,83,56335,2962,515858,1449293,4962,Nhìn thẳng,Nhìn thẳng,Bình thường
10:52:25 24/5/2026,Sao nhãng,25,66,53404,12034,746297,1115590,4457,Quay phải,Liếc phải,Buồn bã
10:52:26 24/5/2026,Sao nhãng,29,93,56396,12298,568695,582583,3275,Quay trái,Liếc trái,Buồn bã
10:52:27 24/5/2026,Sao nhãng,32,60,47461,17016,385257,753957,4938,Quay phải,Liếc phải,Khó chịu
10:52:28 24/5/2026,Sao nhãng,38,73,66009,16076,769691,1376830,3297,Quay phải,Liếc phải,Buồn bã
10:52:29 24/5/2026,Sao nhãng,18,60,42648,11519,619501,618335,3005,Quay trái,Liếc trái,Bình thường
10:52:30 24/5/2026,Sao nhãng,19,70,60064,14183,483969,958274,2521,Quay phải,Liếc phải,Buồn bã
10:52:31 24/5/2026,Sao nhãng,21,76,73317,4965,554586,776851,3050,Không tìm thấy mặt,Không tìm thấy mắt,Khó chịu
10:52:32 24/5/2026,Sao nhãng,32,94,64536,16586,707259,983001,3166,Cúi xuống,Liếc phải,Buồn bã
10:52:33 24/5/2026,Sao nhãng,13,76,58306,7800,667324,508221,4936,Không tìm thấy mặt,Không tìm thấy mắt,Buồn bã
10:52:34 24/5/2026,Sao nhãng,29,70,25957,9372,649658,718558,4542,Quay trái,Liếc trái,Buồn bã
10:52:35 24/5/2026,Tập trung,12,60,60136,12686,390590,1076771,4331,Nhìn thẳng,Nhìn thẳng,Khó chịu
10:52:36 24/5/2026,Sao nhãng,39,71,54327,13374,269002,535440,3554,Nhìn thẳng,Nhìn thẳng,Buồn bã
10:52:37 24/5/2026,Sao nhãng,27,76,28250,13173,782900,1056681,4584,Ngẩng lên,Liếc trái,Ngạc nhiên
10:52:38 24/5/2026,Sao nhãng,16,92,34002,8064,697393,990079,3916,Nhìn thẳng,Nhìn thẳng,Buồn bã
10:52:39 24/5/2026,Sao nhãng,18,62,64846,14822,216753,1496353,3706,Quay phải,Liếc phải,Buồn bã
10:52:40 24/5/2026,Sao nhãng,16,67,40294,13481,425737,602560,2936,Quay phải,Liếc phải,Khó chịu
10:52:41 24/5/2026,Sao nhãng,17,63,48211,12928,286303,1241407,3273,Quay phải,Liếc phải,Buồn bã
10:52:42 24/5/2026,Sao nhãng,11,76,58509,11758,554257,1410317,3746,Quay phải,Liếc phải,Buồn bã
10:52:43 24/5/2026,Sao nhãng,15,78,61787,12453,345721,1238041,5086,Không tìm thấy mặt,Không tìm thấy mắt,Buồn bã
10:52:44 24/5/2026,Sao nhãng,38,82,30628,15552,241516,675086,1756,Quay phải,Liếc xuống,Khó chịu
10:52:45 24/5/2026,Sao nhãng,12,63,60156,6358,353163,788034,2985,Quay phải,Liếc phải,Buồn bã
10:52:46 24/5/2026,Sao nhãng,14,73,42564,8390,752432,696459,2854,Không tìm thấy mặt,Không tìm thấy mắt,Buồn bã
10:52:47 24/5/2026,Sao nhãng,36,75,34020,12286,444343,617388,3263,Quay trái,Liếc trái,Khó chịu
10:52:48 24/5/2026,Sao nhãng,27,60,29434,11347,574785,1423891,3708,Không tìm thấy mặt,Không tìm thấy mắt,Buồn bã
10:52:49 24/5/2026,Sao nhãng,17,60,61306,8650,757336,1057753,3490,Quay phải,Liếc phải,Buồn bã
10:52:50 24/5/2026,Sao nhãng,38,86,44468,5457,530778,795554,4451,Quay trái,Liếc trái,Khó chịu
10:52:51 24/5/2026,Sao nhãng,12,76,58613,10410,403159,1467001,5443,Quay trái,Liếc trái,Buồn bã
10:52:52 24/5/2026,Sao nhãng,22,92,64699,6458,736433,602304,2103,Quay trái,Liếc trái,Khó chịu
10:52:53 24/5/2026,Tập trung,38,67,69826,13556,347141,928996,4533,Quay phải,Liếc phải,Buồn bã
10:52:54 24/5/2026,Sao nhãng,14,83,49426,11927,510214,635951,2437,Quay phải,Liếc phải,Buồn bã
10:52:55 24/5/2026,Sao nhãng,32,61,64826,6494,718144,816057,4496,Nhìn thẳng,Nhìn thẳng,Khó chịu
10:52:56 24/5/2026,Sao nhãng,24,94,69363,16159,439122,646994,3710,Quay phải,Liếc phải,Ngạc nhiên
10:52:57 24/5/2026,Sao nhãng,25,63,59439,12738,457886,1214350,3424,Quay trái,Liếc trái,Buồn bã
10:52:58 24/5/2026,Sao nhãng,11,68,36014,11948,229550,506292,2670,Quay trái,Liếc trái,Khó chịu
10:52:59 24/5/2026,Sao nhãng,36,75,57255,10361,793063,1318698,2615,Quay phải,Liếc phải,Buồn bã
10:53:00 24/5/2026,Sao nhãng,21,75,40460,10923,692072,1175062,3927,Nhìn thẳng,Nhìn thẳng,Khó chịu
10:53:01 24/5/2026,Sao nhãng,38,76,35798,5523,473887,1235532,3746,Quay trái,Liếc trái,Buồn bã
10:53:02 24/5/2026,Sao nhãng,38,63,70260,9115,287060,1457700,5446,Quay trái,Liếc trái,Buồn bã
10:53:03 24/5/2026,Sao nhãng,35,67,33713,6206,536934,1041288,1710,Quay phải,Liếc phải,Buồn bã
10:53:05 24/5/2026,Sao nhãng,19,92,39498,10715,434214,1477659,4276,Quay trái,Liếc trái,Khó chịu
10:53:06 24/5/2026,Tập trung,15,81,66443,15153,245493,1374934,3230,Không tìm thấy mặt,Không tìm thấy mắt,Buồn bã
10:53:07 24/5/2026,Sao nhãng,22,80,56933,15424,301247,501568,3870,Không tìm thấy mặt,Không tìm thấy mắt,Khó chịu
10:53:08 24/5/2026,Sao nhãng,38,94,58994,5792,789562,1152760,3554,Quay phải,Liếc phải,Buồn bã
10:53:09 24/5/2026,Sao nhãng,12,62,31668,11382,287438,812362,3055,Quay phải,Liếc phải,Khó chịu
10:53:10 24/5/2026,Sao nhãng,17,74,69491,11882,785458,1334381,4165,Không tìm thấy mặt,Không tìm thấy mắt,Buồn bã
10:53:11 24/5/2026,Sao nhãng,37,82,51235,10802,328661,721840,4426,Không tìm thấy mặt,Không tìm thấy mắt,Ngạc nhiên
10:53:12 24/5/2026,Sao nhãng,22,63,34777,7247,209944,984140,4195,Quay phải,Liếc xuống,Khó chịu
10:53:13 24/5/2026,Sao nhãng,24,85,48029,14068,711291,1203396,2919,Nhìn thẳng,Nhìn thẳng,Buồn bã
10:53:14 24/5/2026,Tập trung,20,65,31096,7766,619125,681590,4864,Cúi xuống,Liếc xuống,Buồn bã
10:53:15 24/5/2026,Sao nhãng,36,74,39242,10974,605807,924943,4262,Quay phải,Liếc xuống,Khó chịu
10:53:16 24/5/2026,Sao nhãng,37,93,40634,3101,240366,819122,4406,Cúi xuống,Liếc phải,Buồn bã
10:53:17 24/5/2026,Sao nhãng,20,69,32737,7038,548543,771991,2302,Nhìn thẳng,Nhìn thẳng,Bình thường
10:53:18 24/5/2026,Sao nhãng,20,77,56602,12058,788546,1410783,2897,Quay phải,Liếc xuống,Bình thường
10:53:19 24/5/2026,Sao nhãng,33,61,53662,11714,530544,1261016,3043,Quay phải,Liếc phải,Buồn bã
10:53:20 24/5/2026,Sao nhãng,31,95,39393,3940,289954,1239207,4008,Không tìm thấy mặt,Không tìm thấy mắt,Khó chịu
10:53:21 24/5/2026,Sao nhãng,25,73,37735,6884,533036,925537,3270,Quay trái,Liếc trái,Bình thường
10:53:22 24/5/2026,Sao nhãng,27,85,65274,15223,590425,1196557,3428,Quay phải,Liếc phải,Buồn bã
10:53:23 24/5/2026,Sao nhãng,39,66,45197,3434,386822,822704,5138,Không tìm thấy mặt,Không tìm thấy mắt,Khó chịu
10:53:24 24/5/2026,Sao nhãng,36,94,43594,14537,223826,1131475,4908,Cúi xuống,Liếc phải,Buồn bã
10:53:25 24/5/2026,Sao nhãng,14,77,44029,10051,340235,804611,4068,Nhìn thẳng,Nhìn thẳng,Buồn bã
10:53:26 24/5/2026,Sao nhãng,31,90,50090,17384,389822,808315,4191,Không tìm thấy mặt,Không tìm thấy mắt,Buồn bã
10:53:27 24/5/2026,Sao nhãng,13,94,52552,12457,670913,1475910,4191,Nhìn thẳng,Nhìn thẳng,Bình thường
10:53:28 24/5/2026,Sao nhãng,28,93,69177,10986,366576,713927,4067,Nhìn thẳng,Nhìn thẳng,Khó chịu
10:53:29 24/5/2026,Sao nhãng,12,90,31718,11297,625803,1026027,4884,Quay trái,Liếc trái,Buồn bã
10:53:30 24/5/2026,Sao nhãng,22,87,27574,7241,420035,729650,2407,Nhìn thẳng,Nhìn thẳng,Khó chịu
10:53:31 24/5/2026,Sao nhãng,23,83,68362,3076,400692,882209,3748,Nhìn thẳng,Nhìn thẳng,Buồn bã
10:53:32 24/5/2026,Sao nhãng,24,84,66907,9382,220981,927404,3633,Quay trái,Liếc trái,Ngạc nhiên
10:53:33 24/5/2026,Sao nhãng,16,67,48172,13293,528553,1203023,3435,Nhìn thẳng,Nhìn thẳng,Khó chịu
10:53:34 24/5/2026,Sao nhãng,21,78,67245,7583,243731,1323539,3701,Không tìm thấy mặt,Không tìm thấy mắt,Buồn bã
10:53:35 24/5/2026,Sao nhãng,24,87,37173,15317,342823,1386252,4418,Không tìm thấy mặt,Không tìm thấy mắt,Buồn bã
10:53:36 24/5/2026,Sao nhãng,23,87,39031,18727,737252,1038425,4106,Nhìn thẳng,Nhìn thẳng,Buồn bã
10:53:37 24/5/2026,Sao nhãng,33,68,47457,11589,299749,1124414,1057,Nhìn thẳng,Nhìn thẳng,Buồn bã
10:53:38 24/5/2026,Sao nhãng,27,66,61218,8415,567251,561304,4885,Cúi xuống,Liếc phải,Khó chịu
10:53:39 24/5/2026,Sao nhãng,31,78,53267,9092,585302,1078168,2335,Quay phải,Liếc phải,Buồn bã
10:53:40 24/5/2026,Sao nhãng,22,90,36092,4075,692896,661248,1855,Nhìn thẳng,Nhìn thẳng,Buồn bã
10:53:41 24/5/2026,Sao nhãng,38,65,64388,9292,250412,1146440,3924,Quay phải,Liếc phải,Khó chịu
10:53:42 24/5/2026,Sao nhãng,27,94,51519,13763,400334,1054350,4489,Quay trái,Liếc trái,Buồn bã
10:53:43 24/5/2026,Sao nhãng,10,80,36724,17525,645441,506805,3994,Quay trái,Liếc trái,Bình thường
10:53:44 24/5/2026,Sao nhãng,33,72,77083,9610,726163,1235298,5095,Không tìm thấy mặt,Không tìm thấy mắt,Khó chịu
10:53:45 24/5/2026,Sao nhãng,30,92,58320,12774,597825,1458817,5418,Nhìn thẳng,Nhìn thẳng,Buồn bã
10:53:46 24/5/2026,Sao nhãng,27,80,62128,3753,243564,1349100,3451,Quay phải,Liếc xuống,Buồn bã
10:53:47 24/5/2026,Sao nhãng,12,87,32905,8692,601140,868773,4463,Quay trái,Liếc trái,Khó chịu
10:53:48 24/5/2026,Tập trung,18,77,47829,16237,402382,663384,5022,Cúi xuống,Liếc xuống,Buồn bã
10:53:49 24/5/2026,Sao nhãng,20,88,56210,19304,505028,881491,3532,Quay trái,Liếc trái,Buồn bã
10:53:50 24/5/2026,Sao nhãng,24,92,74337,17307,386035,754774,4643,Quay phải,Liếc phải,Buồn bã
10:53:51 24/5/2026,Sao nhãng,34,71,52147,16121,210138,1316375,2725,Không tìm thấy mặt,Không tìm thấy mắt,Khó chịu
10:53:53 24/5/2026,Sao nhãng,21,74,66541,8269,470274,627721,3108,Quay trái,Liếc trái,Ngạc nhiên
10:53:54 24/5/2026,Sao nhãng,31,90,46381,12863,391227,1350097,4088,Quay trái,Liếc trái,Buồn bã
10:53:55 24/5/2026,Sao nhãng,34,79,46526,17526,789360,1421982,1812,Cúi xuống,Liếc phải,Khó chịu
10:53:56 24/5/2026,Sao nhãng,28,60,78329,15295,521779,849639,3520,Nhìn thẳng,Nhìn thẳng,Buồn bã
10:53:57 24/5/2026,Sao nhãng,23,66,69787,12788,560919,1083119,2508,Quay phải,Liếc phải,Buồn bã
10:53:58 24/5/2026,Sao nhãng,16,60,50213,12521,556956,1159087,2220,Nhìn thẳng,Nhìn thẳng,Khó chịu
10:53:59 24/5/2026,Sao nhãng,35,61,46205,12839,514260,653534,2548,Nhìn thẳng,Nhìn thẳng,Buồn bã
10:54:00 24/5/2026,Sao nhãng,40,73,63618,6162,690552,513950,1510,Không tìm thấy mặt,Không tìm thấy mắt,Khó chịu
10:54:01 24/5/2026,Sao nhãng,10,71,60334,15237,680963,1379733,4251,Quay trái,Liếc trái,Buồn bã
10:54:02 24/5/2026,Sao nhãng,38,60,54387,12966,624472,788831,1979,Quay phải,Liếc xuống,Khó chịu
10:54:03 24/5/2026,Sao nhãng,15,95,59479,5443,594888,827233,5139,Không tìm thấy mặt,Không tìm thấy mắt,Buồn bã
10:54:04 24/5/2026,Sao nhãng,18,92,51972,5970,793841,707731,3001,Quay trái,Liếc trái,Bình thường
10:54:05 24/5/2026,Sao nhãng,12,92,50644,10935,422461,1388482,2953,Không tìm thấy mặt,Không tìm thấy mắt,Buồn bã
10:54:06 24/5/2026,Sao nhãng,20,91,65183,10226,774164,1260583,3367,Ngẩng lên,Liếc trái,Khó chịu
10:54:07 24/5/2026,Sao nhãng,34,69,48235,9290,451549,749979,3260,Cúi xuống,Liếc phải,Buồn bã
10:54:08 24/5/2026,Sao nhãng,22,73,47767,7904,374013,751336,2499,Không tìm thấy mặt,Không tìm thấy mắt,Buồn bã
10:54:09 24/5/2026,Sao nhãng,26,87,34899,17998,567699,1062278,4395,Quay phải,Liếc phải,Khó chịu
10:54:10 24/5/2026,Sao nhãng,38,82,61301,13707,428173,1227797,5393,Quay phải,Liếc phải,Ngạc nhiên
10:54:11 24/5/2026,Sao nhãng,16,76,41125,12584,367462,1288853,5176,Quay trái,Liếc trái,Buồn bã
10:54:12 24/5/2026,Sao nhãng,35,84,40135,14405,330828,818674,3732,Nhìn thẳng,Nhìn thẳng,Buồn bã
10:54:13 24/5/2026,Sao nhãng,22,70,49997,14142,735462,727664,1712,Quay trái,Liếc trái,Buồn bã
10:54:14 24/5/2026,Sao nhãng,14,87,48535,8043,534578,1238490,3506,Nhìn thẳng,Nhìn thẳng,Buồn bã
10:54:15 24/5/2026,Sao nhãng,17,83,54593,6127,533302,675903,2625,Quay trái,Liếc trái,Bình thường
10:54:16 24/5/2026,Sao nhãng,12,66,73120,8417,718398,855147,2143,Quay phải,Liếc xuống,Khó chịu
10:54:17 24/5/2026,Sao nhãng,23,68,59757,11683,446396,1147510,3097,Quay trái,Liếc trái,Buồn bã
10:54:18 24/5/2026,Sao nhãng,13,70,52549,11715,215248,963565,4182,Nhìn thẳng,Nhìn thẳng,Buồn bã
10:54:19 24/5/2026,Sao nhãng,17,77,36126,15380,623283,910136,4486,Quay trái,Liếc trái,Khó chịu
10:54:20 24/5/2026,Sao nhãng,21,81,70985,13142,737024,1324421,2972,Nhìn thẳng,Nhìn thẳng,Buồn bã
10:54:21 24/5/2026,Sao nhãng,30,93,61745,5066,211600,1055199,4325,Nhìn thẳng,Nhìn thẳng,Khó chịu
10:54:22 24/5/2026,Sao nhãng,32,83,62939,11513,285248,1183635,3388,Quay trái,Liếc lên,Buồn bã
10:54:53 24/5/2026,Tập trung,75,50,63140,154889,21363,101985,38270,Nhìn thẳng,Nhìn thẳng,Vui vẻ
10:54:54 24/5/2026,Tập trung,83,52,50179,225846,72725,113207,46813,Nhìn thẳng,Nhìn thẳng,Bình thường
10:54:55 24/5/2026,Tập trung,89,51,50690,186078,32540,91113,21489,Nhìn thẳng,Nhìn thẳng,Bình thường
10:54:56 24/5/2026,Tập trung,95,45,76091,215086,55403,127958,17816,Quay trái,Liếc trái,Bình thường
10:54:57 24/5/2026,Tập trung,90,40,64340,173397,28556,98972,36129,Nhìn thẳng,Nhìn thẳng,Bình thường
10:54:58 24/5/2026,Tập trung,95,51,97593,268274,41947,50144,38703,Nhìn thẳng,Nhìn thẳng,Bình thường
10:54:59 24/5/2026,Tập trung,76,46,87318,210996,48610,95848,48279,Nhìn thẳng,Nhìn thẳng,Bình thường
10:55:00 24/5/2026,Tập trung,92,51,47478,179105,45512,99354,31899,Quay phải,Liếc phải,Bình thường
10:55:01 24/5/2026,Tập trung,84,55,87941,250944,34897,72620,32537,Quay trái,Liếc phải,Vui vẻ
10:55:02 24/5/2026,Tập trung,90,48,109376,186686,42823,92606,38448,Nhìn thẳng,Nhìn thẳng,Bình thường
10:55:03 24/5/2026,Sao nhãng,94,40,50119,177164,62897,67949,23840,Nhìn thẳng,Nhìn thẳng,Bình thường
10:55:04 24/5/2026,Tập trung,97,56,95203,127202,62025,83839,25033,Nhìn thẳng,Nhìn thẳng,Vui vẻ
10:55:05 24/5/2026,Tập trung,78,41,64484,173430,45608,87334,30442,Nhìn thẳng,Nhìn thẳng,Bình thường
10:55:06 24/5/2026,Tập trung,89,60,81971,200773,67061,98580,29784,Nhìn thẳng,Nhìn thẳng,Bình thường
10:55:07 24/5/2026,Tập trung,97,52,100810,262385,60518,135226,41546,Nhìn thẳng,Nhìn thẳng,Vui vẻ
10:55:08 24/5/2026,Tập trung,89,48,75384,226500,25655,71035,40640,Nhìn thẳng,Nhìn thẳng,Bình thường
10:55:09 24/5/2026,Tập trung,93,55,73797,220278,37558,61713,34690,Nhìn thẳng,Nhìn thẳng,Bình thường
10:55:10 24/5/2026,Tập trung,90,59,98554,213237,36810,89309,49272,Nhìn thẳng,Nhìn thẳng,Bình thường
10:55:12 24/5/2026,Tập trung,98,43,49807,211701,33813,110355,38942,Nhìn thẳng,Nhìn thẳng,Bình thường
10:55:13 24/5/2026,Tập trung,80,60,75850,256551,28611,109847,36907,Nhìn thẳng,Nhìn thẳng,Vui vẻ
10:55:14 24/5/2026,Sao nhãng,88,60,104270,193567,70874,94747,30120,Nhìn thẳng,Nhìn thẳng,Bình thường
10:55:15 24/5/2026,Tập trung,93,49,95993,194409,22157,72483,21113,Nhìn thẳng,Nhìn thẳng,Sợ hãi
10:55:16 24/5/2026,Tập trung,78,43,92281,217829,23498,128813,34356,Nhìn thẳng,Nhìn thẳng,Bình thường
10:55:17 24/5/2026,Tập trung,91,52,116187,172013,52168,82953,30883,Nhìn thẳng,Nhìn thẳng,Bình thường
10:55:18 24/5/2026,Tập trung,78,59,72933,140312,34119,97161,37842,Nhìn thẳng,Nhìn thẳng,Vui vẻ
10:55:19 24/5/2026,Tập trung,97,43,44922,170723,53903,132141,27684,Nhìn thẳng,Nhìn thẳng,Bình thường
10:55:20 24/5/2026,Tập trung,79,60,98286,210185,24789,54540,27850,Nhìn thẳng,Nhìn thẳng,Bình thường
10:55:21 24/5/2026,Tập trung,95,46,93087,150263,28777,91181,29425,Nhìn thẳng,Nhìn thẳng,Bình thường
10:55:22 24/5/2026,Tập trung,85,59,59590,224811,65224,147491,39158,Nhìn thẳng,Nhìn thẳng,Bình thường
10:55:23 24/5/2026,Tập trung,75,51,91399,233142,20010,127832,35252,Nhìn thẳng,Nhìn thẳng,Bình thường
10:55:24 24/5/2026,Tập trung,96,45,68359,140447,33522,51784,31937,Nhìn thẳng,Nhìn thẳng,Bình thường
10:55:25 24/5/2026,Tập trung,96,52,80560,208128,72448,60317,32689,Nhìn thẳng,Nhìn thẳng,Vui vẻ
10:55:26 24/5/2026,Tập trung,82,53,42181,256093,68910,90302,42297,Nhìn thẳng,Nhìn thẳng,Bình thường
10:55:27 24/5/2026,Tập trung,91,60,52877,189801,60370,134502,32734,Nhìn thẳng,Nhìn thẳng,Vui vẻ
10:55:28 24/5/2026,Tập trung,77,55,92253,213279,73255,72040,42914,Nhìn thẳng,Nhìn thẳng,Bình thường
10:55:29 24/5/2026,Tập trung,90,51,60120,226166,22924,139202,20133,Nhìn thẳng,Nhìn thẳng,Bình thường
10:55:30 24/5/2026,Tập trung,85,47,58591,203140,68547,90167,39549,Nhìn thẳng,Nhìn thẳng,Vui vẻ
10:55:31 24/5/2026,Tập trung,77,43,74633,282023,24111,119092,29600,Nhìn thẳng,Nhìn thẳng,Bình thường
10:55:32 24/5/2026,Tập trung,91,52,76729,247656,59449,102813,32847,Nhìn thẳng,Nhìn thẳng,Vui vẻ
10:55:33 24/5/2026,Tập trung,83,40,97803,205993,63032,82917,31302,Ngẩng lên,Liếc phải,Bình thường
10:55:34 24/5/2026,Tập trung,85,41,91210,174177,39364,88493,39108,Nhìn thẳng,Nhìn thẳng,Bình thường
10:55:35 24/5/2026,Tập trung,79,44,110267,185658,31151,95332,32834,Nhìn thẳng,Nhìn thẳng,Bình thường
10:55:36 24/5/2026,Tập trung,83,49,97384,215520,38125,52501,42472,Quay phải,Liếc trái,Vui vẻ
10:55:37 24/5/2026,Tập trung,85,48,78627,178732,78109,59110,22266,Nhìn thẳng,Nhìn thẳng,Vui vẻ
10:55:38 24/5/2026,Tập trung,87,45,54390,228520,68510,68233,42912,Nhìn thẳng,Nhìn thẳng,Bình thường
10:55:39 24/5/2026,Tập trung,89,51,63870,276473,52140,136191,33914,Nhìn thẳng,Nhìn thẳng,Bình thường
10:55:40 24/5/2026,Sao nhãng,93,47,107919,235203,44717,76962,24876,Nhìn thẳng,Nhìn thẳng,Sợ hãi
10:55:41 24/5/2026,Tập trung,85,52,65400,233223,23276,93530,19538,Nhìn thẳng,Nhìn thẳng,Bình thường
10:55:42 24/5/2026,Tập trung,93,55,103393,236441,43327,97613,40861,Nhìn thẳng,Nhìn thẳng,Bình thường
10:55:43 24/5/2026,Tập trung,76,47,93200,205317,33086,86003,26355,Nhìn thẳng,Nhìn thẳng,Bình thường
10:55:44 24/5/2026,Tập trung,97,57,76609,261673,35573,55428,32454,Nhìn thẳng,Nhìn thẳng,Bình thường
10:55:45 24/5/2026,Tập trung,94,50,109155,231841,48483,58619,16643,Nhìn thẳng,Nhìn thẳng,Bình thường
10:55:46 24/5/2026,Tập trung,90,44,50615,234317,33580,118250,45280,Nhìn thẳng,Nhìn thẳng,Bình thường
10:55:47 24/5/2026,Tập trung,82,52,70920,183707,79192,128208,31373,Nhìn thẳng,Nhìn thẳng,Bình thường
10:55:48 24/5/2026,Tập trung,91,47,95286,223488,45019,128382,34281,Nhìn thẳng,Nhìn thẳng,Bình thường
10:55:49 24/5/2026,Sao nhãng,92,51,111831,268915,67643,53587,33700,Quay phải,Liếc trái,Bình thường
10:55:50 24/5/2026,Tập trung,85,60,97663,157149,37065,87695,46159,Nhìn thẳng,Nhìn thẳng,Bình thường
10:55:51 24/5/2026,Sao nhãng,82,58,79846,211704,51453,63890,22409,Nhìn thẳng,Nhìn thẳng,Bình thường
10:55:52 24/5/2026,Tập trung,77,53,88276,210668,63818,53730,35117,Nhìn thẳng,Nhìn thẳng,Bình thường
10:55:53 24/5/2026,Tập trung,95,59,77216,176845,65194,52383,47289,Nhìn thẳng,Nhìn thẳng,Bình thường
10:55:55 24/5/2026,Tập trung,98,41,88187,196029,75940,76236,28008,Nhìn thẳng,Nhìn thẳng,Bình thường
10:55:56 24/5/2026,Tập trung,90,57,104109,199999,79277,75204,28354,Nhìn thẳng,Nhìn thẳng,Bình thường
10:55:57 24/5/2026,Sao nhãng,77,57,86439,148756,79011,135527,41592,Nhìn thẳng,Nhìn thẳng,Bình thường
10:55:58 24/5/2026,Tập trung,98,57,53696,222059,20108,143805,37565,Nhìn thẳng,Nhìn thẳng,Vui vẻ
10:55:59 24/5/2026,Tập trung,80,50,72877,239069,65603,61451,36893,Nhìn thẳng,Nhìn thẳng,Vui vẻ
10:56:00 24/5/2026,Tập trung,94,59,68249,104480,79179,99641,34798,Nhìn thẳng,Nhìn thẳng,Sợ hãi
10:56:01 24/5/2026,Tập trung,79,53,78387,202270,34852,50709,24233,Nhìn thẳng,Nhìn thẳng,Bình thường
10:56:02 24/5/2026,Tập trung,79,60,103164,229910,22695,99409,38054,Nhìn thẳng,Nhìn thẳng,Bình thường
10:56:03 24/5/2026,Tập trung,77,44,66132,160046,31658,109801,28503,Nhìn thẳng,Nhìn thẳng,Bình thường
10:56:04 24/5/2026,Tập trung,84,45,81497,128183,45997,92189,25017,Nhìn thẳng,Nhìn thẳng,Bình thường
10:56:05 24/5/2026,Tập trung,87,43,61983,205661,64170,67217,45671,Nhìn thẳng,Nhìn thẳng,Bình thường
10:56:06 24/5/2026,Tập trung,85,59,72971,215378,51143,52698,31074,Nhìn thẳng,Nhìn thẳng,Bình thường
10:56:07 24/5/2026,Tập trung,97,49,109260,232135,22651,97670,45148,Nhìn thẳng,Nhìn thẳng,Bình thường
10:56:08 24/5/2026,Tập trung,97,57,71449,180939,34087,147555,40502,Nhìn thẳng,Nhìn thẳng,Bình thường
10:56:09 24/5/2026,Sao nhãng,80,48,60211,202210,40583,97604,28998,Nhìn thẳng,Nhìn thẳng,Bình thường
10:56:10 24/5/2026,Sao nhãng,86,53,111185,284699,39348,61025,40905,Nhìn thẳng,Nhìn thẳng,Vui vẻ
10:56:11 24/5/2026,Tập trung,91,41,77926,210098,57892,105427,28907,Nhìn thẳng,Nhìn thẳng,Bình thường
10:56:12 24/5/2026,Tập trung,97,57,81756,265638,58169,118305,19083,Nhìn thẳng,Nhìn thẳng,Bình thường
10:56:13 24/5/2026,Tập trung,88,54,91726,211841,33567,93776,35367,Nhìn thẳng,Nhìn thẳng,Bình thường
10:56:14 24/5/2026,Tập trung,81,46,46956,179873,51327,105703,45773,Nhìn thẳng,Nhìn thẳng,Bình thường
10:56:15 24/5/2026,Tập trung,82,50,98974,203283,40563,71299,34664,Nhìn thẳng,Nhìn thẳng,Bình thường
10:56:16 24/5/2026,Tập trung,84,56,79603,257439,77846,123148,27925,Nhìn thẳng,Nhìn thẳng,Bình thường
10:56:17 24/5/2026,Tập trung,96,41,94887,231337,64823,88634,39813,Nhìn thẳng,Nhìn thẳng,Bình thường
10:56:18 24/5/2026,Tập trung,90,41,74993,156598,49824,136889,20581,Nhìn thẳng,Nhìn thẳng,Sợ hãi
10:56:19 24/5/2026,Tập trung,96,40,82582,145454,47036,85603,33430,Nhìn thẳng,Nhìn thẳng,Bình thường
10:56:20 24/5/2026,Tập trung,94,57,83528,214349,45285,64530,31619,Nhìn thẳng,Nhìn thẳng,Vui vẻ
10:56:21 24/5/2026,Tập trung,95,59,69256,166898,35309,63289,35498,Nhìn thẳng,Nhìn thẳng,Bình thường
10:56:22 24/5/2026,Tập trung,75,60,81578,215182,23272,90979,40019,Nhìn thẳng,Nhìn thẳng,Bình thường
10:56:23 24/5/2026,Tập trung,79,45,85479,225713,24424,144490,29094,Nhìn thẳng,Nhìn thẳng,Bình thường
10:56:24 24/5/2026,Tập trung,92,43,83232,186617,31202,129978,35308,Nhìn thẳng,Nhìn thẳng,Vui vẻ
10:56:25 24/5/2026,Tập trung,91,50,76765,163972,51992,121963,34757,Quay trái,Liếc xuống,Bình thường
10:56:26 24/5/2026,Tập trung,80,45,112456,215732,40771,146394,40070,Nhìn thẳng,Nhìn thẳng,Bình thường
10:56:27 24/5/2026,Tập trung,98,59,87172,119952,79965,72106,31952,Nhìn thẳng,Nhìn thẳng,Bình thường
10:56:28 24/5/2026,Sao nhãng,95,55,84940,121524,43888,101540,37865,Nhìn thẳng,Nhìn thẳng,Bình thường
10:56:29 24/5/2026,Tập trung,93,58,93779,132919,65056,67013,28305,Nhìn thẳng,Nhìn thẳng,Vui vẻ
10:56:30 24/5/2026,Tập trung,79,52,90427,214132,67115,109585,36514,Nhìn thẳng,Nhìn thẳng,Bình thường
10:56:31 24/5/2026,Tập trung,84,45,83309,191060,38350,149959,28574,Nhìn thẳng,Nhìn thẳng,Bình thường
10:56:32 24/5/2026,Tập trung,85,57,112570,165920,42359,124490,44308,Nhìn thẳng,Nhìn thẳng,Bình thường
10:56:33 24/5/2026,Tập trung,98,58,51353,193998,76990,81591,44376,Nhìn thẳng,Nhìn thẳng,Bình thường
10:56:34 24/5/2026,Tập trung,81,53,77708,201989,24841,111729,47827,Quay phải,Liếc xuống,Bình thường
10:56:35 24/5/2026,Tập trung,95,56,78563,211741,49386,121260,30264,Nhìn thẳng,Nhìn thẳng,Vui vẻ
10:56:36 24/5/2026,Tập trung,86,43,92676,175538,34589,94200,36274,Nhìn thẳng,Nhìn thẳng,Bình thường
10:56:37 24/5/2026,Tập trung,81,44,67306,203763,33274,54938,26897,Nhìn thẳng,Nhìn thẳng,Bình thường
10:56:38 24/5/2026,Tập trung,91,46,52128,177351,63713,75211,27751,Nhìn thẳng,Nhìn thẳng,Bình thường
10:56:39 24/5/2026,Tập trung,89,52,88594,273742,25387,147058,40023,Nhìn thẳng,Nhìn thẳng,Bình thường
10:56:41 24/5/2026,Tập trung,77,55,85644,172729,36616,57207,20705,Nhìn thẳng,Nhìn thẳng,Sợ hãi
10:56:42 24/5/2026,Tập trung,97,55,86005,134615,64000,51890,29070,Quay trái,Liếc trái,Bình thường
10:56:43 24/5/2026,Tập trung,97,41,98581,177959,46010,99551,32225,Nhìn thẳng,Nhìn thẳng,Vui vẻ
10:56:44 24/5/2026,Tập trung,84,52,64929,206201,42032,101818,23714,Nhìn thẳng,Nhìn thẳng,Bình thường
10:56:45 24/5/2026,Tập trung,88,53,89108,236961,76562,144036,44271,Nhìn thẳng,Nhìn thẳng,Bình thường
10:56:46 24/5/2026,Tập trung,83,53,84348,245002,58922,84171,31868,Nhìn thẳng,Nhìn thẳng,Bình thường
10:56:47 24/5/2026,Tập trung,89,40,67928,192641,78082,145255,29856,Ngẩng lên,Liếc xuống,Bình thường
10:56:48 24/5/2026,Tập trung,83,60,88611,256536,59608,52189,37955,Nhìn thẳng,Nhìn thẳng,Bình thường
10:56:49 24/5/2026,Tập trung,77,42,81558,172493,62735,65145,34567,Nhìn thẳng,Nhìn thẳng,Bình thường
10:56:50 24/5/2026,Tập trung,83,45,116496,200401,74245,73443,31191,Nhìn thẳng,Nhìn thẳng,Bình thường
10:56:51 24/5/2026,Tập trung,78,59,108749,112783,32864,113573,28474,Nhìn thẳng,Nhìn thẳng,Bình thường
10:56:52 24/5/2026,Tập trung,80,49,63808,211641,26970,89128,28723,Quay trái,Liếc phải,Bình thường
10:57:02 24/5/2026,Sao nhãng,98,50,102758,166249,49272,114794,38888,Nhìn thẳng,Nhìn thẳng,Bình thường
10:57:03 24/5/2026,Tập trung,98,46,64741,229472,44603,106465,39048,Nhìn thẳng,Nhìn thẳng,Bình thường
10:57:04 24/5/2026,Tập trung,75,57,63658,285633,64059,98462,44438,Nhìn thẳng,Nhìn thẳng,Bình thường
10:57:05 24/5/2026,Tập trung,89,48,87259,281089,36519,136753,41931,Nhìn thẳng,Nhìn thẳng,Bình thường
10:57:06 24/5/2026,Tập trung,81,52,92644,269652,23754,120320,41101,Nhìn thẳng,Nhìn thẳng,Bình thường
10:57:07 24/5/2026,Tập trung,82,49,88311,152039,46910,68362,33227,Nhìn thẳng,Nhìn thẳng,Bình thường
10:57:08 24/5/2026,Tập trung,92,46,88913,278003,57895,62683,31199,Nhìn thẳng,Nhìn thẳng,Sợ hãi
10:57:09 24/5/2026,Tập trung,79,45,63083,169761,22832,100174,34320,Nhìn thẳng,Nhìn thẳng,Bình thường
10:57:10 24/5/2026,Tập trung,85,59,74101,250126,63551,142244,33447,Nhìn thẳng,Nhìn thẳng,Vui vẻ
10:57:11 24/5/2026,Tập trung,89,57,100444,166925,68463,124400,41267,Nhìn thẳng,Nhìn thẳng,Bình thường
10:57:12 24/5/2026,Tập trung,81,48,103348,218500,79773,72401,24963,Nhìn thẳng,Nhìn thẳng,Bình thường
10:57:13 24/5/2026,Tập trung,86,57,75849,173926,46859,60184,30624,Nhìn thẳng,Nhìn thẳng,Bình thường
10:57:15 24/5/2026,Tập trung,84,58,85451,270727,64898,51565,45931,Quay phải,Liếc lên,Bình thường
10:57:16 24/5/2026,Tập trung,92,51,60236,113909,77239,55512,45313,Nhìn thẳng,Nhìn thẳng,Bình thường
10:57:17 24/5/2026,Tập trung,89,52,89498,259945,78161,87756,35646,Nhìn thẳng,Nhìn thẳng,Vui vẻ
10:57:18 24/5/2026,Tập trung,77,59,64923,295293,21542,103247,43159,Nhìn thẳng,Nhìn thẳng,Bình thường
10:57:19 24/5/2026,Tập trung,86,59,82539,150952,32520,144278,30972,Nhìn thẳng,Nhìn thẳng,Vui vẻ
10:57:20 24/5/2026,Tập trung,76,57,73095,157950,68653,143861,25667,Quay trái,Liếc trái,Bình thường
10:57:21 24/5/2026,Tập trung,88,55,68544,186167,48618,73468,31329,Nhìn thẳng,Nhìn thẳng,Bình thường
10:57:22 24/5/2026,Tập trung,90,53,104147,246080,38188,53899,31702,Nhìn thẳng,Nhìn thẳng,Bình thường
10:57:23 24/5/2026,Tập trung,77,58,75286,246056,77646,142357,32049,Nhìn thẳng,Nhìn thẳng,Vui vẻ
10:57:24 24/5/2026,Tập trung,85,60,52027,119126,35721,78497,29599,Nhìn thẳng,Nhìn thẳng,Vui vẻ
10:57:25 24/5/2026,Tập trung,78,42,58122,126005,36696,63949,30695,Nhìn thẳng,Nhìn thẳng,Bình thường
10:57:26 24/5/2026,Sao nhãng,87,52,95086,163669,79037,111668,43091,Nhìn thẳng,Nhìn thẳng,Bình thường
10:57:27 24/5/2026,Tập trung,79,50,97166,249106,39708,100701,35158,Nhìn thẳng,Nhìn thẳng,Bình thường
10:57:28 24/5/2026,Tập trung,91,60,110065,202183,56549,107581,31645,Nhìn thẳng,Nhìn thẳng,Bình thường
10:57:29 24/5/2026,Tập trung,80,54,58463,255557,45013,122937,35679,Nhìn thẳng,Nhìn thẳng,Bình thường
10:57:30 24/5/2026,Tập trung,81,41,84005,219071,45941,128830,32438,Nhìn thẳng,Nhìn thẳng,Bình thường
10:57:31 24/5/2026,Tập trung,86,42,66502,164877,50808,89038,20510,Cúi xuống,Liếc xuống,Bình thường
10:57:32 24/5/2026,Tập trung,83,48,52678,245669,59660,117146,35342,Nhìn thẳng,Nhìn thẳng,Sợ hãi
10:57:33 24/5/2026,Tập trung,85,59,52445,122723,52153,102646,22862,Nhìn thẳng,Nhìn thẳng,Bình thường
10:57:34 24/5/2026,Tập trung,82,48,46345,235744,39759,121824,44741,Nhìn thẳng,Nhìn thẳng,Bình thường
10:57:35 24/5/2026,Tập trung,84,43,94296,185307,65511,123370,46186,Nhìn thẳng,Nhìn thẳng,Bình thường
10:57:36 24/5/2026,Tập trung,95,58,89512,197323,34987,91357,25705,Nhìn thẳng,Nhìn thẳng,Vui vẻ
10:57:37 24/5/2026,Tập trung,76,53,86327,226247,59813,108907,30865,Nhìn thẳng,Nhìn thẳng,Bình thường
10:57:38 24/5/2026,Tập trung,90,57,71361,234305,39884,129912,28849,Nhìn thẳng,Nhìn thẳng,Bình thường
10:57:39 24/5/2026,Tập trung,81,51,98638,191893,38337,109356,31023,Nhìn thẳng,Nhìn thẳng,Bình thường
10:57:40 24/5/2026,Tập trung,91,59,64828,230568,48391,113405,37017,Nhìn thẳng,Nhìn thẳng,Bình thường
10:57:41 24/5/2026,Tập trung,97,55,86959,268108,57622,51165,40573,Nhìn thẳng,Nhìn thẳng,Bình thường
10:57:42 24/5/2026,Tập trung,78,46,74520,205352,72459,126125,28828,Nhìn thẳng,Nhìn thẳng,Bình thường
10:57:43 24/5/2026,Tập trung,82,52,109477,245813,42626,104468,19392,Nhìn thẳng,Nhìn thẳng,Bình thường
10:57:44 24/5/2026,Tập trung,85,56,63942,259823,28092,51414,30224,Nhìn thẳng,Nhìn thẳng,Bình thường
10:57:45 24/5/2026,Tập trung,92,44,54297,165274,26511,131995,27260,Nhìn thẳng,Nhìn thẳng,Bình thường
10:57:46 24/5/2026,Tập trung,86,43,66836,190883,23956,97628,19278,Nhìn thẳng,Nhìn thẳng,Bình thường
10:57:47 24/5/2026,Tập trung,97,47,101811,183651,44732,143545,31096,Cúi xuống,Liếc lên,Bình thường
10:57:48 24/5/2026,Tập trung,95,53,60200,293795,71289,63814,31051,Nhìn thẳng,Nhìn thẳng,Bình thường
10:57:49 24/5/2026,Tập trung,79,52,87947,223035,37591,116335,33061,Nhìn thẳng,Nhìn thẳng,Bình thường
10:57:50 24/5/2026,Tập trung,85,48,65481,270097,61509,92963,44702,Nhìn thẳng,Nhìn thẳng,Sợ hãi
10:57:51 24/5/2026,Tập trung,92,40,87570,178617,62476,142041,41293,Nhìn thẳng,Nhìn thẳng,Bình thường
10:57:52 24/5/2026,Tập trung,75,45,68657,189861,37544,119217,36082,Nhìn thẳng,Nhìn thẳng,Vui vẻ
10:57:53 24/5/2026,Tập trung,83,41,104987,262847,62816,68750,33589,Nhìn thẳng,Nhìn thẳng,Bình thường
10:57:54 24/5/2026,Tập trung,92,54,75574,170675,20953,104238,32556,Nhìn thẳng,Nhìn thẳng,Vui vẻ
10:57:55 24/5/2026,Tập trung,95,53,92932,185803,35110,55231,32100,Quay trái,Liếc phải,Bình thường
10:57:56 24/5/2026,Tập trung,79,46,71596,200705,27713,86325,42249,Nhìn thẳng,Nhìn thẳng,Bình thường
10:57:57 24/5/2026,Tập trung,98,45,73710,203360,65970,126980,26663,Nhìn thẳng,Nhìn thẳng,Bình thường
10:57:58 24/5/2026,Tập trung,75,56,67488,136805,30632,91375,28742,Nhìn thẳng,Nhìn thẳng,Bình thường
10:57:59 24/5/2026,Tập trung,80,51,104258,149758,46852,145114,28459,Nhìn thẳng,Nhìn thẳng,Bình thường
10:58:00 24/5/2026,Tập trung,92,42,102136,203221,74579,134824,37624,Nhìn thẳng,Nhìn thẳng,Bình thường
10:58:01 24/5/2026,Tập trung,89,56,76055,181430,42928,100095,27653,Nhìn thẳng,Nhìn thẳng,Bình thường
10:58:02 24/5/2026,Sao nhãng,80,59,71117,180043,39808,81930,33129,Nhìn thẳng,Nhìn thẳng,Bình thường
10:58:03 24/5/2026,Tập trung,75,50,117252,246809,26279,81332,35918,Nhìn thẳng,Nhìn thẳng,Bình thường
10:58:05 24/5/2026,Tập trung,87,43,70045,231172,78105,113464,24298,Nhìn thẳng,Nhìn thẳng,Bình thường
10:58:06 24/5/2026,Tập trung,75,51,79703,175418,46151,57554,31656,Nhìn thẳng,Nhìn thẳng,Bình thường
10:58:07 24/5/2026,Tập trung,89,60,98274,132021,32529,92889,42830,Ngẩng lên,Liếc trái,Bình thường
10:58:08 24/5/2026,Tập trung,96,57,58319,215966,40065,58101,29336,Nhìn thẳng,Nhìn thẳng,Bình thường
10:58:09 24/5/2026,Tập trung,79,54,68095,185940,22942,52631,36852,Nhìn thẳng,Nhìn thẳng,Bình thường
10:58:10 24/5/2026,Tập trung,77,49,70997,146125,22659,102118,39545,Nhìn thẳng,Nhìn thẳng,Sợ hãi
10:58:11 24/5/2026,Tập trung,98,60,80197,184730,57156,54032,24824,Nhìn thẳng,Nhìn thẳng,Vui vẻ
10:58:12 24/5/2026,Sao nhãng,83,56,56432,262901,41609,139187,33793,Nhìn thẳng,Nhìn thẳng,Bình thường
10:58:13 24/5/2026,Tập trung,95,42,104302,131479,45701,109528,30404,Nhìn thẳng,Nhìn thẳng,Bình thường
10:58:14 24/5/2026,Tập trung,92,50,92786,196463,65989,80199,31931,Nhìn thẳng,Nhìn thẳng,Bình thường
10:58:15 24/5/2026,Tập trung,81,46,68608,246637,44388,149487,38054,Nhìn thẳng,Nhìn thẳng,Bình thường
10:58:16 24/5/2026,Tập trung,77,52,92077,189705,21425,133106,35070,Nhìn thẳng,Nhìn thẳng,Bình thường
10:58:17 24/5/2026,Tập trung,79,42,76576,241963,56824,56042,28615,Nhìn thẳng,Nhìn thẳng,Vui vẻ
10:58:18 24/5/2026,Tập trung,90,42,84957,225058,68941,111952,39338,Nhìn thẳng,Nhìn thẳng,Bình thường
10:58:19 24/5/2026,Tập trung,80,41,103721,223281,78698,141839,28995,Ngẩng lên,Liếc phải,Bình thường
10:58:20 24/5/2026,Tập trung,77,54,77326,161595,71808,66410,37561,Nhìn thẳng,Nhìn thẳng,Bình thường
10:58:21 24/5/2026,Tập trung,95,50,59820,233268,34430,58331,20868,Nhìn thẳng,Nhìn thẳng,Bình thường
10:58:22 24/5/2026,Tập trung,82,53,48701,175594,75396,50677,31629,Nhìn thẳng,Nhìn thẳng,Vui vẻ
10:58:23 24/5/2026,Tập trung,78,41,76428,202045,55638,114087,35478,Nhìn thẳng,Nhìn thẳng,Bình thường
10:58:24 24/5/2026,Tập trung,86,40,72685,272934,52801,130752,32965,Nhìn thẳng,Nhìn thẳng,Bình thường
10:58:25 24/5/2026,Tập trung,75,51,88788,200624,75532,70109,22107,Nhìn thẳng,Nhìn thẳng,Bình thường
10:58:26 24/5/2026,Tập trung,98,48,61906,168731,61722,90715,20786,Nhìn thẳng,Nhìn thẳng,Bình thường
10:58:27 24/5/2026,Tập trung,84,60,95568,186949,29150,76137,39857,Nhìn thẳng,Nhìn thẳng,Bình thường
10:58:28 24/5/2026,Tập trung,85,50,69257,165854,62778,133654,33553,Nhìn thẳng,Nhìn thẳng,Vui vẻ
10:58:29 24/5/2026,Tập trung,88,48,45134,235579,68253,119327,26457,Nhìn thẳng,Nhìn thẳng,Bình thường
10:58:30 24/5/2026,Tập trung,80,41,51428,212014,55822,84406,25584,Quay trái,Liếc phải,Bình thường
10:58:31 24/5/2026,Tập trung,89,48,95963,195870,60104,107087,33193,Nhìn thẳng,Nhìn thẳng,Bình thường
10:58:32 24/5/2026,Tập trung,84,51,86539,220227,42117,79091,28734,Nhìn thẳng,Nhìn thẳng,Sợ hãi
10:58:33 24/5/2026,Tập trung,93,41,71815,233861,61091,50905,44746,Nhìn thẳng,Nhìn thẳng,Bình thường
10:58:34 24/5/2026,Tập trung,78,40,55845,167834,68695,122965,33509,Nhìn thẳng,Nhìn thẳng,Bình thường
10:58:35 24/5/2026,Tập trung,97,47,80645,222288,71386,50932,33325,Nhìn thẳng,Nhìn thẳng,Bình thường
10:58:36 24/5/2026,Tập trung,81,44,95729,235686,29725,75817,26662,Nhìn thẳng,Nhìn thẳng,Bình thường
10:58:37 24/5/2026,Tập trung,97,47,83151,191692,71441,57868,32302,Nhìn thẳng,Nhìn thẳng,Vui vẻ
10:58:38 24/5/2026,Tập trung,94,46,92906,146115,22113,96113,30612,Nhìn thẳng,Nhìn thẳng,Bình thường
10:58:39 24/5/2026,Tập trung,82,42,84467,144843,71274,110145,43525,Nhìn thẳng,Nhìn thẳng,Bình thường
10:58:40 24/5/2026,Tập trung,77,53,98333,225186,37473,135428,41300,Nhìn thẳng,Nhìn thẳng,Bình thường
10:58:41 24/5/2026,Tập trung,86,53,94415,191309,54117,74108,41120,Nhìn thẳng,Nhìn thẳng,Bình thường
10:58:42 24/5/2026,Tập trung,78,59,79124,161983,23066,81747,22345,Cúi xuống,Liếc lên,Bình thường
10:58:43 24/5/2026,Tập trung,91,60,74006,204695,70288,93382,26782,Nhìn thẳng,Nhìn thẳng,Bình thường
10:58:44 24/5/2026,Tập trung,81,41,74066,199329,58820,73395,36680,Quay trái,Liếc trái,Bình thường
10:58:45 24/5/2026,Tập trung,97,52,53317,238194,25105,74600,38026,Nhìn thẳng,Nhìn thẳng,Bình thường
10:58:46 24/5/2026,Tập trung,88,50,61002,241296,60847,70621,27633,Nhìn thẳng,Nhìn thẳng,Bình thường
10:58:47 24/5/2026,Tập trung,93,51,111183,132735,39452,77010,37504,Nhìn thẳng,Nhìn thẳng,Bình thường
10:58:48 24/5/2026,Tập trung,80,46,60192,125992,61103,66588,32404,Nhìn thẳng,Nhìn thẳng,Bình thường
10:58:50 24/5/2026,Tập trung,93,56,82270,210922,39983,103173,43527,Nhìn thẳng,Nhìn thẳng,Bình thường
10:58:51 24/5/2026,Tập trung,88,45,59552,174935,64411,108974,34588,Nhìn thẳng,Nhìn thẳng,Vui vẻ
10:58:52 24/5/2026,Tập trung,98,48,84483,172221,34385,57106,31622,Nhìn thẳng,Nhìn thẳng,Vui vẻ
10:58:53 24/5/2026,Tập trung,80,52,62541,190194,57686,147784,46351,Nhìn thẳng,Nhìn thẳng,Sợ hãi
10:58:54 24/5/2026,Tập trung,97,49,71510,178318,51795,78337,29705,Nhìn thẳng,Nhìn thẳng,Bình thường
10:58:55 24/5/2026,Tập trung,80,49,83985,231208,68008,69221,20293,Nhìn thẳng,Nhìn thẳng,Bình thường
10:58:56 24/5/2026,Tập trung,91,58,81188,275788,20768,62147,29344,Nhìn thẳng,Nhìn thẳng,Vui vẻ
10:58:57 24/5/2026,Tập trung,95,58,100853,194066,40473,136174,20549,Nhìn thẳng,Nhìn thẳng,Bình thường
10:58:58 24/5/2026,Tập trung,90,45,57693,228722,25348,113890,22749,Nhìn thẳng,Nhìn thẳng,Bình thường
10:58:59 24/5/2026,Tập trung,86,40,61897,221223,20378,138570,25569,Nhìn thẳng,Nhìn thẳng,Bình thường
10:59:00 24/5/2026,Tập trung,90,41,91711,143419,44519,70353,35900,Nhìn thẳng,Nhìn thẳng,Bình thường
10:59:01 24/5/2026,Tập trung,80,53,79849,131051,70745,76950,33254,Nhìn thẳng,Nhìn thẳng,Bình thường
10:59:09 24/5/2026,Tập trung,83,40,90889,165821,69260,106196,27721,Nhìn thẳng,Nhìn thẳng,Bình thường
10:59:10 24/5/2026,Tập trung,95,41,84037,255047,30425,126593,23746,Nhìn thẳng,Nhìn thẳng,Bình thường
10:59:11 24/5/2026,Tập trung,81,43,96546,262296,36327,55489,32655,Nhìn thẳng,Nhìn thẳng,Bình thường
10:59:12 24/5/2026,Tập trung,80,59,56593,124627,66338,72393,36821,Nhìn thẳng,Nhìn thẳng,Bình thường
10:59:13 24/5/2026,Tập trung,89,51,80611,173416,49149,70304,26968,Nhìn thẳng,Nhìn thẳng,Bình thường
10:59:14 24/5/2026,Tập trung,89,55,78282,220532,59842,89281,33594,Quay trái,Liếc lên,Bình thường
10:59:15 24/5/2026,Tập trung,93,46,46471,251587,45378,72409,38948,Nhìn thẳng,Nhìn thẳng,Bình thường
10:59:16 24/5/2026,Tập trung,79,60,50945,129923,27539,52194,31465,Nhìn thẳng,Nhìn thẳng,Bình thường
10:59:17 24/5/2026,Tập trung,83,49,65758,142557,50522,101515,26363,Nhìn thẳng,Nhìn thẳng,Bình thường
10:59:18 24/5/2026,Tập trung,97,41,82624,242334,37628,129294,29861,Nhìn thẳng,Nhìn thẳng,Sợ hãi
10:59:19 24/5/2026,Tập trung,97,41,82624,242334,37628,129294,29861,Nhìn thẳng,Nhìn thẳng,Bình thường
10:59:20 24/5/2026,Tập trung,94,58,104660,260316,58437,131526,21190,Cúi xuống,Liếc phải,Bình thường
10:59:21 24/5/2026,Tập trung,81,41,94229,256277,38552,138799,31415,Nhìn thẳng,Nhìn thẳng,Bình thường
10:59:22 24/5/2026,Tập trung,90,51,108449,210998,33195,99349,25353,Nhìn thẳng,Nhìn thẳng,Bình thường
10:59:23 24/5/2026,Tập trung,82,44,62896,219179,71892,91870,23100,Nhìn thẳng,Nhìn thẳng,Bình thường
10:59:24 24/5/2026,Tập trung,84,43,95472,276413,37435,120621,28273,Nhìn thẳng,Nhìn thẳng,Bình thường
10:59:25 24/5/2026,Tập trung,92,52,56093,124458,76499,143042,36289,Nhìn thẳng,Nhìn thẳng,Bình thường
10:59:26 24/5/2026,Tập trung,91,40,86648,224949,59782,129445,39212,Nhìn thẳng,Nhìn thẳng,Bình thường
10:59:27 24/5/2026,Tập trung,80,55,71354,166523,30584,79862,39222,Nhìn thẳng,Nhìn thẳng,Bình thường
10:59:28 24/5/2026,Tập trung,96,46,94521,224865,54695,122772,34941,Nhìn thẳng,Nhìn thẳng,Bình thường
10:59:29 24/5/2026,Tập trung,93,55,78276,203493,58410,58381,47549,Nhìn thẳng,Nhìn thẳng,Bình thường
10:59:30 24/5/2026,Tập trung,90,48,87115,214502,38945,125742,31291,Nhìn thẳng,Nhìn thẳng,Bình thường
10:59:31 24/5/2026,Tập trung,75,43,100031,148745,57475,85332,31733,Nhìn thẳng,Nhìn thẳng,Bình thường
10:59:32 24/5/2026,Tập trung,75,41,62385,116978,67085,74804,23383,Nhìn thẳng,Nhìn thẳng,Vui vẻ
10:59:33 24/5/2026,Tập trung,78,47,74082,232470,37552,130221,45832,Nhìn thẳng,Nhìn thẳng,Bình thường
10:59:34 24/5/2026,Tập trung,84,45,50647,211004,45007,149026,30371,Nhìn thẳng,Nhìn thẳng,Bình thường
10:59:35 24/5/2026,Tập trung,94,46,65814,194051,66717,122891,30603,Nhìn thẳng,Nhìn thẳng,Bình thường
10:59:36 24/5/2026,Tập trung,80,44,78348,209050,38562,82926,29224,Nhìn thẳng,Nhìn thẳng,Bình thường
10:59:37 24/5/2026,Tập trung,75,57,93346,197842,21573,61613,23864,Nhìn thẳng,Nhìn thẳng,Sợ hãi
10:59:39 24/5/2026,Tập trung,97,43,79357,254046,24199,69572,37250,Nhìn thẳng,Nhìn thẳng,Bình thường
10:59:40 24/5/2026,Tập trung,77,49,63449,191737,29437,144333,30151,Nhìn thẳng,Nhìn thẳng,Bình thường
10:59:41 24/5/2026,Tập trung,91,46,75792,222834,54527,50093,21666,Nhìn thẳng,Nhìn thẳng,Bình thường
10:59:42 24/5/2026,Tập trung,82,56,68744,165968,65933,61564,42173,Nhìn thẳng,Nhìn thẳng,Vui vẻ
10:59:43 24/5/2026,Tập trung,90,45,115112,185071,38368,133924,33532,Nhìn thẳng,Nhìn thẳng,Bình thường
10:59:44 24/5/2026,Tập trung,77,46,78010,188733,21691,94535,29961,Nhìn thẳng,Nhìn thẳng,Bình thường
10:59:45 24/5/2026,Tập trung,87,56,77233,222136,28684,135887,41844,Nhìn thẳng,Nhìn thẳng,Vui vẻ
10:59:46 24/5/2026,Sao nhãng,85,45,48198,243505,34820,106115,34250,Nhìn thẳng,Nhìn thẳng,Bình thường
10:59:47 24/5/2026,Tập trung,98,57,71418,259454,69522,54893,21848,Nhìn thẳng,Nhìn thẳng,Bình thường
10:59:48 24/5/2026,Tập trung,75,50,94202,244714,32949,120445,22035,Nhìn thẳng,Nhìn thẳng,Bình thường
10:59:49 24/5/2026,Tập trung,75,46,99292,157839,36389,101022,35747,Nhìn thẳng,Nhìn thẳng,Bình thường
10:59:50 24/5/2026,Tập trung,85,50,76813,262439,62506,89179,33673,Nhìn thẳng,Nhìn thẳng,Bình thường
10:59:51 24/5/2026,Tập trung,85,45,82204,268445,60555,135744,23049,Nhìn thẳng,Nhìn thẳng,Vui vẻ
10:59:52 24/5/2026,Tập trung,86,58,72397,196504,20662,114934,20564,Nhìn thẳng,Nhìn thẳng,Bình thường
10:59:53 24/5/2026,Tập trung,97,57,93609,241390,49915,57424,20339,Nhìn thẳng,Nhìn thẳng,Bình thường
10:59:54 24/5/2026,Tập trung,88,60,78809,194002,53512,116243,37602,Nhìn thẳng,Nhìn thẳng,Bình thường
10:59:55 24/5/2026,Tập trung,91,42,82683,127326,60451,85371,29565,Nhìn thẳng,Nhìn thẳng,Bình thường
10:59:56 24/5/2026,Tập trung,96,56,78426,141700,57616,107627,31806,Nhìn thẳng,Nhìn thẳng,Bình thường
10:59:57 24/5/2026,Tập trung,96,43,105400,270341,22362,129157,40906,Nhìn thẳng,Nhìn thẳng,Bình thường
10:59:58 24/5/2026,Tập trung,85,51,62844,169007,34372,130272,18832,Nhìn thẳng,Nhìn thẳng,Sợ hãi
10:59:59 24/5/2026,Tập trung,79,40,72424,215610,68118,85440,37718,Nhìn thẳng,Nhìn thẳng,Vui vẻ
11:00:00 24/5/2026,Tập trung,75,40,66324,180081,45532,137244,26431,Nhìn thẳng,Nhìn thẳng,Bình thường
11:00:01 24/5/2026,Tập trung,88,44,96859,149047,20329,114017,27439,Nhìn thẳng,Nhìn thẳng,Bình thường
11:00:02 24/5/2026,Tập trung,95,51,63154,272442,57087,104165,18855,Nhìn thẳng,Nhìn thẳng,Bình thường
11:00:03 24/5/2026,Tập trung,92,52,86713,180606,41869,124068,28517,Nhìn thẳng,Nhìn thẳng,Bình thường
11:00:04 24/5/2026,Tập trung,97,43,94145,184219,38784,148078,41106,Nhìn thẳng,Nhìn thẳng,Bình thường
11:00:05 24/5/2026,Sao nhãng,97,53,77874,168853,24565,101097,27752,Nhìn thẳng,Nhìn thẳng,Bình thường
11:00:06 24/5/2026,Tập trung,77,52,87187,151913,39193,115103,39003,Nhìn thẳng,Nhìn thẳng,Bình thường
11:00:07 24/5/2026,Tập trung,90,46,81640,201599,73261,109347,23496,Nhìn thẳng,Nhìn thẳng,Bình thường
11:00:08 24/5/2026,Tập trung,75,45,89383,236043,36888,78271,39240,Nhìn thẳng,Nhìn thẳng,Bình thường
11:00:09 24/5/2026,Tập trung,90,51,95345,153145,37475,104517,40104,Nhìn thẳng,Nhìn thẳng,Vui vẻ
11:00:10 24/5/2026,Tập trung,93,45,80604,212555,70251,104687,31892,Nhìn thẳng,Nhìn thẳng,Bình thường
11:00:11 24/5/2026,Tập trung,77,53,78789,211322,75805,78177,41457,Nhìn thẳng,Nhìn thẳng,Bình thường
11:00:12 24/5/2026,Tập trung,78,52,106881,214704,61438,110568,45088,Quay trái,Liếc xuống,Bình thường
11:00:13 24/5/2026,Tập trung,93,59,102819,151048,48512,62226,25548,Nhìn thẳng,Nhìn thẳng,Bình thường
11:00:14 24/5/2026,Tập trung,94,40,56664,205180,22982,59359,36639,Nhìn thẳng,Nhìn thẳng,Bình thường
11:00:15 24/5/2026,Tập trung,92,43,55896,202835,61795,51702,43396,Nhìn thẳng,Nhìn thẳng,Bình thường
11:00:16 24/5/2026,Tập trung,76,51,98456,223899,55995,135947,30611,Nhìn thẳng,Nhìn thẳng,Bình thường
11:00:17 24/5/2026,Tập trung,87,40,82168,268448,29661,57275,35973,Nhìn thẳng,Nhìn thẳng,Bình thường
11:00:18 24/5/2026,Tập trung,87,43,80087,213464,30237,52731,28065,Nhìn thẳng,Nhìn thẳng,Sợ hãi
11:00:19 24/5/2026,Tập trung,93,46,86132,207756,60467,66175,38805,Nhìn thẳng,Nhìn thẳng,Bình thường
11:00:20 24/5/2026,Tập trung,88,49,52803,174244,52293,105277,40658,Nhìn thẳng,Nhìn thẳng,Vui vẻ
11:00:21 24/5/2026,Tập trung,92,55,62645,248741,65958,87209,22760,Nhìn thẳng,Nhìn thẳng,Bình thường
11:00:22 24/5/2026,Tập trung,86,42,82862,202106,30024,68098,30492,Nhìn thẳng,Nhìn thẳng,Bình thường
11:00:23 24/5/2026,Tập trung,86,42,61774,229059,72889,111513,37122,Nhìn thẳng,Nhìn thẳng,Bình thường
11:00:24 24/5/2026,Tập trung,80,56,79109,236346,28303,149354,32141,Nhìn thẳng,Nhìn thẳng,Bình thường
11:00:25 24/5/2026,Tập trung,89,58,102687,162284,76165,100773,41357,Nhìn thẳng,Nhìn thẳng,Vui vẻ
11:00:27 24/5/2026,Tập trung,98,41,79692,143183,53184,93829,31355,Nhìn thẳng,Nhìn thẳng,Bình thường
11:00:28 24/5/2026,Tập trung,96,59,62419,174938,73512,69923,33769,Nhìn thẳng,Nhìn thẳng,Bình thường
11:00:29 24/5/2026,Tập trung,82,53,58802,234721,30313,121239,18849,Quay phải,Liếc lên,Bình thường
11:00:30 24/5/2026,Tập trung,82,59,58172,184212,28223,135535,42761,Nhìn thẳng,Nhìn thẳng,Bình thường
11:00:31 24/5/2026,Tập trung,91,44,64909,250446,35574,76627,40194,Nhìn thẳng,Nhìn thẳng,Bình thường
11:00:32 24/5/2026,Tập trung,89,56,81192,180774,67375,132380,35418,Nhìn thẳng,Nhìn thẳng,Bình thường
11:00:33 24/5/2026,Sao nhãng,89,45,78793,239293,26208,146226,27978,Nhìn thẳng,Nhìn thẳng,Bình thường
11:00:34 24/5/2026,Tập trung,98,57,88066,143319,55549,110622,32515,Nhìn thẳng,Nhìn thẳng,Bình thường
11:00:35 24/5/2026,Tập trung,81,50,81292,172654,47885,70056,37352,Nhìn thẳng,Nhìn thẳng,Bình thường
11:00:36 24/5/2026,Tập trung,79,58,83762,184258,35077,83029,34109,Nhìn thẳng,Nhìn thẳng,Bình thường
11:00:37 24/5/2026,Tập trung,88,53,94589,143225,44715,57623,39028,Ngẩng lên,Liếc phải,Bình thường
11:00:38 24/5/2026,Tập trung,91,46,89374,257136,23824,92567,26741,Nhìn thẳng,Nhìn thẳng,Khó chịu
11:00:39 24/5/2026,Tập trung,94,41,90873,147032,45169,90661,37557,Nhìn thẳng,Nhìn thẳng,Bình thường
11:00:40 24/5/2026,Tập trung,87,57,63619,197947,76093,65715,21925,Ngẩng lên,Liếc trái,Bình thường
11:00:41 24/5/2026,Tập trung,92,52,64804,262642,75370,111229,19068,Nhìn thẳng,Nhìn thẳng,Bình thường
11:00:42 24/5/2026,Tập trung,85,42,83991,233329,24937,98182,19979,Nhìn thẳng,Nhìn thẳng,Bình thường
11:00:43 24/5/2026,Tập trung,78,41,62499,273550,46083,130101,24684,Nhìn thẳng,Nhìn thẳng,Bình thường
11:00:44 24/5/2026,Tập trung,98,43,53885,163212,62209,79491,23283,Quay phải,Liếc lên,Bình thường
11:00:45 24/5/2026,Tập trung,82,52,91551,230129,54018,87702,41443,Cúi xuống,Liếc xuống,Bình thường
11:00:46 24/5/2026,Tập trung,93,43,80369,189365,53969,140331,32534,Nhìn thẳng,Nhìn thẳng,Vui vẻ
11:00:47 24/5/2026,Tập trung,76,42,113612,208707,52289,143365,32042,Nhìn thẳng,Nhìn thẳng,Vui vẻ
11:00:48 24/5/2026,Sao nhãng,82,42,62146,206367,38193,124718,43561,Nhìn thẳng,Nhìn thẳng,Vui vẻ
11:00:49 24/5/2026,Tập trung,79,57,79837,201743,20879,77319,29179,Nhìn thẳng,Nhìn thẳng,Vui vẻ
11:00:50 24/5/2026,Tập trung,85,58,64166,140972,29534,89669,25176,Nhìn thẳng,Nhìn thẳng,Bình thường
11:00:51 24/5/2026,Tập trung,83,47,107832,192866,35355,115574,35369,Nhìn thẳng,Nhìn thẳng,Bình thường
11:00:52 24/5/2026,Tập trung,89,48,56451,263730,59946,93047,36159,Nhìn thẳng,Nhìn thẳng,Bình thường
11:00:53 24/5/2026,Tập trung,96,55,83679,139166,60391,101664,18435,Nhìn thẳng,Nhìn thẳng,Bình thường
11:00:54 24/5/2026,Tập trung,83,49,68316,227926,28345,89833,37199,Nhìn thẳng,Nhìn thẳng,Bình thường
11:00:55 24/5/2026,Tập trung,94,56,104969,205994,71244,63784,31016,Nhìn thẳng,Nhìn thẳng,Bình thường
11:00:56 24/5/2026,Tập trung,97,40,63472,140959,74580,98220,34173,Nhìn thẳng,Nhìn thẳng,Bình thường
11:00:57 24/5/2026,Tập trung,94,60,61012,211949,74880,108083,44223,Nhìn thẳng,Nhìn thẳng,Bình thường
11:00:58 24/5/2026,Tập trung,93,43,81624,197620,56469,92056,32678,Nhìn thẳng,Nhìn thẳng,Bình thường
11:00:59 24/5/2026,Tập trung,95,59,92489,172059,56505,76325,24279,Quay trái,Liếc phải,Khó chịu
11:01:00 24/5/2026,Tập trung,94,53,80802,261369,43680,73797,23273,Nhìn thẳng,Nhìn thẳng,Bình thường
11:01:01 24/5/2026,Tập trung,78,50,79933,134331,23538,60582,36030,Nhìn thẳng,Nhìn thẳng,Bình thường
11:01:02 24/5/2026,Tập trung,80,52,79480,124297,63330,57973,28768,Nhìn thẳng,Nhìn thẳng,Bình thường
11:01:03 24/5/2026,Tập trung,80,54,94392,203114,78832,126457,35772,Nhìn thẳng,Nhìn thẳng,Bình thường
11:01:04 24/5/2026,Tập trung,75,58,74809,158234,40612,111948,33490,Nhìn thẳng,Nhìn thẳng,Bình thường
11:01:05 24/5/2026,Tập trung,87,43,85204,284730,26926,103875,46708,Nhìn thẳng,Nhìn thẳng,Vui vẻ
11:01:06 24/5/2026,Tập trung,84,47,85125,244294,73123,108150,23921,Nhìn thẳng,Nhìn thẳng,Bình thường
11:01:07 24/5/2026,Tập trung,97,44,66115,215131,50823,98678,40556,Nhìn thẳng,Nhìn thẳng,Bình thường
11:01:27 24/5/2026,Tập trung,79,46,71288,167568,21605,67967,32830,Nhìn thẳng,Nhìn thẳng,Bình thường
11:01:28 24/5/2026,Tập trung,81,47,96908,200472,41097,56529,28233,Nhìn thẳng,Nhìn thẳng,Bình thường
11:01:29 24/5/2026,Tập trung,83,58,84175,180177,26432,134793,44365,Nhìn thẳng,Nhìn thẳng,Bình thường
11:01:30 24/5/2026,Sao nhãng,96,44,65788,231773,45922,98813,22432,Nhìn thẳng,Nhìn thẳng,Bình thường
11:01:31 24/5/2026,Tập trung,95,48,57293,208453,72536,140425,35219,Nhìn thẳng,Nhìn thẳng,Vui vẻ
11:01:32 24/5/2026,Tập trung,79,46,51441,253278,20026,99532,19054,Nhìn thẳng,Nhìn thẳng,Bình thường
11:01:33 24/5/2026,Tập trung,84,52,96839,251894,53247,57950,26993,Nhìn thẳng,Nhìn thẳng,Bình thường
11:01:34 24/5/2026,Tập trung,88,45,70641,207134,54795,137275,38324,Nhìn thẳng,Nhìn thẳng,Vui vẻ
11:01:35 24/5/2026,Tập trung,98,60,79058,269515,42680,73851,30661,Nhìn thẳng,Nhìn thẳng,Bình thường
11:01:36 24/5/2026,Tập trung,91,51,43145,123196,61355,99461,39114,Nhìn thẳng,Nhìn thẳng,Bình thường
11:01:37 24/5/2026,Tập trung,94,59,77437,216661,24706,60300,33474,Nhìn thẳng,Nhìn thẳng,Bình thường
11:01:38 24/5/2026,Tập trung,80,58,44566,168399,78879,90341,33489,Nhìn thẳng,Nhìn thẳng,Bình thường
11:01:39 24/5/2026,Tập trung,90,52,107199,210314,46940,122187,30039,Nhìn thẳng,Nhìn thẳng,Khó chịu
11:01:40 24/5/2026,Tập trung,96,46,97246,209838,26783,68685,32002,Nhìn thẳng,Nhìn thẳng,Bình thường
11:01:41 24/5/2026,Tập trung,75,51,76285,158869,59725,114599,33016,Nhìn thẳng,Nhìn thẳng,Vui vẻ
11:01:42 24/5/2026,Tập trung,87,40,68703,244550,21991,138014,24001,Nhìn thẳng,Nhìn thẳng,Bình thường
11:01:43 24/5/2026,Tập trung,93,59,92529,166135,28503,131075,44238,Nhìn thẳng,Nhìn thẳng,Bình thường
11:01:44 24/5/2026,Tập trung,84,56,110555,148872,43159,111091,32761,Nhìn thẳng,Nhìn thẳng,Bình thường
11:01:45 24/5/2026,Tập trung,82,43,87274,167709,68385,139226,23486,Nhìn thẳng,Nhìn thẳng,Bình thường
11:01:46 24/5/2026,Tập trung,87,45,64682,225042,30999,96104,28384,Nhìn thẳng,Nhìn thẳng,Bình thường
11:01:47 24/5/2026,Tập trung,95,43,107592,241587,33562,136829,29891,Nhìn thẳng,Nhìn thẳng,Vui vẻ
11:01:48 24/5/2026,Tập trung,98,55,70117,280091,66225,60979,38543,Cúi xuống,Liếc xuống,Bình thường
11:01:49 24/5/2026,Tập trung,83,60,68661,262415,24152,98370,47868,Quay phải,Liếc xuống,Vui vẻ
11:01:50 24/5/2026,Tập trung,78,51,103532,248440,40800,71886,34734,Nhìn thẳng,Nhìn thẳng,Bình thường
11:01:51 24/5/2026,Tập trung,88,43,80127,216528,44539,63673,38539,Nhìn thẳng,Nhìn thẳng,Bình thường
11:01:52 24/5/2026,Tập trung,89,59,90548,153505,43036,137887,33830,Nhìn thẳng,Nhìn thẳng,Bình thường
11:01:53 24/5/2026,Tập trung,84,46,95688,180222,50584,102395,22193,Nhìn thẳng,Nhìn thẳng,Bình thường
11:01:54 24/5/2026,Tập trung,87,57,96378,215811,24833,63982,21691,Ngẩng lên,Liếc lên,Vui vẻ
11:01:55 24/5/2026,Tập trung,86,53,90124,210184,25453,143873,32777,Nhìn thẳng,Nhìn thẳng,Bình thường
11:01:56 24/5/2026,Tập trung,96,40,92435,212444,52923,85119,29118,Nhìn thẳng,Nhìn thẳng,Bình thường
11:01:57 24/5/2026,Tập trung,97,41,90487,172158,33564,116304,42807,Nhìn thẳng,Nhìn thẳng,Bình thường
11:01:59 24/5/2026,Tập trung,78,59,52353,185266,21999,94480,36091,Nhìn thẳng,Nhìn thẳng,Bình thường
11:02:00 24/5/2026,Sao nhãng,81,56,75473,152232,29138,140907,40786,Nhìn thẳng,Nhìn thẳng,Bình thường
11:02:01 24/5/2026,Tập trung,96,58,71277,147237,48185,120896,40202,Nhìn thẳng,Nhìn thẳng,Khó chịu
11:02:02 24/5/2026,Tập trung,90,54,90070,158592,39966,126096,40291,Nhìn thẳng,Nhìn thẳng,Bình thường
11:02:03 24/5/2026,Tập trung,83,53,107544,240216,62607,65547,35876,Ngẩng lên,Liếc lên,Bình thường
11:02:04 24/5/2026,Tập trung,81,44,76073,183838,69379,85947,31415,Nhìn thẳng,Nhìn thẳng,Bình thường
11:02:05 24/5/2026,Tập trung,79,48,67354,248103,20303,127578,32220,Nhìn thẳng,Nhìn thẳng,Bình thường
11:02:06 24/5/2026,Sao nhãng,89,52,48531,182989,20536,126442,21447,Nhìn thẳng,Nhìn thẳng,Bình thường
11:02:07 24/5/2026,Tập trung,80,52,87909,166251,21947,56799,16405,Nhìn thẳng,Nhìn thẳng,Bình thường
11:02:08 24/5/2026,Tập trung,78,46,90085,210259,74448,133674,40355,Nhìn thẳng,Nhìn thẳng,Vui vẻ
11:02:09 24/5/2026,Tập trung,87,49,100820,201137,24803,106877,24773,Quay phải,Liếc lên,Bình thường
11:02:10 24/5/2026,Tập trung,75,57,79399,206213,70377,70126,22801,Nhìn thẳng,Nhìn thẳng,Bình thường
11:02:11 24/5/2026,Tập trung,95,59,84430,194971,20188,130345,30352,Nhìn thẳng,Nhìn thẳng,Bình thường
11:02:12 24/5/2026,Tập trung,77,41,83528,233365,31905,118919,39066,Nhìn thẳng,Nhìn thẳng,Bình thường
11:02:13 24/5/2026,Tập trung,92,54,93199,259542,61043,117190,36986,Nhìn thẳng,Nhìn thẳng,Bình thường
11:02:14 24/5/2026,Tập trung,85,56,42511,126058,52477,117380,23743,Nhìn thẳng,Nhìn thẳng,Bình thường
11:02:15 24/5/2026,Tập trung,93,49,80504,133273,20459,107668,33131,Nhìn thẳng,Nhìn thẳng,Bình thường
11:02:16 24/5/2026,Tập trung,87,58,86454,260645,33222,78341,33972,Nhìn thẳng,Nhìn thẳng,Bình thường
11:02:17 24/5/2026,Tập trung,92,49,78153,272048,42554,99952,27394,Nhìn thẳng,Nhìn thẳng,Bình thường
11:02:18 24/5/2026,Tập trung,81,42,82570,188054,21112,141678,42969,Nhìn thẳng,Nhìn thẳng,Bình thường
11:02:19 24/5/2026,Tập trung,87,53,47989,196668,67350,133451,32619,Ngẩng lên,Liếc trái,Khó chịu
11:02:20 24/5/2026,Tập trung,90,50,98105,285886,64931,59227,36860,Nhìn thẳng,Nhìn thẳng,Bình thường
11:02:21 24/5/2026,Tập trung,80,60,61388,290377,40813,112583,25607,Cúi xuống,Liếc phải,Bình thường
11:02:22 24/5/2026,Tập trung,97,52,99010,155938,24113,148624,40992,Nhìn thẳng,Nhìn thẳng,Bình thường
11:02:23 24/5/2026,Tập trung,97,53,79087,156897,25163,64329,36703,Nhìn thẳng,Nhìn thẳng,Bình thường
11:02:24 24/5/2026,Tập trung,96,51,72859,258336,57180,56854,40790,Nhìn thẳng,Nhìn thẳng,Bình thường
11:02:25 24/5/2026,Tập trung,84,41,87130,169422,39330,80993,29730,Nhìn thẳng,Nhìn thẳng,Vui vẻ
11:02:26 24/5/2026,Tập trung,93,44,96449,157822,56906,110939,34445,Nhìn thẳng,Nhìn thẳng,Bình thường
11:02:27 24/5/2026,Tập trung,83,44,92866,196805,59695,81157,26903,Nhìn thẳng,Nhìn thẳng,Bình thường
11:02:28 24/5/2026,Tập trung,76,40,50650,215358,29878,107915,34053,Nhìn thẳng,Nhìn thẳng,Vui vẻ
11:02:29 24/5/2026,Tập trung,97,41,90413,177558,39325,90069,23188,Nhìn thẳng,Nhìn thẳng,Bình thường
11:02:30 24/5/2026,Tập trung,97,44,65898,239633,71098,77093,38802,Nhìn thẳng,Nhìn thẳng,Bình thường
11:02:31 24/5/2026,Tập trung,83,58,62321,197695,35132,82568,43080,Nhìn thẳng,Nhìn thẳng,Bình thường
11:02:32 24/5/2026,Sao nhãng,86,41,61530,204098,30479,105332,35705,Nhìn thẳng,Nhìn thẳng,Bình thường
11:02:33 24/5/2026,Tập trung,97,57,59983,138889,21001,125281,38406,Nhìn thẳng,Nhìn thẳng,Vui vẻ
11:02:34 24/5/2026,Tập trung,94,47,82720,154080,49347,81008,37612,Nhìn thẳng,Nhìn thẳng,Bình thường
11:02:35 24/5/2026,Tập trung,86,42,58582,185353,70860,115537,32001,Nhìn thẳng,Nhìn thẳng,Bình thường
11:02:36 24/5/2026,Tập trung,98,40,87440,231832,72421,85148,34454,Ngẩng lên,Liếc lên,Bình thường
11:02:37 24/5/2026,Tập trung,77,54,93933,257912,61771,119484,35294,Nhìn thẳng,Nhìn thẳng,Vui vẻ
11:02:38 24/5/2026,Tập trung,90,57,86206,174159,42866,115338,42647,Nhìn thẳng,Nhìn thẳng,Bình thường
11:02:39 24/5/2026,Tập trung,98,55,67759,257203,35461,50591,32202,Cúi xuống,Liếc trái,Bình thường
11:02:40 24/5/2026,Tập trung,95,42,100062,179765,52790,67916,29780,Nhìn thẳng,Nhìn thẳng,Bình thường
11:02:41 24/5/2026,Tập trung,97,44,65729,229840,33523,119394,38449,Nhìn thẳng,Nhìn thẳng,Khó chịu
11:02:42 24/5/2026,Tập trung,85,58,87337,275800,48766,106943,26529,Nhìn thẳng,Nhìn thẳng,Bình thường
11:02:43 24/5/2026,Tập trung,94,55,102267,146400,61720,131742,39710,Nhìn thẳng,Nhìn thẳng,Bình thường
11:02:44 24/5/2026,Tập trung,90,58,69776,214419,56277,86385,25708,Nhìn thẳng,Nhìn thẳng,Bình thường
11:02:45 24/5/2026,Tập trung,81,44,98655,224414,41063,142108,21584,Nhìn thẳng,Nhìn thẳng,Bình thường
11:02:46 24/5/2026,Tập trung,85,50,86746,160799,39858,137387,24181,Nhìn thẳng,Nhìn thẳng,Bình thường
11:02:47 24/5/2026,Tập trung,86,44,84911,212297,39156,139632,27734,Nhìn thẳng,Nhìn thẳng,Bình thường
11:02:48 24/5/2026,Tập trung,80,54,53937,241154,70792,145114,27724,Nhìn thẳng,Nhìn thẳng,Bình thường
11:02:49 24/5/2026,Tập trung,90,60,84146,213400,52111,69237,29099,Quay trái,Liếc xuống,Bình thường
11:02:50 24/5/2026,Tập trung,86,42,76756,274761,65709,92396,28809,Nhìn thẳng,Nhìn thẳng,Bình thường
11:02:52 24/5/2026,Tập trung,85,41,59787,246318,66676,95884,21006,Ngẩng lên,Liếc lên,Bình thường
11:02:53 24/5/2026,Tập trung,75,45,79452,116771,24427,131407,36093,Nhìn thẳng,Nhìn thẳng,Bình thường
11:02:54 24/5/2026,Tập trung,98,56,66538,148759,33260,148000,43430,Nhìn thẳng,Nhìn thẳng,Bình thường
11:02:55 24/5/2026,Tập trung,76,46,83440,173642,63353,108940,26499,Nhìn thẳng,Nhìn thẳng,Vui vẻ
11:02:56 24/5/2026,Tập trung,80,46,114560,274802,37867,119183,35738,Nhìn thẳng,Nhìn thẳng,Bình thường
11:02:57 24/5/2026,Tập trung,83,48,87610,269664,75496,91860,39133,Nhìn thẳng,Nhìn thẳng,Bình thường
11:02:58 24/5/2026,Tập trung,80,43,101848,225396,42135,148289,28230,Nhìn thẳng,Nhìn thẳng,Vui vẻ
11:02:59 24/5/2026,Tập trung,91,60,65359,163200,50712,136003,19473,Nhìn thẳng,Nhìn thẳng,Bình thường
11:03:00 24/5/2026,Tập trung,93,49,50646,129705,48220,108873,31474,Nhìn thẳng,Nhìn thẳng,Bình thường
11:03:01 24/5/2026,Tập trung,84,59,74868,160656,59599,62563,41856,Nhìn thẳng,Nhìn thẳng,Khó chịu
11:03:02 24/5/2026,Tập trung,83,50,98779,130546,42154,111944,32218,Nhìn thẳng,Nhìn thẳng,Bình thường
11:03:03 24/5/2026,Tập trung,97,57,65908,127298,55873,143139,32828,Nhìn thẳng,Nhìn thẳng,Vui vẻ
11:03:04 24/5/2026,Tập trung,91,43,81868,286784,23858,73848,35735,Nhìn thẳng,Nhìn thẳng,Bình thường
11:03:05 24/5/2026,Tập trung,88,43,112520,230926,63074,123287,21984,Nhìn thẳng,Nhìn thẳng,Bình thường
11:03:06 24/5/2026,Tập trung,77,51,91375,180711,32444,85640,22308,Cúi xuống,Liếc trái,Bình thường
11:03:07 24/5/2026,Tập trung,88,46,74066,268298,23106,108752,28150,Nhìn thẳng,Nhìn thẳng,Bình thường
11:03:08 24/5/2026,Tập trung,88,47,86344,256093,41038,105377,30618,Nhìn thẳng,Nhìn thẳng,Vui vẻ
11:03:09 24/5/2026,Tập trung,83,57,65426,253759,21422,103561,22755,Nhìn thẳng,Nhìn thẳng,Bình thường
11:03:10 24/5/2026,Tập trung,91,51,57307,246482,57459,94999,27423,Nhìn thẳng,Nhìn thẳng,Bình thường
11:03:11 24/5/2026,Tập trung,84,40,66113,221451,47565,134230,33719,Quay phải,Liếc xuống,Bình thường
11:03:12 24/5/2026,Tập trung,75,49,88809,169316,21114,145350,29070,Nhìn thẳng,Nhìn thẳng,Bình thường
11:03:13 24/5/2026,Tập trung,95,53,46399,146996,50499,95211,33039,Nhìn thẳng,Nhìn thẳng,Bình thường
11:03:14 24/5/2026,Tập trung,92,53,75247,159919,36450,85474,35673,Quay phải,Liếc lên,Bình thường
11:03:15 24/5/2026,Tập trung,85,49,68656,214988,70303,55243,33976,Nhìn thẳng,Nhìn thẳng,Bình thường
11:03:16 24/5/2026,Tập trung,90,46,54435,154839,71602,148114,19291,Nhìn thẳng,Nhìn thẳng,Vui vẻ
11:03:17 24/5/2026,Tập trung,86,47,104622,183467,63583,88757,32256,Nhìn thẳng,Nhìn thẳng,Bình thường
11:03:18 24/5/2026,Tập trung,87,54,86719,201897,60626,129916,28962,Nhìn thẳng,Nhìn thẳng,Bình thường
11:03:19 24/5/2026,Tập trung,92,40,90333,257732,78283,91137,30245,Nhìn thẳng,Nhìn thẳng,Bình thường
11:03:20 24/5/2026,Tập trung,76,40,75781,164752,37640,56174,28974,Nhìn thẳng,Nhìn thẳng,Bình thường
11:03:21 24/5/2026,Tập trung,76,59,104394,121964,39022,77729,18520,Nhìn thẳng,Nhìn thẳng,Bình thường
11:03:22 24/5/2026,Tập trung,91,60,104001,208066,40176,52842,40127,Nhìn thẳng,Nhìn thẳng,Khó chịu
11:03:23 24/5/2026,Tập trung,85,54,57849,223294,26703,86421,26493,Nhìn thẳng,Nhìn thẳng,Bình thường
11:03:24 24/5/2026,Tập trung,77,54,64589,160547,67626,88134,40284,Nhìn thẳng,Nhìn thẳng,Bình thường
11:03:25 24/5/2026,Tập trung,89,40,70458,246672,33483,91048,30329,Nhìn thẳng,Nhìn thẳng,Bình thường
11:03:29 24/5/2026,Tập trung,81,50,96600,234072,42478,69523,42819,Nhìn thẳng,Nhìn thẳng,Bình thường
11:03:30 24/5/2026,Tập trung,96,46,81367,254281,25094,74497,32688,Nhìn thẳng,Nhìn thẳng,Bình thường
11:03:31 24/5/2026,Tập trung,90,41,91287,205690,36048,50557,40253,Nhìn thẳng,Nhìn thẳng,Vui vẻ
11:03:32 24/5/2026,Tập trung,85,52,62157,160304,34245,87124,38668,Nhìn thẳng,Nhìn thẳng,Bình thường
11:03:34 24/5/2026,Tập trung,93,42,102576,206620,51838,125809,19337,Nhìn thẳng,Nhìn thẳng,Bình thường
11:03:35 24/5/2026,Tập trung,98,58,83099,126953,72793,122942,30862,Nhìn thẳng,Nhìn thẳng,Bình thường
11:03:36 24/5/2026,Tập trung,94,59,80498,215810,41386,148878,30054,Nhìn thẳng,Nhìn thẳng,Bình thường
11:03:37 24/5/2026,Tập trung,98,45,103568,201950,36414,101012,31587,Nhìn thẳng,Nhìn thẳng,Bình thường
11:03:38 24/5/2026,Tập trung,82,45,101831,146194,45529,68734,27586,Nhìn thẳng,Nhìn thẳng,Bình thường
11:03:39 24/5/2026,Tập trung,87,45,75664,247191,74401,120832,23359,Nhìn thẳng,Nhìn thẳng,Bình thường
11:03:40 24/5/2026,Tập trung,85,60,96146,130020,25484,144038,26114,Nhìn thẳng,Nhìn thẳng,Bình thường
11:03:41 24/5/2026,Tập trung,81,46,89229,179338,59097,52175,18533,Nhìn thẳng,Nhìn thẳng,Bình thường
11:03:42 24/5/2026,Tập trung,75,57,71842,191812,42684,94530,26057,Nhìn thẳng,Nhìn thẳng,Bình thường
11:03:43 24/5/2026,Tập trung,84,44,99368,186142,25085,93347,35582,Nhìn thẳng,Nhìn thẳng,Bình thường
11:03:44 24/5/2026,Tập trung,92,52,68043,140266,76324,63102,35519,Nhìn thẳng,Nhìn thẳng,Khó chịu
11:03:45 24/5/2026,Sao nhãng,87,53,102808,257039,64779,131543,36713,Nhìn thẳng,Nhìn thẳng,Bình thường
11:03:46 24/5/2026,Tập trung,78,60,77096,290977,28236,59617,36859,Quay trái,Liếc phải,Vui vẻ
11:03:47 24/5/2026,Tập trung,79,59,79660,154480,43584,144758,44158,Nhìn thẳng,Nhìn thẳng,Bình thường
11:03:48 24/5/2026,Sao nhãng,83,40,99379,209604,48575,71946,16946,Nhìn thẳng,Nhìn thẳng,Bình thường
11:03:49 24/5/2026,Tập trung,83,41,79305,178769,59829,141636,43953,Nhìn thẳng,Nhìn thẳng,Bình thường
11:03:50 24/5/2026,Tập trung,98,41,90062,159838,70875,120688,32252,Nhìn thẳng,Nhìn thẳng,Bình thường
11:03:51 24/5/2026,Tập trung,85,43,59720,190194,63633,115980,30525,Nhìn thẳng,Nhìn thẳng,Bình thường
11:03:52 24/5/2026,Tập trung,83,56,110142,138756,60435,122023,30913,Nhìn thẳng,Nhìn thẳng,Vui vẻ
11:03:53 24/5/2026,Tập trung,86,43,108779,246887,27022,94035,36841,Nhìn thẳng,Nhìn thẳng,Bình thường
11:03:54 24/5/2026,Tập trung,83,41,79001,209191,49687,77596,32771,Nhìn thẳng,Nhìn thẳng,Vui vẻ
11:03:55 24/5/2026,Tập trung,89,55,100102,105166,42208,103648,42079,Nhìn thẳng,Nhìn thẳng,Bình thường
11:03:56 24/5/2026,Tập trung,84,57,74413,267863,50310,110777,37952,Quay phải,Liếc xuống,Bình thường
11:03:57 24/5/2026,Tập trung,80,44,55959,265234,67587,68239,27655,Nhìn thẳng,Nhìn thẳng,Vui vẻ
11:03:58 24/5/2026,Tập trung,89,45,74256,113105,69198,101319,40043,Nhìn thẳng,Nhìn thẳng,Bình thường
11:03:59 24/5/2026,Tập trung,76,54,98173,247799,38372,75898,38363,Nhìn thẳng,Nhìn thẳng,Bình thường
11:04:00 24/5/2026,Tập trung,96,47,82222,174632,73567,83310,31937,Nhìn thẳng,Nhìn thẳng,Vui vẻ
11:04:01 24/5/2026,Tập trung,81,44,76051,268872,71900,112890,38098,Nhìn thẳng,Nhìn thẳng,Bình thường
11:04:02 24/5/2026,Tập trung,92,48,102466,175152,40618,51197,21025,Nhìn thẳng,Nhìn thẳng,Vui vẻ
11:04:03 24/5/2026,Tập trung,85,57,73917,235984,37999,145878,27425,Nhìn thẳng,Nhìn thẳng,Bình thường
11:04:04 24/5/2026,Tập trung,97,45,76714,256431,57003,124033,29678,Nhìn thẳng,Nhìn thẳng,Bình thường
11:04:05 24/5/2026,Tập trung,92,49,68083,244561,78398,84316,31397,Nhìn thẳng,Nhìn thẳng,Bình thường
11:04:06 24/5/2026,Tập trung,93,44,92800,196247,31327,67878,33442,Nhìn thẳng,Nhìn thẳng,Vui vẻ
11:04:07 24/5/2026,Tập trung,78,50,89768,212895,39149,93574,27991,Nhìn thẳng,Nhìn thẳng,Bình thường
11:04:08 24/5/2026,Tập trung,84,50,86262,263572,65779,97983,26798,Nhìn thẳng,Nhìn thẳng,Khó chịu
11:04:09 24/5/2026,Sao nhãng,86,47,80202,187146,55562,66131,47895,Nhìn thẳng,Nhìn thẳng,Vui vẻ
11:04:10 24/5/2026,Tập trung,80,59,89462,218221,20461,101234,40350,Nhìn thẳng,Nhìn thẳng,Bình thường
11:04:11 24/5/2026,Tập trung,98,41,53491,197258,35596,82290,38452,Quay trái,Liếc trái,Bình thường
11:04:12 24/5/2026,Tập trung,96,47,85417,222845,28968,101207,33511,Nhìn thẳng,Nhìn thẳng,Bình thường
11:04:13 24/5/2026,Tập trung,97,47,86172,187891,59348,75956,31118,Nhìn thẳng,Nhìn thẳng,Bình thường
11:04:14 24/5/2026,Tập trung,84,57,65781,174844,42323,95310,32172,Nhìn thẳng,Nhìn thẳng,Vui vẻ
11:04:15 24/5/2026,Tập trung,89,56,74903,197860,70902,137612,25754,Nhìn thẳng,Nhìn thẳng,Bình thường
11:04:16 24/5/2026,Tập trung,97,42,48773,189869,79071,50638,34301,Nhìn thẳng,Nhìn thẳng,Bình thường
11:04:17 24/5/2026,Tập trung,84,59,104070,167615,66422,75023,37514,Nhìn thẳng,Nhìn thẳng,Vui vẻ
11:04:18 24/5/2026,Sao nhãng,83,55,79548,285737,24904,73766,22408,Nhìn thẳng,Nhìn thẳng,Bình thường
11:04:20 24/5/2026,Tập trung,83,46,101221,234889,33665,75620,24842,Nhìn thẳng,Nhìn thẳng,Bình thường
11:04:21 24/5/2026,Tập trung,96,40,59199,249328,29799,109651,42557,Nhìn thẳng,Nhìn thẳng,Vui vẻ
11:04:22 24/5/2026,Tập trung,86,55,90407,253710,37873,108664,41552,Nhìn thẳng,Nhìn thẳng,Bình thường
11:04:23 24/5/2026,Tập trung,96,52,69735,205663,39712,52146,24017,Nhìn thẳng,Nhìn thẳng,Vui vẻ
11:04:24 24/5/2026,Tập trung,92,55,78079,199844,37504,107487,20029,Nhìn thẳng,Nhìn thẳng,Bình thường
11:04:25 24/5/2026,Tập trung,98,47,89319,222990,61595,116637,34159,Nhìn thẳng,Nhìn thẳng,Bình thường
11:04:26 24/5/2026,Tập trung,87,48,67665,242759,48917,136572,34961,Nhìn thẳng,Nhìn thẳng,Bình thường
11:04:27 24/5/2026,Tập trung,85,43,66025,208191,20135,143739,39493,Nhìn thẳng,Nhìn thẳng,Bình thường
11:04:28 24/5/2026,Tập trung,94,46,97929,166296,27496,106495,35309,Nhìn thẳng,Nhìn thẳng,Vui vẻ
11:04:29 24/5/2026,Tập trung,97,45,103448,203542,42851,120050,24840,Nhìn thẳng,Nhìn thẳng,Bình thường
11:04:30 24/5/2026,Tập trung,98,49,54734,200753,77836,130927,35382,Ngẩng lên,Liếc trái,Vui vẻ
11:04:31 24/5/2026,Tập trung,88,40,84586,216588,20598,147794,29739,Nhìn thẳng,Nhìn thẳng,Bình thường
11:04:32 24/5/2026,Tập trung,78,43,56239,237716,21998,122473,24268,Nhìn thẳng,Nhìn thẳng,Bình thường
11:04:33 24/5/2026,Tập trung,96,58,59820,206721,75015,66976,46048,Nhìn thẳng,Nhìn thẳng,Vui vẻ
11:04:34 24/5/2026,Tập trung,75,59,47003,115908,41286,82202,31541,Nhìn thẳng,Nhìn thẳng,Bình thường
11:04:35 24/5/2026,Tập trung,80,57,60758,169495,79459,104829,38205,Nhìn thẳng,Nhìn thẳng,Khó chịu
11:04:36 24/5/2026,Tập trung,92,52,76521,198470,46720,100112,34278,Nhìn thẳng,Nhìn thẳng,Bình thường
11:04:37 24/5/2026,Tập trung,92,56,87855,210125,70268,122628,24962,Nhìn thẳng,Nhìn thẳng,Bình thường
11:04:38 24/5/2026,Tập trung,91,47,102217,169464,65840,129631,24868,Nhìn thẳng,Nhìn thẳng,Bình thường
11:04:39 24/5/2026,Sao nhãng,85,47,70269,251281,75102,54149,26652,Nhìn thẳng,Nhìn thẳng,Bình thường
11:04:40 24/5/2026,Tập trung,76,50,94241,191997,27088,60422,40541,Nhìn thẳng,Nhìn thẳng,Bình thường
11:04:41 24/5/2026,Tập trung,93,49,52315,200097,71845,78881,29231,Nhìn thẳng,Nhìn thẳng,Bình thường
11:04:42 24/5/2026,Tập trung,86,46,104832,218488,61524,116506,31132,Cúi xuống,Liếc lên,Bình thường
11:04:43 24/5/2026,Tập trung,85,60,93362,194973,34027,87879,26735,Nhìn thẳng,Nhìn thẳng,Bình thường
11:04:44 24/5/2026,Sao nhãng,86,48,84968,160043,44155,100586,31090,Nhìn thẳng,Nhìn thẳng,Bình thường
11:04:45 24/5/2026,Tập trung,77,54,71476,240450,24867,135349,30375,Nhìn thẳng,Nhìn thẳng,Bình thường
11:04:46 24/5/2026,Tập trung,85,57,55083,185368,20121,96853,41888,Nhìn thẳng,Nhìn thẳng,Bình thường
11:04:47 24/5/2026,Tập trung,98,52,77770,245421,66683,85018,30001,Nhìn thẳng,Nhìn thẳng,Bình thường
11:04:48 24/5/2026,Tập trung,80,43,104065,222705,47621,112902,39295,Nhìn thẳng,Nhìn thẳng,Bình thường
11:04:49 24/5/2026,Tập trung,87,51,86405,217068,53549,95865,45435,Nhìn thẳng,Nhìn thẳng,Bình thường
11:04:50 24/5/2026,Tập trung,83,59,87887,231832,24380,140045,37670,Nhìn thẳng,Nhìn thẳng,Bình thường
11:04:51 24/5/2026,Tập trung,84,43,92188,183339,61508,52035,35411,Nhìn thẳng,Nhìn thẳng,Bình thường
11:04:52 24/5/2026,Tập trung,77,43,82469,221807,71001,68467,20139,Nhìn thẳng,Nhìn thẳng,Khó chịu
11:04:53 24/5/2026,Tập trung,89,40,87620,208663,59484,136482,37835,Cúi xuống,Liếc lên,Bình thường
11:04:54 24/5/2026,Tập trung,82,41,70282,196719,49727,57235,35045,Nhìn thẳng,Nhìn thẳng,Bình thường
11:04:55 24/5/2026,Tập trung,98,60,95417,202450,39499,147514,32116,Nhìn thẳng,Nhìn thẳng,Bình thường
11:04:56 24/5/2026,Tập trung,89,51,107594,244203,53001,123482,35323,Nhìn thẳng,Nhìn thẳng,Bình thường
11:04:57 24/5/2026,Tập trung,93,44,53351,219686,44206,68061,35051,Nhìn thẳng,Nhìn thẳng,Bình thường
11:04:58 24/5/2026,Tập trung,76,45,82695,141889,55793,108228,17808,Nhìn thẳng,Nhìn thẳng,Bình thường
11:04:59 24/5/2026,Tập trung,81,43,76351,197460,63308,107899,26049,Nhìn thẳng,Nhìn thẳng,Bình thường
11:05:00 24/5/2026,Tập trung,84,60,93654,224297,59948,88133,28689,Nhìn thẳng,Nhìn thẳng,Bình thường
11:05:02 24/5/2026,Tập trung,75,49,79904,215248,73496,81076,20832,Nhìn thẳng,Nhìn thẳng,Bình thường
11:05:03 24/5/2026,Tập trung,81,45,95847,135914,29751,72848,27484,Nhìn thẳng,Nhìn thẳng,Bình thường
11:05:04 24/5/2026,Tập trung,95,41,70160,234179,74213,90278,36830,Nhìn thẳng,Nhìn thẳng,Vui vẻ
11:05:05 24/5/2026,Tập trung,91,60,70981,130920,65133,101679,40559,Nhìn thẳng,Nhìn thẳng,Bình thường
11:05:06 24/5/2026,Tập trung,88,55,83501,143515,48109,98351,41575,Nhìn thẳng,Nhìn thẳng,Bình thường
11:05:07 24/5/2026,Tập trung,84,52,66652,154247,29900,64289,18272,Nhìn thẳng,Nhìn thẳng,Bình thường
11:05:08 24/5/2026,Tập trung,77,40,96336,256494,77517,77119,43068,Nhìn thẳng,Nhìn thẳng,Bình thường
11:05:09 24/5/2026,Tập trung,85,57,71441,240583,51180,53810,33791,Nhìn thẳng,Nhìn thẳng,Bình thường
11:05:10 24/5/2026,Tập trung,85,46,61251,253564,53043,97166,26618,Nhìn thẳng,Nhìn thẳng,Bình thường
11:05:11 24/5/2026,Tập trung,97,45,119537,220634,27786,144182,42494,Quay phải,Liếc lên,Khó chịu
11:05:12 24/5/2026,Tập trung,75,40,81026,262197,42555,86116,44145,Nhìn thẳng,Nhìn thẳng,Bình thường
11:05:13 24/5/2026,Tập trung,84,50,69094,207909,46565,138758,40159,Nhìn thẳng,Nhìn thẳng,Bình thường
11:05:14 24/5/2026,Tập trung,87,59,54928,137411,43869,130156,35502,Nhìn thẳng,Nhìn thẳng,Bình thường
11:05:15 24/5/2026,Tập trung,90,59,75335,167122,53549,90241,38817,Nhìn thẳng,Nhìn thẳng,Bình thường
11:05:16 24/5/2026,Tập trung,96,50,89519,173544,58007,76330,30988,Quay phải,Liếc trái,Bình thường
11:05:17 24/5/2026,Tập trung,91,59,77401,212230,44812,72926,28425,Nhìn thẳng,Nhìn thẳng,Vui vẻ
11:05:18 24/5/2026,Tập trung,77,53,78701,270066,31959,95042,32804,Nhìn thẳng,Nhìn thẳng,Bình thường
11:05:19 24/5/2026,Tập trung,91,47,111832,233122,25085,84791,38885,Nhìn thẳng,Nhìn thẳng,Bình thường
11:05:20 24/5/2026,Tập trung,78,56,66429,188189,24443,66680,39156,Nhìn thẳng,Nhìn thẳng,Bình thường
11:05:21 24/5/2026,Tập trung,95,59,108163,163864,48447,137183,26603,Nhìn thẳng,Nhìn thẳng,Bình thường
11:05:22 24/5/2026,Tập trung,84,45,78882,152539,58239,130637,37246,Nhìn thẳng,Nhìn thẳng,Bình thường
11:05:23 24/5/2026,Tập trung,91,49,65739,171251,58446,143750,33037,Nhìn thẳng,Nhìn thẳng,Bình thường
11:05:24 24/5/2026,Tập trung,90,58,79400,168976,51326,86923,35684,Nhìn thẳng,Nhìn thẳng,Bình thường
11:05:25 24/5/2026,Tập trung,92,51,76395,281994,67984,66214,34862,Quay trái,Liếc xuống,Bình thường
11:05:26 24/5/2026,Tập trung,77,50,94888,202713,63691,136116,30592,Quay trái,Liếc lên,Bình thường
11:05:27 24/5/2026,Tập trung,92,40,79439,145713,38544,138029,28414,Nhìn thẳng,Nhìn thẳng,Vui vẻ
11:05:28 24/5/2026,Tập trung,87,55,78085,242859,61023,50665,32437,Nhìn thẳng,Nhìn thẳng,Vui vẻ
11:05:53 24/5/2026,Tập trung,87,58,95937,231339,61022,77179,32298,Nhìn thẳng,Nhìn thẳng,Bình thường
11:05:54 24/5/2026,Tập trung,86,48,107221,231842,48686,77483,37867,Nhìn thẳng,Nhìn thẳng,Bình thường
11:05:55 24/5/2026,Tập trung,90,47,80019,188967,59181,84226,27021,Nhìn thẳng,Nhìn thẳng,Bình thường
11:05:56 24/5/2026,Sao nhãng,85,49,77404,149021,60795,99319,36691,Nhìn thẳng,Nhìn thẳng,Khó chịu
11:05:57 24/5/2026,Tập trung,88,43,107057,271570,24975,107983,43947,Cúi xuống,Liếc xuống,Bình thường
11:05:58 24/5/2026,Tập trung,95,41,85609,191820,63870,102534,33331,Nhìn thẳng,Nhìn thẳng,Bình thường
11:05:59 24/5/2026,Tập trung,94,55,86454,280309,71848,149372,29638,Nhìn thẳng,Nhìn thẳng,Bình thường
11:06:00 24/5/2026,Tập trung,91,54,90833,209263,49528,108687,36036,Nhìn thẳng,Nhìn thẳng,Bình thường
11:06:01 24/5/2026,Tập trung,88,52,60705,172490,50001,114794,41145,Nhìn thẳng,Nhìn thẳng,Bình thường
11:06:02 24/5/2026,Tập trung,90,51,90764,260535,37163,135723,33591,Nhìn thẳng,Nhìn thẳng,Bình thường
11:06:03 24/5/2026,Tập trung,91,43,73097,212400,68263,130497,21278,Nhìn thẳng,Nhìn thẳng,Bình thường
11:06:04 24/5/2026,Tập trung,76,58,75364,195439,63380,56585,32893,Nhìn thẳng,Nhìn thẳng,Bình thường
11:06:05 24/5/2026,Tập trung,85,57,102124,220581,36531,108977,30505,Nhìn thẳng,Nhìn thẳng,Bình thường
11:06:06 24/5/2026,Tập trung,82,60,81460,186444,25628,56059,30338,Nhìn thẳng,Nhìn thẳng,Bình thường
11:06:07 24/5/2026,Tập trung,87,59,90792,232814,58865,145959,24452,Nhìn thẳng,Nhìn thẳng,Bình thường
11:06:08 24/5/2026,Tập trung,82,55,88365,237666,46249,65419,33607,Nhìn thẳng,Nhìn thẳng,Bình thường
11:06:09 24/5/2026,Tập trung,83,54,71674,259211,36244,62189,37586,Nhìn thẳng,Nhìn thẳng,Bình thường
11:06:10 24/5/2026,Tập trung,96,59,57915,232475,51785,64770,28479,Nhìn thẳng,Nhìn thẳng,Bình thường
11:06:11 24/5/2026,Tập trung,85,51,69060,273629,58167,81281,43318,Nhìn thẳng,Nhìn thẳng,Bình thường
11:06:12 24/5/2026,Tập trung,95,45,82752,193779,31261,92036,39874,Nhìn thẳng,Nhìn thẳng,Bình thường
11:06:13 24/5/2026,Tập trung,91,52,66164,271920,39561,56961,29457,Nhìn thẳng,Nhìn thẳng,Khó chịu
11:06:14 24/5/2026,Tập trung,79,49,64367,167806,51235,124416,32136,Nhìn thẳng,Nhìn thẳng,Bình thường
11:06:15 24/5/2026,Tập trung,85,54,87818,207586,70980,117161,41692,Nhìn thẳng,Nhìn thẳng,Bình thường
11:06:16 24/5/2026,Tập trung,93,52,78763,189253,42447,55180,25565,Nhìn thẳng,Nhìn thẳng,Bình thường
11:06:17 24/5/2026,Tập trung,93,55,87171,260394,65756,136741,24531,Nhìn thẳng,Nhìn thẳng,Bình thường
11:06:18 24/5/2026,Tập trung,82,58,72531,253890,63798,95312,34874,Nhìn thẳng,Nhìn thẳng,Bình thường
11:06:19 24/5/2026,Tập trung,76,47,84008,227516,74944,133269,29865,Nhìn thẳng,Nhìn thẳng,Bình thường
11:06:20 24/5/2026,Tập trung,80,58,85489,176889,35266,69755,41612,Nhìn thẳng,Nhìn thẳng,Bình thường
11:06:21 24/5/2026,Tập trung,76,48,83518,203426,22101,73032,49791,Ngẩng lên,Liếc xuống,Bình thường
11:06:22 24/5/2026,Tập trung,80,47,88974,219616,37863,81420,30496,Nhìn thẳng,Nhìn thẳng,Vui vẻ
11:06:23 24/5/2026,Tập trung,95,52,93202,265295,60653,147538,35629,Nhìn thẳng,Nhìn thẳng,Bình thường
11:06:24 24/5/2026,Tập trung,97,41,53922,265888,26963,56498,29693,Nhìn thẳng,Nhìn thẳng,Bình thường
11:06:25 24/5/2026,Tập trung,98,46,66558,223060,31043,77898,34016,Nhìn thẳng,Nhìn thẳng,Bình thường
11:06:26 24/5/2026,Tập trung,81,40,84660,131387,35429,60151,35929,Nhìn thẳng,Nhìn thẳng,Bình thường
11:06:27 24/5/2026,Tập trung,93,42,62335,171371,63124,90044,30936,Nhìn thẳng,Nhìn thẳng,Bình thường
11:06:29 24/5/2026,Tập trung,87,60,64696,232982,73155,74468,25173,Nhìn thẳng,Nhìn thẳng,Bình thường
11:06:30 24/5/2026,Tập trung,96,48,90562,164294,24776,134193,41578,Nhìn thẳng,Nhìn thẳng,Bình thường
11:06:31 24/5/2026,Tập trung,88,45,87375,212127,79740,70131,30359,Nhìn thẳng,Nhìn thẳng,Bình thường
11:06:32 24/5/2026,Tập trung,97,40,91964,118708,39953,130663,32942,Nhìn thẳng,Nhìn thẳng,Bình thường
11:06:33 24/5/2026,Tập trung,97,58,60793,190064,29861,71691,44332,Nhìn thẳng,Nhìn thẳng,Khó chịu
11:06:34 24/5/2026,Tập trung,83,41,77220,179524,52374,132897,39126,Nhìn thẳng,Nhìn thẳng,Vui vẻ
11:06:35 24/5/2026,Tập trung,82,49,58244,180817,34635,66992,33786,Nhìn thẳng,Nhìn thẳng,Bình thường
11:06:36 24/5/2026,Tập trung,76,44,67051,126485,60528,124000,43185,Nhìn thẳng,Nhìn thẳng,Bình thường
11:06:37 24/5/2026,Tập trung,81,43,49042,175047,73587,88656,32503,Nhìn thẳng,Nhìn thẳng,Bình thường
11:06:38 24/5/2026,Tập trung,83,52,101250,216578,64709,133524,31960,Ngẩng lên,Liếc phải,Bình thường
11:06:39 24/5/2026,Tập trung,90,57,76687,233554,67610,57400,45113,Nhìn thẳng,Nhìn thẳng,Bình thường
11:06:40 24/5/2026,Tập trung,78,41,106866,236089,79241,53838,46863,Nhìn thẳng,Nhìn thẳng,Bình thường
11:06:41 24/5/2026,Tập trung,86,42,117888,180088,61061,127297,21512,Nhìn thẳng,Nhìn thẳng,Bình thường
11:06:42 24/5/2026,Tập trung,77,46,89358,188811,67465,78106,30815,Nhìn thẳng,Nhìn thẳng,Bình thường
11:06:43 24/5/2026,Tập trung,79,47,71936,251327,62103,131955,35742,Nhìn thẳng,Nhìn thẳng,Bình thường
11:06:44 24/5/2026,Tập trung,93,54,95060,190764,27012,140027,33477,Nhìn thẳng,Nhìn thẳng,Bình thường
11:06:45 24/5/2026,Tập trung,97,43,78471,211728,49399,102544,33284,Nhìn thẳng,Nhìn thẳng,Bình thường
11:06:46 24/5/2026,Tập trung,76,50,86579,179484,68201,133918,42103,Nhìn thẳng,Nhìn thẳng,Vui vẻ
11:06:47 24/5/2026,Tập trung,80,51,101744,253812,69671,114919,26634,Nhìn thẳng,Nhìn thẳng,Bình thường
11:06:48 24/5/2026,Tập trung,84,40,100758,235692,23058,78505,27092,Nhìn thẳng,Nhìn thẳng,Bình thường
11:06:49 24/5/2026,Tập trung,95,51,65042,192143,44434,75883,22168,Nhìn thẳng,Nhìn thẳng,Bình thường
11:06:50 24/5/2026,Tập trung,95,41,77437,236001,63351,87855,26421,Nhìn thẳng,Nhìn thẳng,Bình thường
11:06:51 24/5/2026,Tập trung,88,49,111938,146473,23183,94482,41178,Nhìn thẳng,Nhìn thẳng,Bình thường
11:06:52 24/5/2026,Tập trung,98,49,91521,151547,28437,94774,28254,Quay phải,Liếc trái,Vui vẻ
11:06:53 24/5/2026,Tập trung,76,55,74199,215330,29228,68396,46819,Nhìn thẳng,Nhìn thẳng,Khó chịu
11:06:54 24/5/2026,Tập trung,98,44,71517,249118,58741,85842,33420,Nhìn thẳng,Nhìn thẳng,Bình thường
11:06:55 24/5/2026,Tập trung,85,45,101236,117513,28240,100575,35420,Nhìn thẳng,Nhìn thẳng,Bình thường
11:06:56 24/5/2026,Tập trung,77,55,76976,258670,23577,59956,28018,Nhìn thẳng,Nhìn thẳng,Bình thường
11:06:57 24/5/2026,Tập trung,79,59,86012,187684,30605,133351,32123,Nhìn thẳng,Nhìn thẳng,Bình thường
11:06:58 24/5/2026,Tập trung,96,59,85288,247194,52052,146680,22095,Nhìn thẳng,Nhìn thẳng,Bình thường
11:06:59 24/5/2026,Tập trung,86,51,98852,205910,23043,50736,19439,Nhìn thẳng,Nhìn thẳng,Bình thường
11:07:00 24/5/2026,Tập trung,91,40,104591,217918,58251,129444,22525,Ngẩng lên,Liếc lên,Bình thường
11:07:01 24/5/2026,Sao nhãng,80,52,91650,110127,76235,59275,26134,Nhìn thẳng,Nhìn thẳng,Bình thường
11:07:02 24/5/2026,Tập trung,87,55,106790,115536,77672,91784,39112,Nhìn thẳng,Nhìn thẳng,Bình thường
11:07:03 24/5/2026,Tập trung,91,57,62128,196010,72103,54023,18106,Nhìn thẳng,Nhìn thẳng,Bình thường
11:07:04 24/5/2026,Tập trung,81,44,88995,176293,66871,141349,36489,Nhìn thẳng,Nhìn thẳng,Bình thường
11:07:05 24/5/2026,Tập trung,96,50,89713,155784,78812,60880,32953,Nhìn thẳng,Nhìn thẳng,Vui vẻ
11:07:06 24/5/2026,Tập trung,83,48,79552,251822,63979,146012,17097,Nhìn thẳng,Nhìn thẳng,Bình thường
11:07:07 24/5/2026,Tập trung,94,46,64844,164963,66118,87456,30390,Nhìn thẳng,Nhìn thẳng,Bình thường
11:07:08 24/5/2026,Tập trung,85,42,70947,206284,47747,112538,30914,Nhìn thẳng,Nhìn thẳng,Bình thường
11:07:09 24/5/2026,Tập trung,84,58,65540,165428,62596,70437,19750,Nhìn thẳng,Nhìn thẳng,Bình thường
11:07:10 24/5/2026,Tập trung,86,45,105967,175669,51157,97885,21308,Nhìn thẳng,Nhìn thẳng,Bình thường
11:07:11 24/5/2026,Tập trung,75,50,63835,210789,56589,136015,27357,Nhìn thẳng,Nhìn thẳng,Khó chịu
11:07:12 24/5/2026,Tập trung,82,42,89183,126492,37385,63116,35500,Nhìn thẳng,Nhìn thẳng,Bình thường
11:07:14 24/5/2026,Tập trung,77,57,56592,220295,26397,142342,45858,Nhìn thẳng,Nhìn thẳng,Bình thường
11:07:15 24/5/2026,Tập trung,97,43,74440,213719,56141,77010,30292,Quay phải,Liếc lên,Bình thường
11:07:16 24/5/2026,Tập trung,85,43,75845,139403,61877,100581,24655,Nhìn thẳng,Nhìn thẳng,Vui vẻ
11:07:17 24/5/2026,Tập trung,89,48,56492,253843,28419,125870,27195,Nhìn thẳng,Nhìn thẳng,Bình thường
11:07:18 24/5/2026,Tập trung,87,56,118066,185800,47212,96503,37479,Nhìn thẳng,Nhìn thẳng,Bình thường
11:07:19 24/5/2026,Tập trung,89,41,45268,241775,47170,138989,37746,Nhìn thẳng,Nhìn thẳng,Bình thường
11:07:20 24/5/2026,Tập trung,90,41,58296,226176,44601,148060,28352,Nhìn thẳng,Nhìn thẳng,Bình thường
11:07:21 24/5/2026,Tập trung,79,57,70528,146752,30373,55457,31438,Nhìn thẳng,Nhìn thẳng,Bình thường
11:07:22 24/5/2026,Tập trung,96,44,79946,125733,60766,127394,26813,Nhìn thẳng,Nhìn thẳng,Bình thường
11:07:23 24/5/2026,Tập trung,98,49,81182,215685,24121,131185,35496,Nhìn thẳng,Nhìn thẳng,Bình thường
11:07:24 24/5/2026,Tập trung,82,52,71532,187649,26945,53601,37345,Cúi xuống,Liếc xuống,Bình thường
11:07:25 24/5/2026,Tập trung,88,60,90059,127853,52997,84190,32632,Nhìn thẳng,Nhìn thẳng,Bình thường
11:07:26 24/5/2026,Tập trung,93,40,55990,253792,32636,147350,43759,Nhìn thẳng,Nhìn thẳng,Bình thường
11:07:27 24/5/2026,Tập trung,90,43,63544,147369,51244,51390,39778,Nhìn thẳng,Nhìn thẳng,Bình thường
11:07:28 24/5/2026,Tập trung,86,51,81800,183803,56116,61698,38730,Nhìn thẳng,Nhìn thẳng,Bình thường
11:07:29 24/5/2026,Tập trung,79,59,52621,126639,75658,70315,30122,Nhìn thẳng,Nhìn thẳng,Bình thường
11:07:30 24/5/2026,Tập trung,92,55,81410,160925,39332,147899,40728,Quay trái,Liếc phải,Vui vẻ
11:07:31 24/5/2026,Tập trung,96,58,86913,168173,71667,64112,30048,Nhìn thẳng,Nhìn thẳng,Bình thường
11:07:32 24/5/2026,Tập trung,98,45,86194,171869,78534,125058,23579,Nhìn thẳng,Nhìn thẳng,Khó chịu
11:07:33 24/5/2026,Tập trung,84,40,90620,231178,24296,119448,42599,Nhìn thẳng,Nhìn thẳng,Bình thường
11:07:34 24/5/2026,Tập trung,98,43,80997,223817,68965,132344,26361,Nhìn thẳng,Nhìn thẳng,Bình thường
11:07:35 24/5/2026,Tập trung,85,45,98112,277637,23320,147095,19963,Nhìn thẳng,Nhìn thẳng,Bình thường
11:07:36 24/5/2026,Tập trung,93,40,82693,181415,72508,88914,26230,Nhìn thẳng,Nhìn thẳng,Bình thường
11:07:37 24/5/2026,Tập trung,81,44,76253,201316,56516,51983,39739,Quay trái,Liếc trái,Vui vẻ
11:07:38 24/5/2026,Tập trung,94,47,83841,259290,43850,60004,41953,Nhìn thẳng,Nhìn thẳng,Bình thường
11:07:39 24/5/2026,Tập trung,92,44,75170,217702,72461,65593,31736,Quay phải,Liếc phải,Bình thường
11:07:40 24/5/2026,Tập trung,97,52,78175,129817,46179,54700,26376,Nhìn thẳng,Nhìn thẳng,Bình thường
11:07:41 24/5/2026,Tập trung,85,43,114078,242096,63400,96053,29879,Nhìn thẳng,Nhìn thẳng,Bình thường
11:07:42 24/5/2026,Sao nhãng,91,42,65527,193680,65140,124919,46783,Nhìn thẳng,Nhìn thẳng,Bình thường
11:07:43 24/5/2026,Tập trung,77,41,75355,187053,71324,79260,30086,Nhìn thẳng,Nhìn thẳng,Bình thường
11:07:44 24/5/2026,Tập trung,82,45,82372,172449,59800,88410,30471,Nhìn thẳng,Nhìn thẳng,Bình thường
11:07:45 24/5/2026,Tập trung,77,52,77900,142895,57091,62706,41857,Nhìn thẳng,Nhìn thẳng,Bình thường
11:07:46 24/5/2026,Tập trung,90,57,95049,183328,35562,113350,40320,Nhìn thẳng,Nhìn thẳng,Vui vẻ
11:07:47 24/5/2026,Tập trung,88,50,87613,172670,79318,104473,37561,Ngẩng lên,Liếc phải,Bình thường
11:07:48 24/5/2026,Tập trung,78,47,97324,175159,40008,127753,31661,Nhìn thẳng,Nhìn thẳng,Bình thường
11:07:49 24/5/2026,Tập trung,98,40,50049,190935,61394,121572,34960,Nhìn thẳng,Nhìn thẳng,Bình thường
11:07:50 24/5/2026,Tập trung,84,51,108060,115735,46862,69880,30928,Nhìn thẳng,Nhìn thẳng,Bình thường
11:07:51 24/5/2026,Tập trung,91,41,87443,116909,27479,59757,32834,Quay phải,Liếc lên,Khó chịu
11:08:15 24/5/2026,Sao nhãng,21,93,72305,7330,741361,1113156,5173,Quay trái,Liếc trái,Buồn bã
11:08:16 24/5/2026,Sao nhãng,35,75,28422,12117,606197,739603,2526,Không tìm thấy mặt,Không tìm thấy mắt,Khó chịu
11:08:17 24/5/2026,Sao nhãng,10,87,63633,9316,329803,575932,4168,Quay phải,Liếc phải,Buồn bã
11:08:18 24/5/2026,Sao nhãng,11,72,44667,10602,652957,564787,3500,Quay phải,Liếc phải,Khó chịu
11:08:19 24/5/2026,Sao nhãng,26,94,36669,11028,706357,859893,2604,Không tìm thấy mặt,Không tìm thấy mắt,Buồn bã
11:08:20 24/5/2026,Sao nhãng,37,76,74795,13683,229896,632456,3104,Không tìm thấy mặt,Không tìm thấy mắt,Buồn bã
11:08:21 24/5/2026,Sao nhãng,24,84,49507,7785,717630,1089459,4490,Quay trái,Liếc trái,Khó chịu
11:08:22 24/5/2026,Sao nhãng,13,78,54305,13545,746147,566473,2855,Quay trái,Liếc trái,Ngạc nhiên
11:08:23 24/5/2026,Sao nhãng,10,60,43194,5409,547229,1017117,3686,Quay phải,Liếc phải,Buồn bã
11:08:24 24/5/2026,Sao nhãng,28,78,50041,15007,396590,591243,3365,Ngẩng lên,Liếc lên,Bình thường
11:08:25 24/5/2026,Sao nhãng,28,63,40078,12576,755899,1009528,2949,Quay phải,Liếc phải,Khó chịu
11:08:26 24/5/2026,Sao nhãng,14,81,49937,15218,444079,555740,4083,Quay trái,Liếc trái,Buồn bã
11:08:27 24/5/2026,Sao nhãng,12,66,42355,14699,760839,1085745,3303,Quay phải,Liếc phải,Buồn bã
11:08:28 24/5/2026,Sao nhãng,21,78,57122,11989,496902,1449429,1862,Quay trái,Liếc trái,Buồn bã
11:08:29 24/5/2026,Sao nhãng,34,73,53896,15044,789979,1334214,2922,Cúi xuống,Liếc phải,Bình thường
11:08:31 24/5/2026,Tập trung,32,84,43522,9805,718635,1281807,3823,Cúi xuống,Liếc phải,Khó chịu
11:08:32 24/5/2026,Sao nhãng,34,76,62560,7254,765026,714189,2038,Quay trái,Liếc trái,Buồn bã
11:08:33 24/5/2026,Sao nhãng,10,64,64820,11683,773159,558259,3389,Quay phải,Liếc phải,Khó chịu
11:08:34 24/5/2026,Sao nhãng,32,93,49064,12559,585620,699719,1411,Cúi xuống,Liếc phải,Buồn bã
11:08:35 24/5/2026,Sao nhãng,19,81,52236,6910,508984,788328,2303,Quay trái,Liếc trái,Khó chịu
11:08:36 24/5/2026,Tập trung,32,61,50986,3392,709207,1348749,3482,Cúi xuống,Liếc phải,Buồn bã
11:08:37 24/5/2026,Sao nhãng,28,64,35285,11234,433631,1027589,5123,Không tìm thấy mặt,Không tìm thấy mắt,Khó chịu
11:08:38 24/5/2026,Sao nhãng,23,81,49674,13445,327094,1053083,2870,Không tìm thấy mặt,Không tìm thấy mắt,Buồn bã
11:08:39 24/5/2026,Sao nhãng,26,77,46304,15775,619334,1167292,5050,Quay trái,Liếc lên,Ngạc nhiên
11:08:40 24/5/2026,Sao nhãng,27,68,52159,6807,549295,1355463,2304,Quay phải,Liếc phải,Khó chịu
11:08:41 24/5/2026,Sao nhãng,33,91,56752,15143,452147,578753,1748,Quay phải,Liếc phải,Bình thường
11:08:42 24/5/2026,Sao nhãng,31,72,60940,13318,758068,705004,3313,Quay phải,Liếc phải,Buồn bã
11:08:43 24/5/2026,Sao nhãng,28,71,52374,9486,748477,1336481,2407,Quay phải,Liếc phải,Khó chịu
11:08:44 24/5/2026,Sao nhãng,27,86,34340,10932,708515,1209706,4609,Nhìn thẳng,Nhìn thẳng,Buồn bã
11:08:45 24/5/2026,Sao nhãng,12,73,60403,10496,367550,981199,4221,Quay trái,Liếc trái,Khó chịu
11:08:46 24/5/2026,Sao nhãng,40,73,51774,8198,576178,870539,3494,Quay trái,Liếc trái,Buồn bã
11:08:47 24/5/2026,Sao nhãng,28,87,33362,11250,202463,811173,3274,Quay trái,Liếc trái,Bình thường
11:08:48 24/5/2026,Sao nhãng,22,64,43222,15176,505213,625685,4180,Quay trái,Liếc trái,Buồn bã
11:08:49 24/5/2026,Sao nhãng,21,87,68102,6797,648924,1209371,2897,Quay trái,Liếc trái,Khó chịu
11:08:50 24/5/2026,Sao nhãng,37,93,44462,14901,330761,1122914,1776,Quay trái,Liếc trái,Buồn bã
11:08:51 24/5/2026,Sao nhãng,37,62,64222,5611,373056,1101360,3274,Không tìm thấy mặt,Không tìm thấy mắt,Buồn bã
11:08:52 24/5/2026,Sao nhãng,23,91,60296,11364,795466,789679,4175,Quay phải,Liếc phải,Khó chịu
11:08:53 24/5/2026,Sao nhãng,18,78,56955,15934,704065,765028,3880,Quay trái,Liếc lên,Bình thường
11:08:54 24/5/2026,Sao nhãng,25,68,39196,7783,414995,1497627,2546,Quay phải,Liếc xuống,Buồn bã
11:08:55 24/5/2026,Sao nhãng,38,64,34169,11762,796389,991974,5561,Quay trái,Liếc lên,Buồn bã
11:08:56 24/5/2026,Sao nhãng,36,74,51297,8133,224597,944595,3342,Quay phải,Liếc phải,Buồn bã
11:08:57 24/5/2026,Sao nhãng,18,65,39147,13210,599765,773101,5120,Quay trái,Liếc trái,Buồn bã
11:08:58 24/5/2026,Sao nhãng,18,76,73324,6065,573255,1189923,2508,Không tìm thấy mặt,Không tìm thấy mắt,Khó chịu
11:08:59 24/5/2026,Sao nhãng,24,62,52415,13374,298410,1453999,4413,Nhìn thẳng,Nhìn thẳng,Buồn bã
11:09:00 24/5/2026,Sao nhãng,17,90,60384,14732,549470,765341,3221,Quay phải,Liếc phải,Buồn bã
11:09:01 24/5/2026,Sao nhãng,19,92,49577,6858,404553,719174,4289,Không tìm thấy mặt,Không tìm thấy mắt,Buồn bã
11:09:02 24/5/2026,Sao nhãng,33,76,33436,9094,708102,590560,2674,Quay trái,Liếc trái,Ngạc nhiên
11:09:03 24/5/2026,Sao nhãng,40,67,64828,16188,777715,576953,4137,Nhìn thẳng,Nhìn thẳng,Bình thường
11:09:04 24/5/2026,Sao nhãng,29,71,54888,16857,417152,1061482,3214,Không tìm thấy mặt,Không tìm thấy mắt,Buồn bã
11:09:05 24/5/2026,Sao nhãng,34,86,61453,11624,339989,1261741,3053,Không tìm thấy mặt,Không tìm thấy mắt,Buồn bã
11:09:06 24/5/2026,Tập trung,24,81,49629,8190,365154,1038256,3996,Nhìn thẳng,Nhìn thẳng,Khó chịu
11:09:07 24/5/2026,Sao nhãng,38,88,56118,10130,206782,1336891,2002,Không tìm thấy mặt,Không tìm thấy mắt,Buồn bã
11:09:08 24/5/2026,Sao nhãng,14,78,75306,17743,777200,1301998,4210,Quay phải,Liếc phải,Khó chịu
11:09:09 24/5/2026,Sao nhãng,16,92,45145,13474,625743,1437073,3310,Không tìm thấy mặt,Không tìm thấy mắt,Buồn bã
11:09:10 24/5/2026,Sao nhãng,14,62,45152,7853,780087,528057,3508,Nhìn thẳng,Nhìn thẳng,Khó chịu
11:09:11 24/5/2026,Sao nhãng,10,70,60210,10855,752926,1148827,2016,Quay trái,Liếc trái,Buồn bã
11:09:12 24/5/2026,Sao nhãng,39,65,51591,3526,307453,553412,4535,Không tìm thấy mặt,Không tìm thấy mắt,Khó chịu
11:09:13 24/5/2026,Sao nhãng,23,71,32594,9064,551044,1301502,3515,Quay trái,Liếc trái,Buồn bã
11:09:14 24/5/2026,Sao nhãng,39,82,57212,17299,701229,559828,3857,Quay phải,Liếc phải,Khó chịu
11:09:15 24/5/2026,Sao nhãng,29,67,58989,10100,378314,685099,3842,Quay phải,Liếc phải,Bình thường
11:09:16 24/5/2026,Tập trung,32,79,60635,7309,402603,1473350,4711,Quay trái,Liếc lên,Buồn bã
11:09:17 24/5/2026,Sao nhãng,28,82,51382,9269,496804,806473,3054,Nhìn thẳng,Nhìn thẳng,Khó chịu
11:09:18 24/5/2026,Sao nhãng,19,83,45283,11752,655227,670351,5106,Nhìn thẳng,Nhìn thẳng,Ngạc nhiên
11:09:19 24/5/2026,Sao nhãng,16,66,60267,5160,597496,1398030,5081,Nhìn thẳng,Nhìn thẳng,Buồn bã
11:09:20 24/5/2026,Sao nhãng,15,76,46353,19201,282458,658160,3775,Không tìm thấy mặt,Không tìm thấy mắt,Khó chịu
11:09:21 24/5/2026,Sao nhãng,22,77,54067,15038,736260,871275,4629,Quay phải,Liếc phải,Buồn bã
11:09:22 24/5/2026,Sao nhãng,25,68,46954,8745,210132,694236,3494,Nhìn thẳng,Nhìn thẳng,Bình thường
11:09:23 24/5/2026,Sao nhãng,37,62,55203,16769,791111,1059471,3841,Quay phải,Liếc phải,Buồn bã
11:09:25 24/5/2026,Sao nhãng,33,90,43272,12596,712448,595817,3255,Quay phải,Liếc phải,Bình thường
11:09:26 24/5/2026,Sao nhãng,29,94,54607,6132,751056,1104677,3572,Quay phải,Liếc phải,Bình thường
11:09:27 24/5/2026,Sao nhãng,21,73,56760,10886,402030,989679,3431,Quay phải,Liếc phải,Khó chịu
11:09:28 24/5/2026,Sao nhãng,39,64,64141,10853,516745,1391549,2746,Không tìm thấy mặt,Không tìm thấy mắt,Buồn bã
11:09:29 24/5/2026,Sao nhãng,32,91,60545,9354,321082,1032853,2116,Không tìm thấy mặt,Không tìm thấy mắt,Khó chịu
11:09:30 24/5/2026,Sao nhãng,16,76,44283,7579,582872,800632,3018,Quay phải,Liếc phải,Buồn bã
11:09:31 24/5/2026,Sao nhãng,20,88,31534,6749,549598,1083624,1185,Quay trái,Liếc trái,Bình thường
11:09:32 24/5/2026,Sao nhãng,10,83,51848,9366,489364,1298464,2713,Không tìm thấy mặt,Không tìm thấy mắt,Buồn bã
11:09:33 24/5/2026,Sao nhãng,36,71,53265,9870,266731,1430715,3537,Quay phải,Liếc phải,Khó chịu
11:09:34 24/5/2026,Sao nhãng,32,64,46607,13514,281698,1225255,3525,Không tìm thấy mặt,Không tìm thấy mắt,Buồn bã
11:09:35 24/5/2026,Sao nhãng,28,89,67022,6943,797120,993146,1403,Nhìn thẳng,Nhìn thẳng,Buồn bã
11:09:36 24/5/2026,Sao nhãng,36,79,50940,4095,756971,699941,3733,Quay trái,Liếc trái,Buồn bã
11:09:37 24/5/2026,Sao nhãng,19,95,60465,10811,321203,852299,2016,Nhìn thẳng,Nhìn thẳng,Buồn bã
11:09:38 24/5/2026,Sao nhãng,12,76,48729,17668,609149,924817,2755,Không tìm thấy mặt,Không tìm thấy mắt,Khó chịu
11:09:39 24/5/2026,Sao nhãng,28,62,34899,6712,665979,1335786,1799,Quay phải,Liếc xuống,Buồn bã
11:09:40 24/5/2026,Sao nhãng,37,62,55752,10208,518968,1377483,4247,Quay phải,Liếc phải,Buồn bã
11:09:41 24/5/2026,Sao nhãng,17,90,41820,14498,733516,971907,1908,Không tìm thấy mặt,Không tìm thấy mắt,Buồn bã
11:09:42 24/5/2026,Sao nhãng,25,84,49308,10116,364514,1454489,3758,Quay trái,Liếc lên,Bình thường
11:09:43 24/5/2026,Sao nhãng,37,95,56369,9764,217842,966673,5223,Nhìn thẳng,Nhìn thẳng,Khó chịu
11:09:44 24/5/2026,Sao nhãng,35,64,54817,7845,645019,1401085,3514,Quay phải,Liếc phải,Buồn bã
11:09:45 24/5/2026,Sao nhãng,39,72,49133,13401,330368,729685,3620,Nhìn thẳng,Nhìn thẳng,Ngạc nhiên
11:09:46 24/5/2026,Sao nhãng,22,81,40236,11433,708910,791739,3716,Quay trái,Liếc trái,Buồn bã
11:09:47 24/5/2026,Sao nhãng,17,63,44252,12779,268915,818502,4650,Quay phải,Liếc phải,Buồn bã
11:09:48 24/5/2026,Sao nhãng,27,82,58388,8275,396370,1120848,2653,Nhìn thẳng,Nhìn thẳng,Khó chịu
11:09:49 24/5/2026,Sao nhãng,37,72,41910,16054,416244,909423,1778,Quay phải,Liếc xuống,Buồn bã
11:09:50 24/5/2026,Sao nhãng,27,66,54123,3762,662326,914969,4250,Nhìn thẳng,Nhìn thẳng,Buồn bã
11:09:51 24/5/2026,Sao nhãng,13,87,69430,8875,269314,1065127,3881,Nhìn thẳng,Nhìn thẳng,Buồn bã
11:09:52 24/5/2026,Sao nhãng,28,66,71341,16549,784938,1418406,2539,Không tìm thấy mặt,Không tìm thấy mắt,Buồn bã
11:09:53 24/5/2026,Sao nhãng,36,63,73231,7144,236904,1201505,2925,Quay trái,Liếc trái,Khó chịu
11:09:54 24/5/2026,Sao nhãng,21,76,48699,9299,554041,829139,4500,Quay phải,Liếc phải,Buồn bã
11:09:55 24/5/2026,Sao nhãng,12,94,47526,6666,312159,754207,4207,Quay trái,Liếc trái,Buồn bã
11:09:56 24/5/2026,Sao nhãng,34,95,56476,4764,533682,856285,2728,Quay trái,Liếc trái,Khó chịu
11:09:57 24/5/2026,Sao nhãng,24,67,53006,8073,597091,858673,5325,Không tìm thấy mặt,Không tìm thấy mắt,Buồn bã
11:09:58 24/5/2026,Sao nhãng,29,83,64883,8521,323474,882367,5774,Nhìn thẳng,Nhìn thẳng,Khó chịu
11:09:59 24/5/2026,Sao nhãng,15,61,43396,7346,335028,1187360,2302,Nhìn thẳng,Nhìn thẳng,Buồn bã
11:10:00 24/5/2026,Sao nhãng,13,92,57715,9997,764798,1319306,2145,Không tìm thấy mặt,Không tìm thấy mắt,Bình thường
11:10:01 24/5/2026,Sao nhãng,38,79,35138,6885,231426,1052307,3999,Quay phải,Liếc phải,Khó chịu
11:10:02 24/5/2026,Tập trung,20,82,42615,9363,451331,1295359,3614,Quay phải,Liếc xuống,Buồn bã
11:10:03 24/5/2026,Sao nhãng,38,68,42014,13589,586540,729231,2905,Không tìm thấy mặt,Không tìm thấy mắt,Buồn bã
11:10:04 24/5/2026,Sao nhãng,16,78,64998,7805,641833,1181720,2758,Nhìn thẳng,Nhìn thẳng,Sợ hãi
11:10:05 24/5/2026,Tập trung,25,76,45967,4763,381282,638274,3595,Nhìn thẳng,Nhìn thẳng,Buồn bã
11:10:06 24/5/2026,Sao nhãng,32,72,30008,14395,404775,997774,3193,Quay phải,Liếc xuống,Khó chịu
11:10:07 24/5/2026,Sao nhãng,26,87,23851,9399,483038,1081315,2389,Không tìm thấy mặt,Không tìm thấy mắt,Buồn bã
11:10:08 24/5/2026,Sao nhãng,40,64,38771,17926,463758,911092,1332,Quay trái,Liếc trái,Buồn bã
11:10:09 24/5/2026,Sao nhãng,36,94,50177,10734,525198,1056725,4052,Quay trái,Liếc lên,Khó chịu
11:10:10 24/5/2026,Sao nhãng,36,70,45158,12010,648873,1236629,2606,Quay trái,Liếc trái,Buồn bã
11:10:11 24/5/2026,Sao nhãng,12,90,46725,3167,644596,892499,3456,Quay trái,Liếc trái,Khó chịu
11:10:12 24/5/2026,Sao nhãng,35,94,44232,18724,382736,1160582,3948,Quay phải,Liếc phải,Bình thường
11:10:13 24/5/2026,Sao nhãng,28,83,74086,12032,614352,1146821,2900,Quay trái,Liếc trái,Buồn bã
11:10:19 24/5/2026,Sao nhãng,20,70,39873,5096,705671,615507,4010,Quay phải,Liếc phải,Buồn bã
11:10:20 24/5/2026,Sao nhãng,21,86,63491,13460,413774,1241202,3048,Quay trái,Liếc trái,Buồn bã
11:10:21 24/5/2026,Sao nhãng,21,73,59982,7614,586354,1266850,3790,Quay phải,Liếc phải,Buồn bã
11:10:22 24/5/2026,Sao nhãng,28,75,46328,14883,262534,839240,5485,Cúi xuống,Liếc phải,Buồn bã
11:10:23 24/5/2026,Sao nhãng,25,79,58536,10906,731150,572002,4050,Quay phải,Liếc phải,Khó chịu
11:10:24 24/5/2026,Sao nhãng,24,69,60343,4390,464174,875944,2846,Không tìm thấy mặt,Không tìm thấy mắt,Bình thường
11:10:25 24/5/2026,Sao nhãng,32,71,63661,16591,283792,1171419,2850,Quay trái,Liếc trái,Buồn bã
11:10:26 24/5/2026,Sao nhãng,38,88,46673,14438,686402,1235198,2880,Không tìm thấy mặt,Không tìm thấy mắt,Khó chịu
11:10:27 24/5/2026,Sao nhãng,33,83,62830,14618,592055,1150118,5148,Nhìn thẳng,Nhìn thẳng,Buồn bã
11:10:28 24/5/2026,Sao nhãng,11,84,54073,17817,751640,887458,2674,Nhìn thẳng,Nhìn thẳng,Buồn bã
11:10:29 24/5/2026,Sao nhãng,36,87,71247,10958,286977,1273649,4290,Quay phải,Liếc phải,Buồn bã
11:10:30 24/5/2026,Sao nhãng,21,61,42720,5768,455411,1123334,4728,Quay phải,Liếc phải,Buồn bã
11:10:31 24/5/2026,Sao nhãng,12,87,50238,11294,243580,1131861,3417,Không tìm thấy mặt,Không tìm thấy mắt,Bình thường
11:10:32 24/5/2026,Sao nhãng,37,64,35122,16600,329975,836315,3584,Nhìn thẳng,Nhìn thẳng,Khó chịu
11:10:33 24/5/2026,Sao nhãng,18,77,55795,16261,339520,996381,4729,Không tìm thấy mặt,Không tìm thấy mắt,Buồn bã
11:10:34 24/5/2026,Sao nhãng,11,93,74898,14149,760049,572645,3509,Nhìn thẳng,Nhìn thẳng,Bình thường
11:10:35 24/5/2026,Sao nhãng,14,70,46989,18113,212182,1148241,3109,Quay trái,Liếc lên,Buồn bã
11:10:36 24/5/2026,Sao nhãng,24,84,52823,4445,283364,771954,3745,Không tìm thấy mặt,Không tìm thấy mắt,Buồn bã
11:10:37 24/5/2026,Tập trung,33,90,62583,14069,242800,1158055,1914,Quay trái,Liếc lên,Buồn bã
11:10:38 24/5/2026,Sao nhãng,24,63,50674,4484,626741,715652,3441,Không tìm thấy mặt,Không tìm thấy mắt,Sợ hãi
11:10:39 24/5/2026,Sao nhãng,23,79,40543,11464,630609,967290,2701,Nhìn thẳng,Nhìn thẳng,Khó chịu
11:10:40 24/5/2026,Sao nhãng,15,75,57617,13182,384411,944744,3996,Quay trái,Liếc trái,Buồn bã
11:10:41 24/5/2026,Sao nhãng,30,79,78375,18030,400811,627057,2912,Cúi xuống,Liếc phải,Buồn bã
11:10:42 24/5/2026,Sao nhãng,26,92,59885,5228,560404,1317366,5059,Không tìm thấy mặt,Không tìm thấy mắt,Bình thường
11:10:43 24/5/2026,Sao nhãng,16,61,59837,17139,357186,992855,3652,Nhìn thẳng,Nhìn thẳng,Bình thường
11:10:44 24/5/2026,Sao nhãng,36,70,53380,7344,625518,1377768,3996,Nhìn thẳng,Nhìn thẳng,Buồn bã
11:10:45 24/5/2026,Sao nhãng,35,85,30226,12104,409883,1200859,2262,Quay phải,Liếc phải,Khó chịu
11:10:46 24/5/2026,Sao nhãng,25,65,51267,8942,663347,1171557,4105,Quay phải,Liếc phải,Bình thường
11:10:47 24/5/2026,Sao nhãng,28,87,75738,7195,256750,745158,3029,Quay phải,Liếc phải,Buồn bã
11:10:48 24/5/2026,Sao nhãng,40,84,43672,13202,733094,1484231,5175,Không tìm thấy mặt,Không tìm thấy mắt,Khó chịu
11:10:49 24/5/2026,Sao nhãng,20,67,61192,7064,291110,628899,3832,Không tìm thấy mặt,Không tìm thấy mắt,Buồn bã
11:10:50 24/5/2026,Sao nhãng,36,60,60647,11915,534255,1467273,4186,Quay trái,Liếc trái,Khó chịu
11:10:51 24/5/2026,Sao nhãng,36,81,66729,11777,663846,1248519,4560,Quay trái,Liếc trái,Buồn bã
11:10:52 24/5/2026,Sao nhãng,12,66,52523,10519,747767,509124,3756,Nhìn thẳng,Nhìn thẳng,Buồn bã
11:10:53 24/5/2026,Sao nhãng,30,63,30740,6531,207435,1344131,3075,Quay trái,Liếc lên,Buồn bã
11:10:54 24/5/2026,Sao nhãng,11,87,69355,11912,788237,1221589,4467,Nhìn thẳng,Nhìn thẳng,Buồn bã
11:10:55 24/5/2026,Sao nhãng,24,92,44520,9444,565092,516714,4913,Nhìn thẳng,Nhìn thẳng,Buồn bã
11:10:56 24/5/2026,Sao nhãng,33,67,55146,13701,785332,1079191,4168,Quay trái,Liếc trái,Bình thường
11:10:57 24/5/2026,Sao nhãng,19,89,49158,13953,796518,861875,3279,Quay phải,Liếc xuống,Khó chịu
11:10:58 24/5/2026,Sao nhãng,37,92,58992,14938,785985,788063,3977,Không tìm thấy mặt,Không tìm thấy mắt,Buồn bã
11:10:59 24/5/2026,Sao nhãng,29,69,55875,16738,640998,1120729,5147,Quay phải,Liếc phải,Buồn bã
11:11:00 24/5/2026,Sao nhãng,15,86,63455,6177,450707,731123,2940,Quay trái,Liếc trái,Khó chịu
11:11:01 24/5/2026,Sao nhãng,22,83,35312,14121,282044,1007763,4054,Ngẩng lên,Liếc trái,Sợ hãi
11:11:02 24/5/2026,Sao nhãng,28,68,61851,17862,427041,725954,3254,Quay trái,Liếc trái,Buồn bã
11:11:03 24/5/2026,Sao nhãng,12,81,35444,6980,663539,978318,5037,Quay trái,Liếc lên,Khó chịu
11:11:04 24/5/2026,Sao nhãng,35,82,47528,11504,517323,1131041,3725,Quay phải,Liếc phải,Bình thường
11:11:05 24/5/2026,Sao nhãng,34,85,46052,5509,360861,1483605,4325,Nhìn thẳng,Nhìn thẳng,Buồn bã
11:11:06 24/5/2026,Sao nhãng,29,83,71247,13687,667094,1319653,4291,Nhìn thẳng,Nhìn thẳng,Khó chịu
11:11:08 24/5/2026,Sao nhãng,22,87,49707,10261,536210,1234848,3173,Nhìn thẳng,Nhìn thẳng,Buồn bã
11:11:09 24/5/2026,Sao nhãng,34,79,57883,5173,301060,1143267,3657,Quay trái,Liếc trái,Bình thường
11:11:10 24/5/2026,Sao nhãng,14,80,23480,14336,708064,537043,5328,Không tìm thấy mặt,Không tìm thấy mắt,Khó chịu
11:11:11 24/5/2026,Sao nhãng,35,76,34628,16257,757307,959719,3576,Quay trái,Liếc trái,Bình thường
11:11:12 24/5/2026,Sao nhãng,26,84,31058,10930,476827,593765,5718,Quay phải,Liếc phải,Buồn bã
11:11:13 24/5/2026,Sao nhãng,33,86,62681,7915,408601,1401091,3378,Không tìm thấy mặt,Không tìm thấy mắt,Buồn bã
11:11:14 24/5/2026,Sao nhãng,15,84,26146,10605,793382,750760,2980,Quay trái,Liếc trái,Khó chịu
11:11:15 24/5/2026,Sao nhãng,16,71,68807,10407,397372,1047858,2036,Quay phải,Liếc phải,Buồn bã
11:11:16 24/5/2026,Sao nhãng,39,75,67784,14989,478432,706336,3477,Cúi xuống,Liếc phải,Khó chịu
11:11:17 24/5/2026,Sao nhãng,17,86,47130,14419,446575,527415,3932,Quay phải,Liếc phải,Buồn bã
11:11:18 24/5/2026,Sao nhãng,13,83,68454,12319,768137,543489,1689,Không tìm thấy mặt,Không tìm thấy mắt,Buồn bã
11:11:19 24/5/2026,Sao nhãng,33,94,54715,4723,778099,654188,3341,Quay trái,Liếc trái,Buồn bã
11:11:20 24/5/2026,Sao nhãng,36,95,52458,9738,642257,760811,3813,Quay trái,Liếc trái,Khó chịu
11:11:21 24/5/2026,Sao nhãng,34,83,59208,12740,480814,1214431,4386,Quay trái,Liếc trái,Sợ hãi
11:11:22 24/5/2026,Sao nhãng,32,80,42819,15616,779500,915871,3583,Quay phải,Liếc phải,Buồn bã
11:11:23 24/5/2026,Sao nhãng,37,61,46259,7681,703779,1223746,2739,Quay phải,Liếc xuống,Khó chịu
11:11:24 24/5/2026,Tập trung,21,70,63852,15340,358445,1389518,4099,Nhìn thẳng,Nhìn thẳng,Buồn bã
11:11:25 24/5/2026,Sao nhãng,14,62,41490,8154,739210,753522,5394,Cúi xuống,Liếc phải,Buồn bã
11:11:26 24/5/2026,Sao nhãng,13,64,40070,16503,437151,1251549,4765,Nhìn thẳng,Nhìn thẳng,Bình thường
11:11:27 24/5/2026,Sao nhãng,18,85,58031,13104,602344,841940,4324,Quay phải,Liếc phải,Khó chịu
11:11:28 24/5/2026,Sao nhãng,39,67,36435,15015,236763,879526,3449,Quay phải,Liếc phải,Buồn bã
11:11:29 24/5/2026,Sao nhãng,35,74,58405,6504,283771,598777,3668,Quay phải,Liếc xuống,Buồn bã
11:11:30 24/5/2026,Sao nhãng,33,78,59680,11367,502704,1448082,5332,Quay phải,Liếc phải,Buồn bã
11:11:31 24/5/2026,Sao nhãng,36,66,53007,15517,668610,1297821,2510,Nhìn thẳng,Nhìn thẳng,Khó chịu
11:11:32 24/5/2026,Sao nhãng,16,67,27004,6415,550041,945128,4048,Quay phải,Liếc phải,Bình thường
11:11:33 24/5/2026,Sao nhãng,38,61,64225,7117,646865,1282989,2152,Không tìm thấy mặt,Không tìm thấy mắt,Buồn bã
11:11:34 24/5/2026,Sao nhãng,30,70,51797,14116,529206,1202298,2131,Nhìn thẳng,Nhìn thẳng,Bình thường
11:11:35 24/5/2026,Sao nhãng,18,84,41598,13597,781612,1261771,2300,Quay phải,Liếc phải,Khó chịu
11:11:36 24/5/2026,Sao nhãng,10,69,56543,16260,272147,1486600,2818,Nhìn thẳng,Nhìn thẳng,Buồn bã
11:11:37 24/5/2026,Sao nhãng,26,83,51133,9395,486019,965165,4202,Quay phải,Liếc phải,Khó chịu
11:11:38 24/5/2026,Sao nhãng,28,68,48127,13344,497140,772684,4264,Ngẩng lên,Liếc trái,Bình thường
11:11:39 24/5/2026,Sao nhãng,29,84,44074,17965,769101,731668,1846,Không tìm thấy mặt,Không tìm thấy mắt,Bình thường
11:11:40 24/5/2026,Sao nhãng,16,73,60676,10330,350460,912504,4197,Quay trái,Liếc trái,Buồn bã
11:11:41 24/5/2026,Sao nhãng,13,63,36638,9109,729782,1416243,3975,Nhìn thẳng,Nhìn thẳng,Buồn bã
11:11:42 24/5/2026,Sao nhãng,36,81,69542,12984,546415,1064713,5689,Quay phải,Liếc phải,Khó chịu
11:11:43 24/5/2026,Sao nhãng,22,78,61339,6823,316015,981673,3185,Không tìm thấy mặt,Không tìm thấy mắt,Sợ hãi
11:11:44 24/5/2026,Sao nhãng,24,85,48222,8917,413497,792694,3331,Không tìm thấy mặt,Không tìm thấy mắt,Buồn bã
11:11:45 24/5/2026,Sao nhãng,40,73,46268,5961,294360,1371941,4291,Quay trái,Liếc trái,Buồn bã
11:11:46 24/5/2026,Sao nhãng,32,70,41377,10351,752710,1004734,3326,Quay phải,Liếc phải,Khó chịu
11:11:47 24/5/2026,Sao nhãng,34,93,69129,6328,469299,826638,3045,Không tìm thấy mặt,Không tìm thấy mắt,Buồn bã
11:11:48 24/5/2026,Sao nhãng,28,69,69750,9228,641794,1231986,4341,Quay phải,Liếc phải,Buồn bã
11:11:50 24/5/2026,Sao nhãng,23,83,42924,13964,515741,743745,4457,Quay trái,Liếc lên,Buồn bã
11:11:51 24/5/2026,Sao nhãng,15,66,62422,9868,572806,1492048,1831,Quay trái,Liếc trái,Khó chịu
11:11:52 24/5/2026,Sao nhãng,37,91,50249,7515,505652,528060,2556,Nhìn thẳng,Nhìn thẳng,Buồn bã
11:11:53 24/5/2026,Sao nhãng,35,80,55466,9260,416665,1163795,4160,Quay phải,Liếc phải,Buồn bã
11:11:54 24/5/2026,Sao nhãng,36,78,61061,17554,788647,1449755,1831,Quay phải,Liếc phải,Khó chịu
11:11:55 24/5/2026,Sao nhãng,17,72,42382,14439,482354,972292,3591,Không tìm thấy mặt,Không tìm thấy mắt,Bình thường
11:11:56 24/5/2026,Sao nhãng,35,76,47657,17936,567535,1053644,4346,Quay trái,Liếc trái,Buồn bã
11:11:57 24/5/2026,Sao nhãng,29,66,40030,15539,297231,959336,3338,Quay phải,Liếc xuống,Khó chịu
11:11:58 24/5/2026,Sao nhãng,21,81,47172,11599,495851,767116,5435,Quay phải,Liếc phải,Buồn bã
11:11:59 24/5/2026,Sao nhãng,39,92,50195,14933,315870,1032605,1762,Quay phải,Liếc phải,Buồn bã
11:12:00 24/5/2026,Sao nhãng,16,61,41450,13477,234185,968925,5431,Quay trái,Liếc trái,Khó chịu
11:12:01 24/5/2026,Sao nhãng,32,94,61088,8439,727325,865181,2057,Quay phải,Liếc phải,Buồn bã
11:12:02 24/5/2026,Sao nhãng,16,93,44915,6902,710234,540231,2770,Không tìm thấy mặt,Không tìm thấy mắt,Bình thường
11:12:03 24/5/2026,Sao nhãng,20,87,44021,4962,768784,1063807,3739,Quay trái,Liếc trái,Bình thường
11:12:04 24/5/2026,Sao nhãng,34,84,59435,10984,416611,763938,4159,Nhìn thẳng,Nhìn thẳng,Buồn bã
11:12:05 24/5/2026,Tập trung,34,87,68079,13605,352529,1223451,4513,Nhìn thẳng,Nhìn thẳng,Bình thường
11:12:06 24/5/2026,Sao nhãng,37,70,34772,5988,522284,748153,2411,Nhìn thẳng,Nhìn thẳng,Sợ hãi
11:12:07 24/5/2026,Tập trung,32,88,40242,6880,761104,1229042,2359,Nhìn thẳng,Nhìn thẳng,Khó chịu
11:12:08 24/5/2026,Sao nhãng,38,68,51244,11481,498872,1097583,3422,Nhìn thẳng,Nhìn thẳng,Bình thường
11:12:09 24/5/2026,Sao nhãng,22,83,37124,9492,235561,797670,3828,Quay trái,Liếc trái,Buồn bã
11:12:10 24/5/2026,Sao nhãng,34,81,40572,9510,360806,526533,3559,Cúi xuống,Liếc phải,Khó chịu
11:12:11 24/5/2026,Sao nhãng,15,85,59245,16701,601841,501073,2873,Quay trái,Liếc trái,Buồn bã
11:12:12 24/5/2026,Sao nhãng,18,63,47764,13185,527663,867952,4375,Không tìm thấy mặt,Không tìm thấy mắt,Buồn bã
11:12:13 24/5/2026,Sao nhãng,37,62,62057,9750,710061,1018539,2226,Quay phải,Liếc phải,Khó chịu
11:12:14 24/5/2026,Sao nhãng,36,84,44253,18971,502608,591858,2836,Nhìn thẳng,Nhìn thẳng,Buồn bã
11:12:15 24/5/2026,Sao nhãng,19,74,51775,8332,483799,814600,2952,Không tìm thấy mặt,Không tìm thấy mắt,Khó chịu
11:12:16 24/5/2026,Sao nhãng,32,90,52310,6409,602011,735613,2573,Quay phải,Liếc phải,Buồn bã
11:12:17 24/5/2026,Sao nhãng,28,84,49962,7856,386987,600654,3779,Quay phải,Liếc phải,Buồn bã
11:12:18 24/5/2026,Sao nhãng,13,72,42686,12356,629813,730195,2212,Không tìm thấy mặt,Không tìm thấy mắt,Khó chịu
11:12:21 24/5/2026,Sao nhãng,10,75,57018,13167,389978,1079318,3167,Quay phải,Liếc phải,Buồn bã
11:12:22 24/5/2026,Sao nhãng,19,74,55214,10631,309964,572211,2633,Nhìn thẳng,Nhìn thẳng,Khó chịu
11:12:23 24/5/2026,Sao nhãng,16,79,33760,14488,317123,504930,4671,Cúi xuống,Liếc phải,Buồn bã
11:12:24 24/5/2026,Sao nhãng,29,71,33371,11294,727032,1254231,4302,Quay trái,Liếc trái,Bình thường
11:12:25 24/5/2026,Sao nhãng,14,80,40936,12857,319030,893566,5103,Quay phải,Liếc phải,Sợ hãi
11:12:26 24/5/2026,Sao nhãng,17,72,21091,10921,584683,1005981,3468,Quay trái,Liếc trái,Khó chịu
11:12:27 24/5/2026,Sao nhãng,28,66,50411,14937,300200,1379621,1946,Quay trái,Liếc lên,Buồn bã
11:12:28 24/5/2026,Sao nhãng,27,66,68385,6493,569668,1464720,1557,Quay trái,Liếc trái,Bình thường
11:12:29 24/5/2026,Sao nhãng,37,95,45616,13167,488648,1301604,3497,Nhìn thẳng,Nhìn thẳng,Khó chịu
11:12:30 24/5/2026,Sao nhãng,20,63,61649,13447,703578,1288299,3099,Không tìm thấy mặt,Không tìm thấy mắt,Bình thường
11:12:31 24/5/2026,Sao nhãng,40,69,48745,13502,411702,1173471,3234,Nhìn thẳng,Nhìn thẳng,Buồn bã
11:12:32 24/5/2026,Sao nhãng,25,94,51003,14361,559931,759002,3683,Nhìn thẳng,Nhìn thẳng,Khó chịu
11:12:33 24/5/2026,Sao nhãng,25,66,43294,9404,208347,500954,1733,Quay phải,Liếc phải,Buồn bã
11:12:34 24/5/2026,Sao nhãng,31,87,33800,9036,226542,724883,2258,Quay trái,Liếc trái,Khó chịu
11:12:35 24/5/2026,Sao nhãng,21,95,52379,16157,277841,1117998,1831,Không tìm thấy mặt,Không tìm thấy mắt,Bình thường
11:12:36 24/5/2026,Sao nhãng,15,74,54353,12984,381104,1451903,2180,Quay trái,Liếc trái,Bình thường
11:12:37 24/5/2026,Sao nhãng,40,61,32105,8620,540293,877681,5719,Quay phải,Liếc phải,Bình thường
11:12:38 24/5/2026,Sao nhãng,19,89,66450,12344,395018,1186623,5623,Không tìm thấy mặt,Không tìm thấy mắt,Buồn bã
11:12:39 24/5/2026,Sao nhãng,33,94,55338,10527,728086,572265,3433,Không tìm thấy mặt,Không tìm thấy mắt,Buồn bã
11:12:40 24/5/2026,Sao nhãng,12,78,36807,12011,530802,869891,4961,Nhìn thẳng,Nhìn thẳng,Khó chịu
11:12:41 24/5/2026,Sao nhãng,37,92,54687,6698,670219,1138195,3290,Không tìm thấy mặt,Không tìm thấy mắt,Buồn bã
11:12:43 24/5/2026,Sao nhãng,38,77,46041,3792,331266,1487993,3693,Nhìn thẳng,Nhìn thẳng,Bình thường
11:12:44 24/5/2026,Sao nhãng,26,62,42103,7137,470496,1438869,5592,Không tìm thấy mặt,Không tìm thấy mắt,Khó chịu
11:12:45 24/5/2026,Sao nhãng,17,62,49190,17282,411276,847546,3046,Nhìn thẳng,Nhìn thẳng,Sợ hãi
11:12:46 24/5/2026,Sao nhãng,23,83,55156,16993,576365,1251053,1216,Nhìn thẳng,Nhìn thẳng,Buồn bã
11:12:47 24/5/2026,Sao nhãng,14,61,66291,15640,742173,769701,3633,Quay phải,Liếc phải,Khó chịu
11:12:48 24/5/2026,Sao nhãng,19,78,47430,3905,292244,817587,3052,Không tìm thấy mặt,Không tìm thấy mắt,Buồn bã
11:12:49 24/5/2026,Sao nhãng,36,89,47071,11264,383081,766055,3112,Quay trái,Liếc trái,Buồn bã
11:12:50 24/5/2026,Sao nhãng,34,95,67650,15429,403421,679782,4429,Quay trái,Liếc trái,Buồn bã
11:12:51 24/5/2026,Sao nhãng,26,86,49514,11063,212818,847146,3599,Không tìm thấy mặt,Không tìm thấy mắt,Bình thường
11:12:52 24/5/2026,Sao nhãng,27,92,60620,16457,795535,1282975,3775,Quay phải,Liếc phải,Buồn bã
11:12:53 24/5/2026,Sao nhãng,24,72,57078,3595,466386,1049238,3603,Quay phải,Liếc phải,Khó chịu
11:12:54 24/5/2026,Sao nhãng,39,80,34149,10912,384443,1045075,3095,Quay trái,Liếc trái,Buồn bã
11:12:55 24/5/2026,Sao nhãng,12,79,30158,16884,777966,1094364,3977,Quay phải,Liếc phải,Khó chịu
11:12:56 24/5/2026,Sao nhãng,13,64,59344,16113,269443,570965,2607,Nhìn thẳng,Nhìn thẳng,Buồn bã
11:12:57 24/5/2026,Sao nhãng,24,84,40564,8630,278841,1428330,3405,Quay phải,Liếc phải,Khó chịu
11:12:58 24/5/2026,Sao nhãng,14,62,53516,17347,696626,939619,4051,Quay trái,Liếc trái,Buồn bã
11:12:59 24/5/2026,Sao nhãng,23,66,46873,9022,225140,735493,3415,Không tìm thấy mặt,Không tìm thấy mắt,Buồn bã
11:13:00 24/5/2026,Sao nhãng,23,88,50026,10377,686451,1419383,3453,Quay phải,Liếc phải,Khó chịu
11:13:01 24/5/2026,Sao nhãng,36,90,55285,11861,585588,893319,3727,Quay phải,Liếc phải,Buồn bã
11:13:02 24/5/2026,Sao nhãng,37,80,51780,5336,738671,765836,4578,Không tìm thấy mặt,Không tìm thấy mắt,Buồn bã
11:13:03 24/5/2026,Sao nhãng,12,66,49416,15829,456703,1361304,3235,Quay phải,Liếc phải,Khó chịu
11:13:04 24/5/2026,Sao nhãng,13,95,46719,9279,279742,1345610,2138,Không tìm thấy mặt,Không tìm thấy mắt,Buồn bã
11:13:05 24/5/2026,Sao nhãng,36,66,56013,12344,672929,1333399,2662,Nhìn thẳng,Nhìn thẳng,Sợ hãi
11:13:06 24/5/2026,Sao nhãng,29,82,45492,12843,261293,528052,3738,Không tìm thấy mặt,Không tìm thấy mắt,Buồn bã
11:13:07 24/5/2026,Sao nhãng,40,72,56757,9942,346000,1320856,2636,Không tìm thấy mặt,Không tìm thấy mắt,Buồn bã
11:13:08 24/5/2026,Sao nhãng,23,76,48016,16883,675391,1223583,2407,Ngẩng lên,Liếc lên,Khó chịu
11:13:09 24/5/2026,Sao nhãng,13,95,42489,10115,717243,1298637,2423,Ngẩng lên,Liếc trái,Buồn bã
11:13:10 24/5/2026,Sao nhãng,39,82,67776,8058,303274,522126,1338,Nhìn thẳng,Nhìn thẳng,Buồn bã
11:13:11 24/5/2026,Sao nhãng,15,84,39425,10183,596020,885941,2152,Nhìn thẳng,Nhìn thẳng,Bình thường
11:13:12 24/5/2026,Sao nhãng,12,90,55338,3612,231669,1314371,4198,Không tìm thấy mặt,Không tìm thấy mắt,Buồn bã
11:13:13 24/5/2026,Sao nhãng,21,82,38351,14492,720832,621661,2339,Quay trái,Liếc trái,Khó chịu
11:13:14 24/5/2026,Sao nhãng,34,62,47160,11742,205790,1229104,4870,Nhìn thẳng,Nhìn thẳng,Buồn bã
11:13:15 24/5/2026,Sao nhãng,13,89,27676,19010,247892,700818,4621,Quay phải,Liếc phải,Buồn bã
11:13:16 24/5/2026,Tập trung,36,63,46876,7561,408613,775982,4875,Quay phải,Liếc xuống,Khó chịu
11:13:17 24/5/2026,Sao nhãng,17,89,54193,12288,622447,896309,4346,Ngẩng lên,Liếc lên,Buồn bã
11:13:18 24/5/2026,Sao nhãng,17,90,51583,7420,576885,993488,3389,Không tìm thấy mặt,Không tìm thấy mắt,Buồn bã
11:13:19 24/5/2026,Sao nhãng,13,69,34210,15478,223733,1293056,5554,Quay phải,Liếc phải,Buồn bã
11:13:20 24/5/2026,Sao nhãng,34,95,62144,10991,790118,957712,5078,Không tìm thấy mặt,Không tìm thấy mắt,Khó chịu
11:13:21 24/5/2026,Sao nhãng,15,76,48751,10353,308662,1323329,1618,Quay trái,Liếc trái,Buồn bã
11:13:22 24/5/2026,Sao nhãng,14,68,56300,13416,364958,1179740,4671,Quay trái,Liếc trái,Buồn bã
11:13:23 24/5/2026,Sao nhãng,35,91,62066,13070,341071,1237688,5089,Không tìm thấy mặt,Không tìm thấy mắt,Khó chịu
11:13:24 24/5/2026,Sao nhãng,30,66,29534,12942,672395,1132507,2690,Không tìm thấy mặt,Không tìm thấy mắt,Bình thường
11:13:25 24/5/2026,Sao nhãng,40,89,73205,14513,311446,952473,4352,Quay phải,Liếc phải,Buồn bã
11:13:26 24/5/2026,Sao nhãng,15,83,43221,10921,304744,1118639,1608,Quay trái,Liếc trái,Sợ hãi
11:13:27 24/5/2026,Sao nhãng,24,65,58006,11181,300494,1015253,4108,Nhìn thẳng,Nhìn thẳng,Khó chịu
11:13:29 24/5/2026,Sao nhãng,20,80,36373,6328,234894,1447522,3349,Nhìn thẳng,Nhìn thẳng,Buồn bã
11:13:28 24/5/2026,Sao nhãng,37,89,72554,17598,251664,1268548,2274,Quay trái,Liếc trái,Khó chịu
11:13:31 24/5/2026,Sao nhãng,26,61,39184,11399,706956,1070504,3684,Quay trái,Liếc trái,Buồn bã
11:13:32 24/5/2026,Sao nhãng,13,82,37152,11597,363064,563503,3121,Nhìn thẳng,Nhìn thẳng,Buồn bã
11:13:33 24/5/2026,Sao nhãng,39,77,44519,14227,327599,642020,2921,Nhìn thẳng,Nhìn thẳng,Buồn bã
11:13:34 24/5/2026,Sao nhãng,24,87,48002,16942,502786,1297480,3200,Quay phải,Liếc phải,Buồn bã
11:13:35 24/5/2026,Sao nhãng,22,67,66750,15640,299076,1219293,4491,Quay trái,Liếc trái,Khó chịu
11:13:36 24/5/2026,Sao nhãng,30,89,53564,14076,761545,779146,4989,Quay trái,Liếc trái,Buồn bã
11:13:37 24/5/2026,Sao nhãng,18,75,31035,8978,355263,939569,4087,Quay phải,Liếc xuống,Buồn bã
11:13:38 24/5/2026,Sao nhãng,24,86,67975,9331,679968,534404,5200,Quay phải,Liếc phải,Khó chịu
11:13:39 24/5/2026,Sao nhãng,36,82,33188,15594,666265,1234868,3844,Quay phải,Liếc phải,Buồn bã
11:13:40 24/5/2026,Sao nhãng,35,84,42249,18174,318038,776854,3319,Quay phải,Liếc phải,Bình thường
11:13:41 24/5/2026,Sao nhãng,21,75,43050,3634,766605,848262,3769,Không tìm thấy mặt,Không tìm thấy mắt,Buồn bã
11:13:42 24/5/2026,Sao nhãng,15,91,59699,10661,558958,1014685,2016,Quay phải,Liếc phải,Khó chịu
11:13:43 24/5/2026,Sao nhãng,39,78,44663,8866,321131,956304,3727,Ngẩng lên,Liếc lên,Buồn bã
11:13:44 24/5/2026,Sao nhãng,14,87,54125,13607,778648,1275950,3246,Nhìn thẳng,Nhìn thẳng,Buồn bã
11:13:45 24/5/2026,Sao nhãng,19,81,58089,13736,326178,885127,3379,Quay trái,Liếc trái,Buồn bã
11:13:46 24/5/2026,Sao nhãng,23,82,21479,14976,234348,1238054,1944,Quay phải,Liếc phải,Khó chịu
11:13:47 24/5/2026,Sao nhãng,39,82,31563,11335,571132,1327653,2493,Quay phải,Liếc phải,Buồn bã
11:13:48 24/5/2026,Sao nhãng,31,66,44937,13740,392037,578490,4621,Nhìn thẳng,Nhìn thẳng,Sợ hãi
11:13:49 24/5/2026,Tập trung,19,88,75096,12342,675284,1016110,4307,Nhìn thẳng,Nhìn thẳng,Buồn bã
11:13:50 24/5/2026,Sao nhãng,28,94,50409,11591,533895,1325405,2465,Cúi xuống,Liếc phải,Khó chịu
11:13:51 24/5/2026,Sao nhãng,40,81,26325,18054,347074,590073,2953,Quay phải,Liếc phải,Buồn bã
11:13:52 24/5/2026,Sao nhãng,18,76,54003,13942,546123,712743,3573,Không tìm thấy mặt,Không tìm thấy mắt,Buồn bã
11:13:53 24/5/2026,Tập trung,36,85,43833,9852,758582,831323,2860,Ngẩng lên,Liếc trái,Buồn bã
11:13:54 24/5/2026,Sao nhãng,37,71,40583,14602,752261,512868,3691,Không tìm thấy mặt,Không tìm thấy mắt,Khó chịu
11:13:55 24/5/2026,Sao nhãng,33,79,31933,17200,318052,532120,4872,Không tìm thấy mặt,Không tìm thấy mắt,Buồn bã
11:13:56 24/5/2026,Sao nhãng,39,63,49993,9530,415692,1081757,1431,Nhìn thẳng,Nhìn thẳng,Bình thường
11:13:57 24/5/2026,Sao nhãng,16,66,42244,13547,559665,1283885,3802,Không tìm thấy mặt,Không tìm thấy mắt,Bình thường
11:13:58 24/5/2026,Sao nhãng,23,78,36414,14676,679831,1251212,1727,Quay trái,Liếc lên,Khó chịu
11:13:59 24/5/2026,Sao nhãng,29,77,44114,8417,756686,961564,3808,Quay phải,Liếc phải,Buồn bã
11:14:00 24/5/2026,Sao nhãng,18,73,35432,8190,235057,1064556,4915,Quay phải,Liếc phải,Khó chịu
11:14:01 24/5/2026,Sao nhãng,28,78,42521,11403,612087,1380633,3519,Nhìn thẳng,Nhìn thẳng,Buồn bã
11:14:02 24/5/2026,Sao nhãng,29,83,49993,11810,236250,873005,2428,Nhìn thẳng,Nhìn thẳng,Khó chịu
11:14:03 24/5/2026,Sao nhãng,11,81,29116,12328,245937,1139847,4186,Nhìn thẳng,Nhìn thẳng,Buồn bã
11:14:04 24/5/2026,Sao nhãng,39,93,45482,12533,661183,1064087,3795,Quay phải,Liếc phải,Khó chịu
11:14:05 24/5/2026,Sao nhãng,35,60,33199,10809,747728,746098,4037,Quay phải,Liếc phải,Buồn bã
11:14:06 24/5/2026,Sao nhãng,23,77,44868,10853,688792,898238,2636,Không tìm thấy mặt,Không tìm thấy mắt,Sợ hãi
11:14:07 24/5/2026,Sao nhãng,13,94,54071,8033,376948,1263666,3364,Không tìm thấy mặt,Không tìm thấy mắt,Buồn bã
11:14:08 24/5/2026,Sao nhãng,30,69,33508,15042,395491,1499394,3540,Quay phải,Liếc phải,Khó chịu
11:14:09 24/5/2026,Sao nhãng,26,94,71392,16612,709203,1032586,3222,Quay trái,Liếc trái,Buồn bã
11:14:10 24/5/2026,Sao nhãng,32,81,35021,13379,245609,892946,3837,Quay phải,Liếc phải,Buồn bã
11:14:11 24/5/2026,Sao nhãng,30,68,38011,8106,785895,1016701,1948,Nhìn thẳng,Nhìn thẳng,Bình thường
11:14:12 24/5/2026,Sao nhãng,38,66,53371,18125,458448,1045636,5185,Không tìm thấy mặt,Không tìm thấy mắt,Buồn bã
11:14:13 24/5/2026,Sao nhãng,38,64,47682,12742,786075,504632,4462,Không tìm thấy mặt,Không tìm thấy mắt,Buồn bã
11:14:14 24/5/2026,Sao nhãng,17,84,58947,10696,573099,737271,5459,Cúi xuống,Liếc phải,Buồn bã
11:14:15 24/5/2026,Sao nhãng,22,62,72155,7686,700799,786550,3255,Không tìm thấy mặt,Không tìm thấy mắt,Bình thường
11:14:16 24/5/2026,Sao nhãng,10,61,41944,17308,614186,891005,3056,Quay phải,Liếc phải,Buồn bã
11:14:17 24/5/2026,Sao nhãng,33,61,56636,5778,498233,561262,3770,Không tìm thấy mặt,Không tìm thấy mắt,Khó chịu
11:14:19 24/5/2026,Sao nhãng,35,62,26510,17384,583014,1206761,3239,Quay trái,Liếc trái,Buồn bã
11:14:20 24/5/2026,Sao nhãng,24,91,52320,14758,661552,821514,4527,Nhìn thẳng,Nhìn thẳng,Khó chịu
11:14:28 24/5/2026,Sao nhãng,23,86,59752,15734,576702,710396,4379,Quay phải,Liếc phải,Buồn bã
11:14:29 24/5/2026,Sao nhãng,27,88,53463,8665,674705,1034101,3198,Quay phải,Liếc phải,Khó chịu
11:14:30 24/5/2026,Sao nhãng,34,93,51186,11864,531642,912806,5118,Ngẩng lên,Liếc lên,Buồn bã
11:14:31 24/5/2026,Sao nhãng,23,64,32317,13291,336705,1405650,3868,Nhìn thẳng,Nhìn thẳng,Buồn bã
11:14:32 24/5/2026,Sao nhãng,22,95,47060,15394,242671,1498299,3569,Không tìm thấy mặt,Không tìm thấy mắt,Khó chịu
11:14:33 24/5/2026,Sao nhãng,28,77,53078,9276,415940,539314,3899,Quay phải,Liếc xuống,Buồn bã
11:14:34 24/5/2026,Sao nhãng,33,70,32921,10809,427387,640157,4479,Ngẩng lên,Liếc trái,Buồn bã
11:14:35 24/5/2026,Sao nhãng,39,87,31783,3813,673254,815975,3779,Nhìn thẳng,Nhìn thẳng,Khó chịu
11:14:36 24/5/2026,Sao nhãng,36,71,37461,11478,548933,880388,1268,Nhìn thẳng,Nhìn thẳng,Buồn bã
11:14:37 24/5/2026,Sao nhãng,31,90,55155,12068,221717,1070586,4702,Nhìn thẳng,Nhìn thẳng,Buồn bã
11:14:38 24/5/2026,Sao nhãng,17,71,60628,6711,368496,1144398,2741,Không tìm thấy mặt,Không tìm thấy mắt,Buồn bã
11:14:39 24/5/2026,Sao nhãng,21,71,46814,11106,736408,1238615,1705,Quay trái,Liếc trái,Buồn bã
11:14:40 24/5/2026,Sao nhãng,23,90,51884,5820,723151,1282856,4344,Không tìm thấy mặt,Không tìm thấy mắt,Buồn bã
11:14:41 24/5/2026,Sao nhãng,15,76,39902,12420,743884,1482347,5125,Quay phải,Liếc phải,Sợ hãi
11:14:42 24/5/2026,Sao nhãng,10,79,62588,3793,270145,1163951,3514,Quay trái,Liếc lên,Buồn bã
11:14:43 24/5/2026,Sao nhãng,16,95,40338,14030,409202,1099800,4181,Không tìm thấy mặt,Không tìm thấy mắt,Bình thường
11:14:44 24/5/2026,Sao nhãng,37,89,62871,9759,483997,580437,3850,Không tìm thấy mặt,Không tìm thấy mắt,Khó chịu
11:14:45 24/5/2026,Sao nhãng,18,80,37878,17718,688454,1019897,2318,Quay trái,Liếc trái,Buồn bã
11:14:46 24/5/2026,Tập trung,29,82,38940,12282,547977,1072693,3628,Quay trái,Liếc trái,Khó chịu
11:14:47 24/5/2026,Sao nhãng,32,86,50521,13674,409343,512078,4569,Không tìm thấy mặt,Không tìm thấy mắt,Buồn bã
11:14:48 24/5/2026,Sao nhãng,17,65,28779,6393,458580,616463,1853,Quay phải,Liếc xuống,Khó chịu
11:14:49 24/5/2026,Sao nhãng,35,92,62183,9318,401882,1245532,2767,Quay phải,Liếc phải,Buồn bã
11:14:50 24/5/2026,Sao nhãng,35,78,54300,9188,763748,1110438,4605,Quay trái,Liếc trái,Bình thường
11:14:51 24/5/2026,Sao nhãng,26,79,51840,10185,623968,796308,5464,Quay trái,Liếc trái,Buồn bã
11:14:52 24/5/2026,Sao nhãng,38,69,64383,7285,404090,997748,3638,Nhìn thẳng,Nhìn thẳng,Bình thường
11:14:53 24/5/2026,Sao nhãng,13,75,31400,17472,350625,1406075,3322,Quay trái,Liếc trái,Buồn bã
11:14:54 24/5/2026,Sao nhãng,38,64,67906,6927,241126,931260,2396,Quay trái,Liếc trái,Buồn bã
11:14:55 24/5/2026,Sao nhãng,24,85,52987,18743,527341,972808,2336,Không tìm thấy mặt,Không tìm thấy mắt,Bình thường
11:14:56 24/5/2026,Sao nhãng,22,83,63485,17665,297622,709471,4775,Quay trái,Liếc trái,Khó chịu
11:14:57 24/5/2026,Sao nhãng,33,92,65552,7979,305160,1236081,3390,Không tìm thấy mặt,Không tìm thấy mắt,Buồn bã
11:14:58 24/5/2026,Sao nhãng,28,85,50139,17864,527502,807495,5631,Quay trái,Liếc trái,Buồn bã
11:14:59 24/5/2026,Sao nhãng,33,77,34516,10948,710577,827655,3258,Không tìm thấy mặt,Không tìm thấy mắt,Buồn bã
11:15:00 24/5/2026,Sao nhãng,19,63,52204,9896,345897,1021988,3643,Quay phải,Liếc phải,Khó chịu
11:15:02 24/5/2026,Sao nhãng,18,76,49537,15620,638889,648085,3185,Quay trái,Liếc trái,Bình thường
11:15:03 24/5/2026,Sao nhãng,15,90,48733,14572,751870,802760,3141,Quay trái,Liếc trái,Buồn bã
11:15:04 24/5/2026,Sao nhãng,38,89,69134,15232,475292,1283092,3634,Quay phải,Liếc phải,Khó chịu
11:15:05 24/5/2026,Sao nhãng,10,80,49368,12399,225258,1419656,3713,Quay phải,Liếc phải,Sợ hãi
11:15:06 24/5/2026,Sao nhãng,23,85,51532,12229,208220,686734,2562,Quay trái,Liếc lên,Buồn bã
11:15:07 24/5/2026,Sao nhãng,18,70,41370,16377,718400,833946,3924,Quay phải,Liếc phải,Khó chịu
11:15:08 24/5/2026,Sao nhãng,24,86,37416,8867,462641,1438172,2157,Cúi xuống,Liếc phải,Buồn bã
11:15:09 24/5/2026,Sao nhãng,10,66,46221,14438,337536,788561,4071,Không tìm thấy mặt,Không tìm thấy mắt,Khó chịu
11:15:10 24/5/2026,Sao nhãng,34,83,41015,9751,557880,560550,3206,Quay trái,Liếc trái,Bình thường
11:15:11 24/5/2026,Sao nhãng,10,67,48683,5965,501900,811978,1113,Quay phải,Liếc phải,Bình thường
11:15:12 24/5/2026,Sao nhãng,33,90,42693,9855,309613,934372,3902,Quay trái,Liếc trái,Buồn bã
11:15:13 24/5/2026,Sao nhãng,23,73,36587,15457,334257,881309,2570,Quay phải,Liếc phải,Buồn bã
11:15:14 24/5/2026,Sao nhãng,18,80,57987,13259,571590,1284438,4004,Quay trái,Liếc trái,Khó chịu
11:15:15 24/5/2026,Sao nhãng,15,79,47711,14664,512328,654958,3209,Quay phải,Liếc phải,Buồn bã
11:15:16 24/5/2026,Sao nhãng,22,68,50297,14987,652751,777331,5200,Quay trái,Liếc lên,Buồn bã
11:15:17 24/5/2026,Sao nhãng,34,80,36961,16453,670182,1252816,3987,Quay trái,Liếc trái,Khó chịu
11:15:18 24/5/2026,Tập trung,21,70,52756,13273,498897,502966,3088,Không tìm thấy mặt,Không tìm thấy mắt,Buồn bã
11:15:19 24/5/2026,Sao nhãng,27,60,51801,16358,550221,925465,5138,Quay trái,Liếc trái,Bình thường
11:15:20 24/5/2026,Sao nhãng,10,69,38216,11123,260928,864537,5371,Quay trái,Liếc trái,Buồn bã
11:15:21 24/5/2026,Sao nhãng,27,67,65151,13770,224928,1434056,2953,Quay phải,Liếc phải,Khó chịu
11:15:22 24/5/2026,Sao nhãng,35,92,57274,12277,261142,714722,4102,Không tìm thấy mặt,Không tìm thấy mắt,Buồn bã
11:15:23 24/5/2026,Sao nhãng,33,66,47440,9217,244440,616326,3589,Quay phải,Liếc phải,Buồn bã
11:15:24 24/5/2026,Sao nhãng,33,87,28864,13432,450759,1475901,2372,Nhìn thẳng,Nhìn thẳng,Bình thường
11:15:25 24/5/2026,Sao nhãng,19,74,42704,15611,663162,1445996,1939,Quay trái,Liếc trái,Buồn bã
11:15:26 24/5/2026,Sao nhãng,21,63,54118,8553,763733,714219,5104,Quay trái,Liếc trái,Buồn bã
11:15:27 24/5/2026,Sao nhãng,10,85,61025,13200,558656,536665,1519,Quay phải,Liếc phải,Sợ hãi
11:15:28 24/5/2026,Sao nhãng,14,60,38011,10130,594109,1484070,2648,Quay phải,Liếc phải,Khó chịu
11:15:29 24/5/2026,Sao nhãng,34,66,38681,10720,748855,883275,3778,Quay phải,Liếc phải,Bình thường
11:15:30 24/5/2026,Sao nhãng,25,78,60764,5797,244491,763120,4861,Quay trái,Liếc trái,Buồn bã
11:15:31 24/5/2026,Sao nhãng,38,82,44197,8582,676475,798398,3174,Nhìn thẳng,Nhìn thẳng,Khó chịu
11:15:32 24/5/2026,Sao nhãng,29,83,42348,10228,760839,1357330,3805,Ngẩng lên,Liếc trái,Buồn bã
11:15:33 24/5/2026,Sao nhãng,27,65,38862,13944,270173,1339022,4567,Quay trái,Liếc trái,Khó chịu
11:15:34 24/5/2026,Sao nhãng,11,60,41805,13458,293229,1090709,2878,Không tìm thấy mặt,Không tìm thấy mắt,Buồn bã
11:15:35 24/5/2026,Sao nhãng,18,61,51782,9398,360401,1300954,2330,Quay trái,Liếc trái,Bình thường
11:15:36 24/5/2026,Sao nhãng,26,79,40707,9675,587215,553017,5744,Quay phải,Liếc xuống,Buồn bã
11:15:37 24/5/2026,Sao nhãng,19,73,35436,5933,250226,1000436,1644,Quay phải,Liếc phải,Bình thường
11:15:38 24/5/2026,Sao nhãng,14,75,39155,10795,393657,1363445,3401,Quay phải,Liếc phải,Buồn bã
11:15:39 24/5/2026,Sao nhãng,40,79,36915,15145,404736,1342213,3270,Không tìm thấy mặt,Không tìm thấy mắt,Bình thường
11:15:40 24/5/2026,Sao nhãng,21,90,24348,11384,447956,890807,3703,Nhìn thẳng,Nhìn thẳng,Khó chịu
11:15:41 24/5/2026,Sao nhãng,22,68,75521,9055,668886,694943,3798,Nhìn thẳng,Nhìn thẳng,Buồn bã
11:15:42 24/5/2026,Sao nhãng,18,68,49004,11168,546538,1048524,3067,Quay phải,Liếc phải,Khó chịu
11:15:43 24/5/2026,Sao nhãng,17,60,57876,6211,239970,676418,4933,Quay trái,Liếc trái,Buồn bã
11:15:44 24/5/2026,Sao nhãng,31,77,33913,12686,291461,601078,3332,Quay trái,Liếc trái,Buồn bã
11:15:45 24/5/2026,Sao nhãng,26,88,58361,12017,606867,629236,2344,Nhìn thẳng,Nhìn thẳng,Buồn bã
11:15:46 24/5/2026,Sao nhãng,37,76,53342,9479,748075,1434834,1614,Không tìm thấy mặt,Không tìm thấy mắt,Khó chịu
11:15:48 24/5/2026,Sao nhãng,13,93,52233,12034,707635,1471709,2323,Quay trái,Liếc trái,Buồn bã
11:15:49 24/5/2026,Sao nhãng,10,76,32868,10699,563190,1474366,3670,Quay trái,Liếc trái,Buồn bã
11:15:50 24/5/2026,Sao nhãng,34,84,51708,14268,698029,869621,5252,Ngẩng lên,Liếc trái,Buồn bã
11:15:51 24/5/2026,Sao nhãng,13,70,42760,12834,421700,766703,5536,Cúi xuống,Liếc phải,Sợ hãi
11:15:52 24/5/2026,Sao nhãng,33,89,69837,4512,464892,1032614,3759,Nhìn thẳng,Nhìn thẳng,Khó chịu
11:15:53 24/5/2026,Sao nhãng,33,75,50326,12071,761994,772239,2172,Ngẩng lên,Liếc trái,Buồn bã
11:15:54 24/5/2026,Sao nhãng,12,90,47215,11331,318628,626824,3372,Không tìm thấy mặt,Không tìm thấy mắt,Khó chịu
11:15:55 24/5/2026,Sao nhãng,14,89,76094,12569,590497,639765,3445,Không tìm thấy mặt,Không tìm thấy mắt,Buồn bã
11:15:56 24/5/2026,Sao nhãng,38,61,45471,10648,625576,965331,2909,Quay trái,Liếc trái,Bình thường
11:15:57 24/5/2026,Sao nhãng,10,67,30815,8452,388733,602366,3712,Quay phải,Liếc phải,Khó chịu
11:15:58 24/5/2026,Tập trung,12,80,74214,7883,471216,1297935,3464,Quay trái,Liếc lên,Buồn bã
11:15:59 24/5/2026,Sao nhãng,32,77,38735,15969,371999,703351,3301,Quay phải,Liếc phải,Buồn bã
11:16:00 24/5/2026,Sao nhãng,28,85,37077,6587,585906,994633,3296,Không tìm thấy mặt,Không tìm thấy mắt,Bình thường
11:16:01 24/5/2026,Sao nhãng,34,92,49410,15639,344841,1276859,4155,Nhìn thẳng,Nhìn thẳng,Khó chịu
11:16:02 24/5/2026,Sao nhãng,34,71,53623,11658,371950,862830,3566,Không tìm thấy mặt,Không tìm thấy mắt,Bình thường
11:16:03 24/5/2026,Sao nhãng,17,93,39841,5829,447706,1264750,2462,Quay trái,Liếc trái,Bình thường
11:16:04 24/5/2026,Sao nhãng,37,76,47217,16582,338176,856989,4160,Không tìm thấy mặt,Không tìm thấy mắt,Buồn bã
11:16:05 24/5/2026,Sao nhãng,20,89,61124,10165,317814,609977,4806,Quay trái,Liếc lên,Buồn bã
11:16:06 24/5/2026,Sao nhãng,17,93,61945,9483,542885,1070078,4524,Quay phải,Liếc phải,Khó chịu
11:16:07 24/5/2026,Sao nhãng,17,88,42719,11665,539632,1144132,2965,Nhìn thẳng,Nhìn thẳng,Buồn bã
11:16:08 24/5/2026,Sao nhãng,27,71,55404,15121,438011,901534,1281,Quay trái,Liếc trái,Bình thường
11:16:09 24/5/2026,Sao nhãng,15,94,55195,3965,366937,1431434,2806,Quay phải,Liếc phải,Khó chịu
11:16:10 24/5/2026,Sao nhãng,17,61,45824,4380,407096,1487559,2640,Quay trái,Liếc trái,Bình thường
11:16:11 24/5/2026,Sao nhãng,12,61,33771,15332,726885,809263,1286,Quay phải,Liếc xuống,Sợ hãi
11:16:12 24/5/2026,Sao nhãng,38,74,65335,11022,542747,807223,3011,Nhìn thẳng,Nhìn thẳng,Buồn bã
11:16:13 24/5/2026,Sao nhãng,21,82,43709,18282,470164,1046820,3763,Quay phải,Liếc phải,Buồn bã
11:16:14 24/5/2026,Tập trung,35,80,53497,12465,737706,1188890,4739,Quay trái,Liếc trái,Khó chịu
11:16:15 24/5/2026,Sao nhãng,26,77,29485,2756,250479,787413,4129,Quay phải,Liếc xuống,Buồn bã
11:16:16 24/5/2026,Sao nhãng,23,91,51601,10285,620268,1091470,5437,Quay trái,Liếc trái,Khó chịu
11:16:17 24/5/2026,Sao nhãng,12,94,35964,12485,416771,1307198,3319,Quay trái,Liếc trái,Bình thường
11:16:18 24/5/2026,Sao nhãng,19,72,50750,11659,681027,1019124,3311,Quay trái,Liếc trái,Buồn bã
11:16:19 24/5/2026,Sao nhãng,38,78,51535,14159,722034,1279752,1759,Nhìn thẳng,Nhìn thẳng,Bình thường
11:16:20 24/5/2026,Sao nhãng,40,95,45557,8238,559503,815625,3563,Quay trái,Liếc trái,Khó chịu
11:16:21 24/5/2026,Sao nhãng,24,70,53532,9061,570076,795908,3190,Không tìm thấy mặt,Không tìm thấy mắt,Buồn bã
11:16:22 24/5/2026,Sao nhãng,36,86,38715,9014,464441,1291422,2758,Quay phải,Liếc phải,Buồn bã
11:16:23 24/5/2026,Sao nhãng,28,64,38749,19051,415439,513529,2688,Nhìn thẳng,Nhìn thẳng,Bình thường
11:16:24 24/5/2026,Sao nhãng,11,75,40481,11288,301199,1225060,3067,Nhìn thẳng,Nhìn thẳng,Khó chịu
11:16:25 24/5/2026,Sao nhãng,34,94,23850,12794,753478,888049,4252,Quay trái,Liếc trái,Bình thường
11:16:26 24/5/2026,Tập trung,20,86,33871,2758,539060,506223,4322,Quay phải,Liếc xuống,Buồn bã
11:16:27 24/5/2026,Sao nhãng,23,80,59243,16106,600458,773188,3976,Quay trái,Liếc trái,Buồn bã
11:34:15 24/5/2026,Sao nhãng,32,93,64849,6916,523579,984875,3215,Quay trái,Liếc trái,Buồn bã
11:34:16 24/5/2026,Sao nhãng,26,88,71760,14341,681760,1161996,1698,Nhìn thẳng,Nhìn thẳng,Bình thường
11:34:17 24/5/2026,Sao nhãng,28,67,61257,10237,529442,567768,3256,Nhìn thẳng,Nhìn thẳng,Khó chịu
11:34:18 24/5/2026,Sao nhãng,10,77,25896,9295,689468,712901,3419,Quay phải,Liếc phải,Buồn bã
11:34:19 24/5/2026,Sao nhãng,30,87,67755,8868,572710,1306610,4927,Quay trái,Liếc trái,Bình thường
11:34:20 24/5/2026,Sao nhãng,22,94,52302,18858,525933,1481222,3445,Không tìm thấy mặt,Không tìm thấy mắt,Khó chịu
11:34:21 24/5/2026,Sao nhãng,15,82,59206,6490,256030,1218675,3763,Quay trái,Liếc trái,Sợ hãi
11:34:22 24/5/2026,Sao nhãng,26,89,48875,16399,682296,1369113,2156,Quay trái,Liếc trái,Bình thường
11:34:23 24/5/2026,Sao nhãng,30,73,59437,8593,637572,1302666,3072,Quay trái,Liếc trái,Buồn bã
11:34:24 24/5/2026,Sao nhãng,37,67,25034,6700,294897,1337981,3233,Không tìm thấy mặt,Không tìm thấy mắt,Buồn bã
11:34:25 24/5/2026,Sao nhãng,12,94,48309,7559,233285,1446962,2595,Không tìm thấy mặt,Không tìm thấy mắt,Bình thường
11:34:26 24/5/2026,Sao nhãng,25,89,51382,18717,665427,943855,4926,Quay phải,Liếc phải,Bình thường
11:34:27 24/5/2026,Sao nhãng,21,91,52324,11297,404416,1010303,3938,Không tìm thấy mặt,Không tìm thấy mắt,Khó chịu
11:34:28 24/5/2026,Sao nhãng,31,94,24468,15124,378459,1106835,3297,Nhìn thẳng,Nhìn thẳng,Buồn bã
11:34:29 24/5/2026,Sao nhãng,36,80,46489,13398,429487,772295,3913,Quay trái,Liếc lên,Buồn bã
11:34:30 24/5/2026,Sao nhãng,40,61,37756,7617,226912,523947,4628,Quay phải,Liếc xuống,Buồn bã
11:34:31 24/5/2026,Sao nhãng,36,79,69016,15327,419985,1370662,2799,Quay trái,Liếc trái,Bình thường
11:34:32 24/5/2026,Sao nhãng,28,90,38214,8821,396438,819015,4126,Nhìn thẳng,Nhìn thẳng,Bình thường
11:34:33 24/5/2026,Sao nhãng,12,87,75021,13189,641987,1019428,3473,Quay phải,Liếc phải,Khó chịu
11:34:34 24/5/2026,Sao nhãng,29,71,41144,13127,244380,1396551,3715,Quay trái,Liếc trái,Buồn bã
11:34:35 24/5/2026,Sao nhãng,34,67,33504,14801,341768,668237,3305,Nhìn thẳng,Nhìn thẳng,Khó chịu
11:34:36 24/5/2026,Tập trung,10,89,52862,19304,651944,1170373,3535,Quay trái,Liếc lên,Buồn bã
11:34:37 24/5/2026,Sao nhãng,39,61,31284,9144,722489,785090,2926,Ngẩng lên,Liếc trái,Buồn bã
11:34:38 24/5/2026,Sao nhãng,34,77,43175,7292,726560,756435,3175,Nhìn thẳng,Nhìn thẳng,Bình thường
11:34:39 24/5/2026,Sao nhãng,10,69,39525,12686,470537,520085,2451,Nhìn thẳng,Nhìn thẳng,Buồn bã
11:34:40 24/5/2026,Sao nhãng,23,89,60810,13679,414234,1390230,2345,Quay phải,Liếc phải,Khó chịu
11:34:41 24/5/2026,Sao nhãng,37,72,47603,9716,549899,569897,4692,Quay trái,Liếc trái,Buồn bã
11:34:42 24/5/2026,Sao nhãng,19,77,27863,10645,302288,921873,4020,Không tìm thấy mặt,Không tìm thấy mắt,Khó chịu
11:34:43 24/5/2026,Sao nhãng,23,62,55896,18025,634670,1102145,3829,Quay trái,Liếc trái,Buồn bã
11:34:44 24/5/2026,Sao nhãng,35,61,35452,8286,371860,1068608,4761,Không tìm thấy mặt,Không tìm thấy mắt,Buồn bã
11:34:45 24/5/2026,Sao nhãng,37,93,60050,9294,706021,511802,4533,Nhìn thẳng,Nhìn thẳng,Bình thường
11:34:46 24/5/2026,Sao nhãng,24,83,64093,8991,650251,574496,3394,Quay phải,Liếc xuống,Buồn bã
11:34:47 24/5/2026,Sao nhãng,18,60,74115,11515,475132,1412763,2808,Quay phải,Liếc phải,Sợ hãi
11:34:48 24/5/2026,Sao nhãng,31,69,58077,15014,567729,632721,3034,Nhìn thẳng,Nhìn thẳng,Khó chịu
11:34:50 24/5/2026,Tập trung,40,89,42215,16041,569399,536541,4785,Quay phải,Liếc xuống,Bình thường
11:34:51 24/5/2026,Sao nhãng,27,95,29746,8672,319914,604079,4232,Không tìm thấy mặt,Không tìm thấy mắt,Buồn bã
11:34:52 24/5/2026,Sao nhãng,28,88,42917,16485,359054,547053,1995,Quay trái,Liếc trái,Buồn bã
11:34:53 24/5/2026,Sao nhãng,34,70,51472,12762,317205,1271725,2991,Quay trái,Liếc trái,Khó chịu
11:34:54 24/5/2026,Sao nhãng,14,81,53245,3856,523900,1230389,3728,Nhìn thẳng,Nhìn thẳng,Buồn bã
11:34:55 24/5/2026,Sao nhãng,10,90,62488,4554,536374,968678,2640,Nhìn thẳng,Nhìn thẳng,Bình thường
11:34:56 24/5/2026,Sao nhãng,28,64,52026,10015,422139,631093,2925,Ngẩng lên,Liếc trái,Khó chịu
11:34:57 24/5/2026,Sao nhãng,20,91,57499,9633,216612,602428,3556,Quay trái,Liếc trái,Bình thường
11:34:58 24/5/2026,Sao nhãng,30,77,62663,11324,559496,957010,3615,Quay phải,Liếc phải,Buồn bã
11:34:59 24/5/2026,Sao nhãng,28,60,48456,14450,457133,791806,3243,Nhìn thẳng,Nhìn thẳng,Khó chịu
11:35:00 24/5/2026,Sao nhãng,28,87,60193,4174,720112,1313529,1601,Nhìn thẳng,Nhìn thẳng,Bình thường
11:35:01 24/5/2026,Sao nhãng,20,89,55309,10914,444273,852185,3441,Nhìn thẳng,Nhìn thẳng,Buồn bã
11:35:02 24/5/2026,Sao nhãng,14,85,37037,4689,713496,1201315,4815,Quay trái,Liếc trái,Buồn bã
11:35:03 24/5/2026,Sao nhãng,23,64,60914,9589,568098,1282455,3597,Nhìn thẳng,Nhìn thẳng,Buồn bã
11:35:04 24/5/2026,Sao nhãng,23,62,45859,11153,276005,935808,4118,Quay trái,Liếc trái,Buồn bã
11:35:05 24/5/2026,Sao nhãng,22,88,53849,16449,545224,1227521,2992,Quay phải,Liếc phải,Buồn bã
11:35:06 24/5/2026,Sao nhãng,29,62,73509,10634,662777,1354989,3346,Quay trái,Liếc lên,Khó chịu
11:35:07 24/5/2026,Sao nhãng,28,80,60451,15280,690692,856021,3920,Quay trái,Liếc trái,Buồn bã
11:35:08 24/5/2026,Sao nhãng,23,65,56621,10999,301690,1180357,4320,Quay trái,Liếc trái,Khó chịu
11:35:09 24/5/2026,Sao nhãng,13,72,23614,10659,606918,1275115,2853,Không tìm thấy mặt,Không tìm thấy mắt,Buồn bã
11:35:10 24/5/2026,Sao nhãng,31,93,59743,15115,751296,734156,3049,Không tìm thấy mặt,Không tìm thấy mắt,Sợ hãi
11:35:11 24/5/2026,Sao nhãng,18,60,54486,14735,607568,1186315,3133,Không tìm thấy mặt,Không tìm thấy mắt,Buồn bã
11:35:12 24/5/2026,Sao nhãng,14,83,53097,11865,597969,1029510,4210,Không tìm thấy mặt,Không tìm thấy mắt,Khó chịu
11:35:13 24/5/2026,Sao nhãng,20,91,44173,15027,263378,846754,3679,Nhìn thẳng,Nhìn thẳng,Buồn bã
11:35:14 24/5/2026,Sao nhãng,11,69,37827,12568,395648,573092,4427,Cúi xuống,Liếc phải,Buồn bã
11:35:15 24/5/2026,Sao nhãng,38,60,53626,16128,513586,1359562,3040,Quay trái,Liếc trái,Khó chịu
11:35:16 24/5/2026,Sao nhãng,16,79,54814,6983,370655,1044838,1612,Quay trái,Liếc trái,Buồn bã
11:35:17 24/5/2026,Sao nhãng,23,94,45696,10379,567447,999834,2035,Quay phải,Liếc phải,Khó chịu
11:35:18 24/5/2026,Sao nhãng,32,70,54762,5083,437524,648054,5093,Không tìm thấy mặt,Không tìm thấy mắt,Buồn bã
11:35:19 24/5/2026,Sao nhãng,19,90,41351,8991,258066,1313906,3599,Quay trái,Liếc trái,Khó chịu
11:35:20 24/5/2026,Sao nhãng,15,79,24680,8178,245433,538814,3860,Quay trái,Liếc trái,Buồn bã
11:35:21 24/5/2026,Sao nhãng,37,87,56565,8075,731690,1265398,4080,Không tìm thấy mặt,Không tìm thấy mắt,Khó chịu
11:35:22 24/5/2026,Sao nhãng,21,64,47562,15439,542530,989526,2275,Không tìm thấy mặt,Không tìm thấy mắt,Buồn bã
11:35:23 24/5/2026,Sao nhãng,25,89,58534,7939,640754,1022663,3123,Không tìm thấy mặt,Không tìm thấy mắt,Bình thường
11:35:24 24/5/2026,Sao nhãng,16,64,61862,4452,516583,1315266,2269,Không tìm thấy mặt,Không tìm thấy mắt,Buồn bã
11:35:25 24/5/2026,Sao nhãng,22,74,45032,10241,540934,951465,4522,Quay phải,Liếc phải,Khó chịu
11:35:26 24/5/2026,Sao nhãng,11,64,51879,10654,370595,945720,1945,Quay trái,Liếc trái,Buồn bã
11:35:27 24/5/2026,Sao nhãng,13,91,58198,13384,275850,649681,3983,Quay phải,Liếc phải,Khó chịu
11:35:28 24/5/2026,Sao nhãng,30,61,35183,4152,250682,944782,2798,Không tìm thấy mặt,Không tìm thấy mắt,Buồn bã
11:35:29 24/5/2026,Sao nhãng,38,81,73982,9933,788036,690733,3507,Quay trái,Liếc trái,Khó chịu
11:35:30 24/5/2026,Sao nhãng,34,92,49882,5836,540973,1366958,5651,Quay trái,Liếc lên,Buồn bã
11:35:31 24/5/2026,Sao nhãng,24,69,51622,10960,745201,1150691,3387,Quay phải,Liếc phải,Bình thường
11:35:32 24/5/2026,Sao nhãng,37,64,44530,15780,536240,1307978,1776,Nhìn thẳng,Nhìn thẳng,Buồn bã
11:35:33 24/5/2026,Sao nhãng,28,79,26616,11265,546715,568801,3460,Ngẩng lên,Liếc trái,Khó chịu
11:35:34 24/5/2026,Sao nhãng,14,91,32725,10176,523114,1407855,1871,Quay phải,Liếc phải,Buồn bã
11:35:35 24/5/2026,Sao nhãng,36,71,39910,5620,346009,873973,4218,Quay trái,Liếc trái,Khó chịu
11:35:36 24/5/2026,Sao nhãng,28,91,44134,12090,462219,732198,1318,Quay phải,Liếc phải,Buồn bã
11:35:37 24/5/2026,Sao nhãng,39,64,55393,2606,487039,1051039,3101,Quay trái,Liếc lên,Buồn bã
11:35:38 24/5/2026,Sao nhãng,20,65,55558,8551,539157,819212,2438,Không tìm thấy mặt,Không tìm thấy mắt,Khó chịu
11:35:39 24/5/2026,Sao nhãng,14,76,62426,10413,468249,966488,3946,Quay phải,Liếc xuống,Buồn bã
11:35:40 24/5/2026,Sao nhãng,25,79,23757,11265,359953,754094,4575,Không tìm thấy mặt,Không tìm thấy mắt,Khó chịu
11:35:42 24/5/2026,Sao nhãng,24,82,59802,11479,287997,672816,2400,Quay trái,Liếc trái,Bình thường
11:35:43 24/5/2026,Sao nhãng,25,73,46992,12680,574796,512248,2531,Quay trái,Liếc trái,Buồn bã
11:35:44 24/5/2026,Sao nhãng,29,80,34696,5699,704925,808845,2557,Quay trái,Liếc trái,Khó chịu
11:35:45 24/5/2026,Sao nhãng,26,74,46411,15933,358895,1200960,2080,Quay trái,Liếc trái,Buồn bã
11:35:46 24/5/2026,Sao nhãng,22,87,47646,10392,554622,1357862,5005,Nhìn thẳng,Nhìn thẳng,Buồn bã
11:35:47 24/5/2026,Sao nhãng,14,71,34552,13828,481733,1088579,4565,Quay phải,Liếc xuống,Khó chịu
11:35:48 24/5/2026,Sao nhãng,34,76,64008,10823,767025,1390997,3679,Nhìn thẳng,Nhìn thẳng,Buồn bã
11:35:49 24/5/2026,Sao nhãng,33,67,52529,12983,286235,870719,4655,Quay phải,Liếc phải,Buồn bã
11:35:50 24/5/2026,Sao nhãng,37,94,58632,16421,346308,912775,4462,Không tìm thấy mặt,Không tìm thấy mắt,Khó chịu
11:35:51 24/5/2026,Sao nhãng,20,85,52504,16110,559875,1424687,2902,Ngẩng lên,Liếc trái,Buồn bã
11:35:52 24/5/2026,Tập trung,29,65,58172,7741,524953,1357241,3631,Ngẩng lên,Liếc trái,Bình thường
11:35:53 24/5/2026,Sao nhãng,25,81,50315,15218,595488,1476407,2755,Quay trái,Liếc trái,Buồn bã
11:35:54 24/5/2026,Sao nhãng,35,74,43305,15145,501028,1149447,3283,Không tìm thấy mặt,Không tìm thấy mắt,Bình thường
11:35:55 24/5/2026,Sao nhãng,18,69,46154,10134,715722,508895,4588,Ngẩng lên,Liếc trái,Khó chịu
11:35:56 24/5/2026,Sao nhãng,28,92,54299,10634,254555,1223272,4004,Quay phải,Liếc phải,Buồn bã
11:35:57 24/5/2026,Sao nhãng,33,61,69803,12015,532505,730546,3994,Quay phải,Liếc phải,Khó chịu
11:35:58 24/5/2026,Sao nhãng,12,60,28742,8758,732639,1304660,2648,Nhìn thẳng,Nhìn thẳng,Buồn bã
11:35:59 24/5/2026,Sao nhãng,12,87,37592,11690,226973,709141,3652,Quay trái,Liếc trái,Buồn bã
11:36:00 24/5/2026,Sao nhãng,29,91,39427,9328,213900,824476,2496,Không tìm thấy mặt,Không tìm thấy mắt,Khó chịu
11:36:01 24/5/2026,Sao nhãng,30,70,56819,4383,418337,1322916,3506,Không tìm thấy mặt,Không tìm thấy mắt,Buồn bã
11:36:02 24/5/2026,Sao nhãng,17,88,60973,16566,722079,588113,2422,Không tìm thấy mặt,Không tìm thấy mắt,Buồn bã
11:36:03 24/5/2026,Sao nhãng,22,62,35714,13465,375043,615149,3308,Không tìm thấy mặt,Không tìm thấy mắt,Buồn bã
11:36:04 24/5/2026,Sao nhãng,13,78,32774,10984,234808,1035013,5298,Quay trái,Liếc lên,Buồn bã
11:36:05 24/5/2026,Sao nhãng,40,77,54460,13619,438579,1007033,2367,Quay trái,Liếc trái,Khó chịu
11:36:06 24/5/2026,Sao nhãng,34,81,39720,11012,214639,1076192,3274,Cúi xuống,Liếc phải,Buồn bã
11:36:07 24/5/2026,Sao nhãng,38,95,68583,8746,304373,972267,3899,Quay trái,Liếc trái,Khó chịu
11:36:08 24/5/2026,Sao nhãng,23,71,57504,14391,313214,589416,4266,Quay phải,Liếc phải,Bình thường
11:36:09 24/5/2026,Sao nhãng,11,80,44702,4440,664353,961106,3626,Quay phải,Liếc phải,Khó chịu
11:36:10 24/5/2026,Sao nhãng,13,81,62024,4898,236963,1212888,5107,Không tìm thấy mặt,Không tìm thấy mắt,Bình thường
11:36:11 24/5/2026,Sao nhãng,26,82,40081,9408,248273,926739,2031,Nhìn thẳng,Nhìn thẳng,Buồn bã
11:36:12 24/5/2026,Sao nhãng,18,72,67758,17188,725343,926317,4543,Quay phải,Liếc phải,Buồn bã
11:36:13 24/5/2026,Sao nhãng,35,75,59381,7813,668702,1059923,3925,Quay phải,Liếc phải,Khó chịu
11:37:17 24/5/2026,Sao nhãng,37,74,32784,9255,779357,1429515,3937,Quay phải,Liếc phải,Bình thường
11:37:18 24/5/2026,Sao nhãng,20,85,54320,6128,564810,911444,3374,Nhìn thẳng,Nhìn thẳng,Buồn bã
11:37:19 24/5/2026,Sao nhãng,11,80,60561,7758,402718,1305433,2842,Quay trái,Liếc trái,Khó chịu
11:37:20 24/5/2026,Sao nhãng,13,75,43566,17148,739808,1193607,2679,Không tìm thấy mặt,Không tìm thấy mắt,Buồn bã
11:37:21 24/5/2026,Sao nhãng,26,73,57695,11714,432197,1246414,3621,Không tìm thấy mặt,Không tìm thấy mắt,Khó chịu
11:37:22 24/5/2026,Sao nhãng,40,91,41783,6769,548980,1408882,4011,Nhìn thẳng,Nhìn thẳng,Buồn bã
11:37:23 24/5/2026,Sao nhãng,16,80,45431,8558,597851,520772,3369,Nhìn thẳng,Nhìn thẳng,Khó chịu
11:37:24 24/5/2026,Sao nhãng,20,74,64261,14629,331608,1403404,3331,Quay phải,Liếc phải,Buồn bã
11:37:25 24/5/2026,Sao nhãng,40,87,40547,9240,735250,1468958,3073,Không tìm thấy mặt,Không tìm thấy mắt,Khó chịu
11:37:26 24/5/2026,Sao nhãng,23,68,23851,8550,776427,1233248,2220,Nhìn thẳng,Nhìn thẳng,Bình thường
11:37:27 24/5/2026,Sao nhãng,29,79,42433,15085,246776,535068,3071,Nhìn thẳng,Nhìn thẳng,Buồn bã
11:37:28 24/5/2026,Sao nhãng,39,72,60835,11000,735837,1350645,1645,Quay phải,Liếc phải,Buồn bã
11:37:29 24/5/2026,Sao nhãng,14,90,43269,9051,266149,951520,4318,Ngẩng lên,Liếc trái,Buồn bã
11:37:30 24/5/2026,Sao nhãng,22,76,47952,8831,224499,913958,3071,Quay phải,Liếc phải,Buồn bã
11:37:32 24/5/2026,Sao nhãng,21,92,41138,10320,784635,596936,5212,Không tìm thấy mặt,Không tìm thấy mắt,Khó chịu
11:37:33 24/5/2026,Sao nhãng,17,75,46888,14821,286332,640235,1846,Không tìm thấy mặt,Không tìm thấy mắt,Khó chịu
11:37:34 24/5/2026,Sao nhãng,19,94,52466,11630,591471,994562,2059,Không tìm thấy mặt,Không tìm thấy mắt,Buồn bã
11:37:35 24/5/2026,Sao nhãng,15,68,48715,5878,535622,838835,3955,Không tìm thấy mặt,Không tìm thấy mắt,Khó chịu
11:37:36 24/5/2026,Sao nhãng,12,78,48219,12536,494973,774956,2985,Cúi xuống,Liếc phải,Bình thường
11:37:37 24/5/2026,Sao nhãng,19,61,67127,9518,427089,1047441,3336,Quay phải,Liếc xuống,Buồn bã
11:37:38 24/5/2026,Sao nhãng,25,77,60457,5408,678254,1402846,3646,Quay phải,Liếc phải,Khó chịu
11:37:39 24/5/2026,Sao nhãng,28,66,42424,14280,708829,938407,2963,Quay phải,Liếc phải,Bình thường
11:37:40 24/5/2026,Sao nhãng,26,63,38375,12360,421044,856251,5512,Quay phải,Liếc phải,Buồn bã
11:37:41 24/5/2026,Sao nhãng,37,71,39683,14370,282128,522204,4332,Quay trái,Liếc trái,Khó chịu
11:37:42 24/5/2026,Sao nhãng,38,67,48581,12410,694181,1400355,1789,Không tìm thấy mặt,Không tìm thấy mắt,Buồn bã
11:37:43 24/5/2026,Sao nhãng,32,93,61883,9480,720065,1004736,3975,Không tìm thấy mặt,Không tìm thấy mắt,Buồn bã
11:37:44 24/5/2026,Sao nhãng,28,74,57868,10686,464793,529717,2504,Quay phải,Liếc phải,Khó chịu
11:37:45 24/5/2026,Sao nhãng,23,63,72970,5905,372760,1251339,2998,Quay trái,Liếc lên,Buồn bã
11:37:46 24/5/2026,Sao nhãng,31,67,24631,9640,553255,648954,3113,Quay trái,Liếc trái,Khó chịu
11:37:47 24/5/2026,Sao nhãng,24,85,51240,11336,536051,1169626,1095,Quay trái,Liếc trái,Buồn bã
11:37:48 24/5/2026,Sao nhãng,38,93,41931,11309,725925,511418,3902,Quay phải,Liếc phải,Bình thường
11:37:49 24/5/2026,Sao nhãng,20,95,41549,8758,396419,973191,1951,Quay phải,Liếc phải,Khó chịu
11:37:50 24/5/2026,Tập trung,23,70,29788,10803,633907,1261423,4582,Cúi xuống,Liếc xuống,Khó chịu
11:37:51 24/5/2026,Sao nhãng,33,84,31506,4177,375097,1141260,3634,Quay trái,Liếc trái,Buồn bã
11:37:52 24/5/2026,Sao nhãng,36,84,58521,10239,440606,953381,4499,Quay phải,Liếc phải,Bình thường
11:37:53 24/5/2026,Tập trung,16,70,37937,12028,524867,598602,2974,Quay phải,Liếc phải,Khó chịu
11:37:54 24/5/2026,Sao nhãng,35,76,49021,3911,676154,1263375,1981,Nhìn thẳng,Nhìn thẳng,Buồn bã
11:37:55 24/5/2026,Sao nhãng,11,60,46709,15789,243438,977979,4884,Nhìn thẳng,Nhìn thẳng,Buồn bã
11:37:56 24/5/2026,Sao nhãng,29,84,63487,16277,297286,1459946,1955,Không tìm thấy mặt,Không tìm thấy mắt,Khó chịu
11:37:57 24/5/2026,Sao nhãng,16,61,53421,10653,697796,746452,4083,Nhìn thẳng,Nhìn thẳng,Buồn bã
11:37:58 24/5/2026,Sao nhãng,19,86,29243,8974,433796,568706,2808,Quay phải,Liếc phải,Bình thường
11:37:59 24/5/2026,Sao nhãng,31,74,38758,7820,395869,1384550,3960,Quay trái,Liếc trái,Buồn bã
11:38:00 24/5/2026,Sao nhãng,11,63,63553,18591,543107,1491989,2349,Quay phải,Liếc phải,Bình thường
11:38:01 24/5/2026,Sao nhãng,30,87,65478,9102,602539,1242304,2683,Quay trái,Liếc trái,Buồn bã
11:38:02 24/5/2026,Sao nhãng,12,71,74591,6091,241140,519577,4008,Quay trái,Liếc trái,Buồn bã
11:38:03 24/5/2026,Sao nhãng,35,63,75273,9856,264258,1319690,3139,Quay phải,Liếc phải,Buồn bã
11:38:04 24/5/2026,Sao nhãng,15,63,68438,9480,750801,881717,5031,Quay phải,Liếc phải,Buồn bã
11:38:05 24/5/2026,Sao nhãng,27,74,64150,11192,231536,708433,2675,Quay phải,Liếc phải,Bình thường
11:38:06 24/5/2026,Sao nhãng,29,68,52992,10530,575298,639487,2964,Quay phải,Liếc phải,Khó chịu
11:38:07 24/5/2026,Sao nhãng,26,68,33288,10193,504787,1217496,4628,Quay trái,Liếc trái,Buồn bã
11:38:08 24/5/2026,Sao nhãng,32,86,50125,5704,226543,929602,3541,Nhìn thẳng,Nhìn thẳng,Khó chịu
11:38:09 24/5/2026,Sao nhãng,34,93,35528,11894,573553,697584,2202,Quay trái,Liếc trái,Buồn bã
11:38:10 24/5/2026,Sao nhãng,12,72,61511,10283,326223,623126,1507,Nhìn thẳng,Nhìn thẳng,Khó chịu
11:38:11 24/5/2026,Sao nhãng,37,79,60713,7917,682137,761370,1531,Quay phải,Liếc phải,Khó chịu
11:38:12 24/5/2026,Sao nhãng,14,69,34676,4543,518552,1408645,4507,Không tìm thấy mặt,Không tìm thấy mắt,Buồn bã
11:38:13 24/5/2026,Sao nhãng,17,76,50365,11820,634310,1331134,4751,Nhìn thẳng,Nhìn thẳng,Khó chịu
11:38:14 24/5/2026,Sao nhãng,35,67,51428,11111,214425,1117739,2837,Quay phải,Liếc phải,Buồn bã
11:38:15 24/5/2026,Sao nhãng,22,73,48500,6962,759091,1356115,4028,Quay trái,Liếc trái,Khó chịu
11:38:16 24/5/2026,Sao nhãng,14,79,40892,16860,413195,955614,1991,Quay phải,Liếc phải,Buồn bã
11:38:17 24/5/2026,Sao nhãng,38,72,36991,6716,680453,514001,3851,Không tìm thấy mặt,Không tìm thấy mắt,Bình thường
11:38:19 24/5/2026,Sao nhãng,30,72,51010,8784,512226,1066991,3883,Quay trái,Liếc trái,Buồn bã
11:38:20 24/5/2026,Sao nhãng,14,76,61918,11283,353628,766567,4436,Nhìn thẳng,Nhìn thẳng,Buồn bã
11:38:21 24/5/2026,Sao nhãng,14,80,48397,12500,658529,754762,2314,Nhìn thẳng,Nhìn thẳng,Buồn bã
11:38:22 24/5/2026,Sao nhãng,12,95,41939,7730,764411,702603,3783,Quay trái,Liếc trái,Khó chịu
11:38:23 24/5/2026,Tập trung,36,68,49973,19048,675762,1410206,4974,Ngẩng lên,Liếc lên,Buồn bã
11:38:24 24/5/2026,Sao nhãng,34,64,45362,7086,364259,1161520,4733,Không tìm thấy mặt,Không tìm thấy mắt,Khó chịu
11:38:25 24/5/2026,Tập trung,20,66,47359,13572,645186,1099053,5163,Nhìn thẳng,Nhìn thẳng,Buồn bã
11:38:26 24/5/2026,Sao nhãng,34,70,57791,14952,397031,679078,1925,Quay phải,Liếc phải,Khó chịu
11:38:27 24/5/2026,Sao nhãng,33,79,73159,7233,647102,1221560,4267,Không tìm thấy mặt,Không tìm thấy mắt,Buồn bã
11:38:28 24/5/2026,Sao nhãng,26,87,60901,13436,398664,632918,3140,Nhìn thẳng,Nhìn thẳng,Bình thường
11:38:29 24/5/2026,Sao nhãng,25,90,58404,14383,233525,620933,3511,Quay phải,Liếc phải,Khó chịu
11:38:30 24/5/2026,Sao nhãng,32,89,55090,12107,609755,529204,4549,Không tìm thấy mặt,Không tìm thấy mắt,Khó chịu
11:38:31 24/5/2026,Sao nhãng,14,94,50975,10101,414020,1196521,3031,Quay trái,Liếc trái,Buồn bã
11:38:32 24/5/2026,Tập trung,22,73,38830,15311,306199,578396,2303,Nhìn thẳng,Nhìn thẳng,Khó chịu
11:38:33 24/5/2026,Sao nhãng,15,77,62357,10414,597673,1424286,2341,Nhìn thẳng,Nhìn thẳng,Buồn bã
11:38:34 24/5/2026,Sao nhãng,26,75,42623,12904,242518,1126015,5197,Quay phải,Liếc phải,Khó chịu
11:38:35 24/5/2026,Sao nhãng,29,81,49983,13697,705801,615654,3813,Không tìm thấy mặt,Không tìm thấy mắt,Buồn bã
11:38:36 24/5/2026,Sao nhãng,12,79,52838,18319,430518,964575,3587,Quay phải,Liếc phải,Khó chịu
11:38:37 24/5/2026,Sao nhãng,39,62,73889,10014,744148,591631,2735,Quay phải,Liếc phải,Buồn bã
11:38:38 24/5/2026,Sao nhãng,15,77,47035,11568,601705,1248011,1406,Quay trái,Liếc trái,Bình thường
11:38:39 24/5/2026,Sao nhãng,38,76,33606,12768,772912,533332,4071,Quay phải,Liếc phải,Khó chịu
11:38:40 24/5/2026,Sao nhãng,22,83,37024,9651,245195,1330232,4294,Quay trái,Liếc trái,Buồn bã
11:38:41 24/5/2026,Sao nhãng,35,83,71149,18525,727305,762582,2317,Quay phải,Liếc phải,Khó chịu
11:38:42 24/5/2026,Sao nhãng,35,93,63373,11443,443771,1190523,4858,Nhìn thẳng,Nhìn thẳng,Buồn bã
11:38:43 24/5/2026,Sao nhãng,23,63,67173,15252,317502,1324329,3912,Không tìm thấy mặt,Không tìm thấy mắt,Buồn bã
11:38:44 24/5/2026,Sao nhãng,38,79,42006,14878,425276,1230168,5507,Quay trái,Liếc trái,Bình thường
11:38:45 24/5/2026,Sao nhãng,33,76,54789,11665,386392,579127,1984,Không tìm thấy mặt,Không tìm thấy mắt,Khó chịu
11:38:46 24/5/2026,Sao nhãng,26,64,65730,16542,289364,1141007,3842,Nhìn thẳng,Nhìn thẳng,Khó chịu
11:38:47 24/5/2026,Sao nhãng,17,74,38530,13205,250844,743216,1943,Quay trái,Liếc trái,Buồn bã
11:38:48 24/5/2026,Sao nhãng,26,82,48089,14775,521031,1239257,3422,Ngẩng lên,Liếc trái,Buồn bã
11:38:49 24/5/2026,Sao nhãng,38,68,64298,6167,262310,723221,2844,Quay trái,Liếc trái,Bình thường
11:38:50 24/5/2026,Sao nhãng,18,90,61246,6997,379324,567341,4820,Quay phải,Liếc phải,Khó chịu
11:38:51 24/5/2026,Sao nhãng,38,95,38534,11070,252760,900772,2515,Quay phải,Liếc phải,Buồn bã
11:38:52 24/5/2026,Tập trung,37,75,48626,9889,316234,1318302,2003,Nhìn thẳng,Nhìn thẳng,Bình thường
11:38:53 24/5/2026,Sao nhãng,29,93,53356,6319,653588,719397,2458,Quay trái,Liếc trái,Khó chịu
11:38:54 24/5/2026,Sao nhãng,24,90,52811,18915,744355,1056757,3522,Quay phải,Liếc phải,Buồn bã
11:38:55 24/5/2026,Sao nhãng,39,61,54680,6124,464047,1179181,4578,Quay phải,Liếc phải,Khó chịu
11:38:56 24/5/2026,Sao nhãng,21,75,63260,18469,744148,1035281,5871,Quay trái,Liếc trái,Buồn bã
11:38:57 24/5/2026,Sao nhãng,17,76,51967,13375,757840,929643,4834,Không tìm thấy mặt,Không tìm thấy mắt,Bình thường
11:38:59 24/5/2026,Sao nhãng,17,92,34453,15640,251246,1252046,1832,Quay trái,Liếc trái,Buồn bã
11:39:00 24/5/2026,Sao nhãng,31,82,39448,13337,448047,1318487,1750,Quay phải,Liếc phải,Khó chịu
11:39:01 24/5/2026,Sao nhãng,15,76,37607,14396,550509,1365584,3080,Quay trái,Liếc trái,Buồn bã
11:39:02 24/5/2026,Tập trung,32,75,52411,16096,638840,671167,4985,Ngẩng lên,Liếc lên,Buồn bã
11:39:03 24/5/2026,Sao nhãng,34,80,40849,14336,759687,636672,2889,Quay phải,Liếc phải,Khó chịu
11:39:04 24/5/2026,Sao nhãng,29,61,39230,12938,352025,697789,4360,Quay trái,Liếc trái,Buồn bã
11:39:05 24/5/2026,Sao nhãng,29,89,47178,5987,625510,965238,4453,Nhìn thẳng,Nhìn thẳng,Khó chịu
11:39:06 24/5/2026,Sao nhãng,32,60,64344,11498,384460,611942,4548,Nhìn thẳng,Nhìn thẳng,Buồn bã
11:39:07 24/5/2026,Sao nhãng,35,90,58748,4761,287147,590920,1963,Không tìm thấy mặt,Không tìm thấy mắt,Bình thường
11:39:08 24/5/2026,Sao nhãng,32,63,49517,6411,364973,862929,3710,Ngẩng lên,Liếc trái,Bình thường
11:39:09 24/5/2026,Sao nhãng,18,78,55377,16076,440492,1409635,3139,Quay phải,Liếc phải,Khó chịu
11:39:10 24/5/2026,Sao nhãng,31,93,58115,9146,316777,1373082,5290,Quay trái,Liếc trái,Buồn bã
11:39:11 24/5/2026,Sao nhãng,19,76,49145,7649,784168,528513,3705,Quay trái,Liếc trái,Khó chịu
11:39:12 24/5/2026,Sao nhãng,33,76,63327,14087,645161,716577,1850,Quay phải,Liếc phải,Bình thường
11:39:13 24/5/2026,Tập trung,30,73,40484,14015,650594,1160950,3084,Quay phải,Liếc xuống,Buồn bã
11:39:14 24/5/2026,Sao nhãng,10,89,46122,5920,766754,1252718,3381,Quay phải,Liếc phải,Khó chịu
11:39:15 24/5/2026,Sao nhãng,30,64,79096,9088,724306,1029221,3181,Nhìn thẳng,Nhìn thẳng,Bình thường
11:39:16 24/5/2026,Sao nhãng,26,83,62872,10295,390429,732348,4843,Quay phải,Liếc phải,Bình thường
11:39:19 24/5/2026,Sao nhãng,11,64,28237,9795,474359,1093310,2812,Nhìn thẳng,Nhìn thẳng,Buồn bã
11:39:20 24/5/2026,Sao nhãng,34,94,38893,11429,379373,845319,3339,Quay phải,Liếc phải,Buồn bã
11:39:21 24/5/2026,Sao nhãng,14,83,38254,4106,698214,838158,3626,Quay trái,Liếc trái,Khó chịu
11:39:22 24/5/2026,Sao nhãng,28,74,45551,8019,792010,1490262,4910,Nhìn thẳng,Nhìn thẳng,Buồn bã
11:39:23 24/5/2026,Sao nhãng,26,87,33856,14137,470948,660466,5796,Quay trái,Liếc trái,Buồn bã
11:39:24 24/5/2026,Sao nhãng,21,72,73684,14060,799257,1339999,5496,Không tìm thấy mặt,Không tìm thấy mắt,Khó chịu
11:39:25 24/5/2026,Sao nhãng,34,74,46985,7632,373918,1116879,5072,Quay phải,Liếc phải,Buồn bã
11:39:26 24/5/2026,Sao nhãng,30,79,38245,4760,566895,718045,3821,Nhìn thẳng,Nhìn thẳng,Buồn bã
11:39:27 24/5/2026,Sao nhãng,28,65,47175,9677,721072,641766,5254,Quay phải,Liếc phải,Bình thường
11:39:28 24/5/2026,Sao nhãng,18,77,69350,10947,565400,798099,2938,Không tìm thấy mặt,Không tìm thấy mắt,Bình thường
11:39:29 24/5/2026,Sao nhãng,32,60,71746,11149,736629,1132085,4948,Cúi xuống,Liếc phải,Khó chịu
11:39:30 24/5/2026,Sao nhãng,13,76,43165,10604,754505,863569,4881,Quay phải,Liếc phải,Khó chịu
11:39:31 24/5/2026,Sao nhãng,34,87,72108,12976,532698,500820,4364,Quay phải,Liếc phải,Buồn bã
11:39:32 24/5/2026,Sao nhãng,35,64,48276,9843,306834,820054,3175,Quay trái,Liếc trái,Buồn bã
11:39:33 24/5/2026,Sao nhãng,26,62,48201,12764,503619,1171748,4189,Không tìm thấy mặt,Không tìm thấy mắt,Bình thường
11:39:34 24/5/2026,Sao nhãng,27,75,58636,10890,674103,946055,2182,Quay trái,Liếc trái,Khó chịu
11:39:35 24/5/2026,Sao nhãng,22,76,37816,12415,719946,647322,1862,Quay trái,Liếc trái,Buồn bã
11:39:36 24/5/2026,Sao nhãng,14,83,48569,7980,332868,1239791,3946,Nhìn thẳng,Nhìn thẳng,Buồn bã
11:39:37 24/5/2026,Sao nhãng,26,62,45540,9165,528226,1428931,3250,Quay trái,Liếc trái,Buồn bã
11:39:38 24/5/2026,Sao nhãng,23,93,52525,13001,248184,790005,4183,Quay trái,Liếc trái,Khó chịu
11:39:39 24/5/2026,Sao nhãng,15,85,62297,3539,561313,1326157,3205,Không tìm thấy mặt,Không tìm thấy mắt,Bình thường
11:39:40 24/5/2026,Sao nhãng,30,83,73633,6392,549377,1040136,4078,Không tìm thấy mặt,Không tìm thấy mắt,Buồn bã
11:39:41 24/5/2026,Sao nhãng,11,75,60230,5285,441570,1105346,3995,Quay trái,Liếc trái,Buồn bã
11:39:42 24/5/2026,Sao nhãng,31,78,35241,12256,541102,949292,4230,Không tìm thấy mặt,Không tìm thấy mắt,Khó chịu
11:39:43 24/5/2026,Sao nhãng,36,88,35380,17658,216674,1259568,5826,Quay trái,Liếc trái,Buồn bã
11:39:44 24/5/2026,Sao nhãng,38,69,50376,11003,673119,918468,2718,Nhìn thẳng,Nhìn thẳng,Buồn bã
11:39:46 24/5/2026,Sao nhãng,36,83,53254,15058,603968,561981,3790,Quay trái,Liếc lên,Buồn bã
11:39:47 24/5/2026,Sao nhãng,40,76,50288,8724,445445,1315277,4920,Quay phải,Liếc phải,Khó chịu
11:39:48 24/5/2026,Sao nhãng,32,62,37053,11418,539430,1152837,4093,Quay phải,Liếc phải,Buồn bã
11:39:49 24/5/2026,Sao nhãng,20,75,47514,16732,594022,1183864,5469,Quay phải,Liếc phải,Khó chịu
11:39:50 24/5/2026,Sao nhãng,14,72,24830,8700,269927,1308589,2308,Quay trái,Liếc trái,Buồn bã
11:39:51 24/5/2026,Sao nhãng,18,90,49000,7678,725006,684002,2603,Quay phải,Liếc phải,Bình thường
11:39:52 24/5/2026,Sao nhãng,14,92,70611,17860,730029,1067802,3242,Nhìn thẳng,Nhìn thẳng,Bình thường
11:39:53 24/5/2026,Sao nhãng,29,64,47911,9637,415682,829008,4248,Không tìm thấy mặt,Không tìm thấy mắt,Bình thường
11:39:54 24/5/2026,Tập trung,10,95,55756,18455,670048,961881,4342,Cúi xuống,Liếc phải,Buồn bã
11:39:55 24/5/2026,Sao nhãng,36,94,51788,13536,536077,1116090,5033,Quay trái,Liếc trái,Khó chịu
11:39:56 24/5/2026,Sao nhãng,33,81,43377,8311,498577,1117673,4884,Quay phải,Liếc phải,Khó chịu
11:39:57 24/5/2026,Sao nhãng,24,69,46741,17397,752611,993965,4688,Quay phải,Liếc phải,Buồn bã
11:39:58 24/5/2026,Sao nhãng,20,70,73590,6129,292763,847004,1698,Không tìm thấy mặt,Không tìm thấy mắt,Khó chịu
11:39:59 24/5/2026,Sao nhãng,17,93,35047,7408,328319,596091,3533,Quay phải,Liếc phải,Buồn bã
11:40:00 24/5/2026,Sao nhãng,21,91,49442,15436,565779,542671,2842,Nhìn thẳng,Nhìn thẳng,Khó chịu
11:40:01 24/5/2026,Sao nhãng,10,68,41445,7639,639560,1460995,4510,Quay phải,Liếc phải,Buồn bã
11:40:02 24/5/2026,Sao nhãng,28,93,44965,5305,637263,1278235,2593,Quay trái,Liếc trái,Buồn bã
11:40:03 24/5/2026,Sao nhãng,39,75,55713,7771,681559,1126568,2370,Quay phải,Liếc phải,Bình thường
11:40:04 24/5/2026,Tập trung,19,91,69205,11614,595818,1358700,3006,Quay trái,Liếc lên,Khó chịu
11:40:05 24/5/2026,Sao nhãng,30,68,47513,11919,273844,667406,4733,Nhìn thẳng,Nhìn thẳng,Buồn bã
11:40:06 24/5/2026,Tập trung,24,75,25059,9731,505279,1225196,3673,Không tìm thấy mặt,Không tìm thấy mắt,Buồn bã
11:40:07 24/5/2026,Sao nhãng,27,65,48749,8415,574582,880027,3418,Nhìn thẳng,Nhìn thẳng,Buồn bã
11:40:08 24/5/2026,Sao nhãng,36,74,39891,5215,360032,1130484,3415,Nhìn thẳng,Nhìn thẳng,Khó chịu
11:40:09 24/5/2026,Sao nhãng,10,91,31534,16667,542180,1382401,3509,Không tìm thấy mặt,Không tìm thấy mắt,Buồn bã
11:40:10 24/5/2026,Sao nhãng,32,71,58366,7861,499237,1446328,4153,Nhìn thẳng,Nhìn thẳng,Buồn bã
11:40:11 24/5/2026,Sao nhãng,40,94,51112,16362,646236,1425252,2962,Quay trái,Liếc trái,Buồn bã
11:40:12 24/5/2026,Sao nhãng,25,70,34395,18013,388703,672334,2736,Không tìm thấy mặt,Không tìm thấy mắt,Khó chịu
11:40:13 24/5/2026,Sao nhãng,22,91,22943,8120,655229,1350547,2873,Quay trái,Liếc trái,Buồn bã
11:40:14 24/5/2026,Sao nhãng,26,70,51794,12869,459849,624025,2447,Quay trái,Liếc trái,Bình thường
11:40:15 24/5/2026,Sao nhãng,24,89,53187,5527,473623,1086718,3887,Quay trái,Liếc trái,Khó chịu
11:40:16 24/5/2026,Sao nhãng,16,91,44888,9309,439247,1266904,2360,Không tìm thấy mặt,Không tìm thấy mắt,Buồn bã
11:40:17 24/5/2026,Sao nhãng,24,78,69503,8706,625624,1460085,4593,Nhìn thẳng,Nhìn thẳng,Buồn bã
11:40:18 24/5/2026,Sao nhãng,22,91,43017,6852,495583,1297846,4822,Quay phải,Liếc phải,Bình thường
11:40:19 24/5/2026,Sao nhãng,23,74,58698,8643,564174,1312031,2941,Quay phải,Liếc phải,Khó chịu
11:40:20 24/5/2026,Sao nhãng,31,72,70350,11827,435105,1416187,4044,Không tìm thấy mặt,Không tìm thấy mắt,Bình thường
11:40:21 24/5/2026,Sao nhãng,25,84,31572,8710,618659,1108770,2085,Quay trái,Liếc trái,Buồn bã
11:40:22 24/5/2026,Sao nhãng,36,60,38936,6327,581713,1426207,5181,Quay phải,Liếc phải,Buồn bã
11:40:23 24/5/2026,Sao nhãng,40,75,49895,12962,598676,920754,4436,Nhìn thẳng,Nhìn thẳng,Buồn bã
11:40:24 24/5/2026,Sao nhãng,14,64,70241,7280,291029,1319971,3369,Quay phải,Liếc phải,Khó chịu
11:40:25 24/5/2026,Sao nhãng,32,74,64924,13942,779184,1019306,5752,Quay phải,Liếc phải,Buồn bã
11:40:26 24/5/2026,Sao nhãng,31,88,30786,14329,413231,1404048,4803,Nhìn thẳng,Nhìn thẳng,Bình thường
11:40:27 24/5/2026,Sao nhãng,13,73,43196,11006,732959,933896,3294,Nhìn thẳng,Nhìn thẳng,Khó chịu
11:40:28 24/5/2026,Sao nhãng,19,75,48796,4133,387560,1081778,1735,Quay phải,Liếc phải,Bình thường
11:40:29 24/5/2026,Tập trung,35,77,65049,13670,392967,1278708,3314,Nhìn thẳng,Nhìn thẳng,Bình thường
11:40:30 24/5/2026,Sao nhãng,21,85,38876,6420,624411,1086051,2246,Quay trái,Liếc trái,Buồn bã
11:40:31 24/5/2026,Sao nhãng,21,65,53185,9936,522365,916708,4134,Quay trái,Liếc trái,Bình thường
11:40:32 24/5/2026,Sao nhãng,31,76,53183,14322,796324,1235779,4967,Ngẩng lên,Liếc trái,Bình thường
11:40:33 24/5/2026,Sao nhãng,40,89,64952,11511,672189,1144847,2425,Không tìm thấy mặt,Không tìm thấy mắt,Buồn bã
11:40:34 24/5/2026,Sao nhãng,19,84,51638,11098,767275,1056694,3152,Quay trái,Liếc trái,Khó chịu
11:40:35 24/5/2026,Sao nhãng,11,69,61381,17873,520889,1124542,3966,Quay phải,Liếc phải,Buồn bã
11:40:36 24/5/2026,Sao nhãng,37,84,33180,7200,730362,1212438,1553,Không tìm thấy mặt,Không tìm thấy mắt,Bình thường
11:40:37 24/5/2026,Sao nhãng,16,77,60513,5700,563568,553103,1862,Quay trái,Liếc trái,Khó chịu
11:40:38 24/5/2026,Sao nhãng,35,67,43687,14749,456365,1264941,3960,Không tìm thấy mặt,Không tìm thấy mắt,Buồn bã
11:40:39 24/5/2026,Sao nhãng,28,75,32818,11495,228340,713753,4294,Không tìm thấy mặt,Không tìm thấy mắt,Buồn bã
11:40:40 24/5/2026,Sao nhãng,25,83,38946,10071,286990,1190338,3790,Không tìm thấy mặt,Không tìm thấy mắt,Khó chịu
11:40:41 24/5/2026,Sao nhãng,28,65,42376,17955,467697,863313,3567,Không tìm thấy mặt,Không tìm thấy mắt,Buồn bã
11:40:42 24/5/2026,Sao nhãng,11,61,59862,8513,618852,651556,3110,Quay trái,Liếc trái,Khó chịu
11:40:44 24/5/2026,Sao nhãng,21,73,45704,11942,372098,1469131,2197,Không tìm thấy mặt,Không tìm thấy mắt,Buồn bã
11:40:45 24/5/2026,Sao nhãng,39,66,71373,16965,230183,1065296,4785,Nhìn thẳng,Nhìn thẳng,Khó chịu
11:40:46 24/5/2026,Sao nhãng,23,88,69245,7922,390923,770321,4901,Quay phải,Liếc phải,Buồn bã
11:40:47 24/5/2026,Sao nhãng,21,92,52354,14173,214449,512322,1381,Quay phải,Liếc phải,Buồn bã
11:40:48 24/5/2026,Sao nhãng,24,85,62236,6425,502661,557112,3739,Nhìn thẳng,Nhìn thẳng,Buồn bã
11:40:49 24/5/2026,Sao nhãng,27,63,66939,11568,665567,1212836,4349,Nhìn thẳng,Nhìn thẳng,Khó chịu
11:40:50 24/5/2026,Sao nhãng,28,60,65246,8797,240154,513927,2666,Quay phải,Liếc phải,Bình thường
11:40:51 24/5/2026,Sao nhãng,29,66,57448,8705,719929,1235223,4212,Quay phải,Liếc phải,Buồn bã
11:40:52 24/5/2026,Sao nhãng,29,77,52464,12895,363209,1237999,3242,Quay phải,Liếc phải,Bình thường
11:40:53 24/5/2026,Sao nhãng,34,67,40714,6314,213541,570773,3320,Nhìn thẳng,Nhìn thẳng,Buồn bã
11:40:54 24/5/2026,Sao nhãng,18,67,48788,5837,476845,1105119,5224,Nhìn thẳng,Nhìn thẳng,Buồn bã
11:40:55 24/5/2026,Sao nhãng,18,73,46942,12891,787414,1181643,3515,Cúi xuống,Liếc phải,Khó chịu
11:40:56 24/5/2026,Sao nhãng,28,84,48365,12898,496590,1206834,2063,Nhìn thẳng,Nhìn thẳng,Buồn bã
11:40:57 24/5/2026,Sao nhãng,16,91,58526,5141,307978,956299,3216,Quay trái,Liếc trái,Buồn bã
11:40:58 24/5/2026,Sao nhãng,13,90,27647,15695,642474,625491,3802,Nhìn thẳng,Nhìn thẳng,Khó chịu
11:40:59 24/5/2026,Sao nhãng,15,63,25348,14227,550814,1183125,5738,Nhìn thẳng,Nhìn thẳng,Buồn bã
11:41:00 24/5/2026,Sao nhãng,33,86,30268,7069,320978,1495599,3560,Quay phải,Liếc phải,Buồn bã
11:41:01 24/5/2026,Sao nhãng,37,60,72748,10597,400017,1486870,2995,Quay trái,Liếc trái,Buồn bã
11:41:02 24/5/2026,Sao nhãng,26,60,61968,15464,340188,1335197,4059,Nhìn thẳng,Nhìn thẳng,Khó chịu
11:41:03 24/5/2026,Sao nhãng,30,92,52803,16123,684150,1232442,3257,Không tìm thấy mặt,Không tìm thấy mắt,Buồn bã
11:41:04 24/5/2026,Sao nhãng,26,70,62397,14671,421554,875730,4257,Quay phải,Liếc phải,Buồn bã
11:41:05 24/5/2026,Sao nhãng,34,86,30977,11549,712505,905333,2469,Nhìn thẳng,Nhìn thẳng,Khó chịu
11:41:06 24/5/2026,Sao nhãng,40,86,50699,6738,361787,1380647,3502,Quay trái,Liếc trái,Bình thường
11:41:07 24/5/2026,Sao nhãng,17,66,32416,12816,233421,753881,3390,Nhìn thẳng,Nhìn thẳng,Bình thường
11:41:08 24/5/2026,Sao nhãng,20,68,56171,12984,250796,1445123,2476,Nhìn thẳng,Nhìn thẳng,Buồn bã
11:41:09 24/5/2026,Sao nhãng,33,81,55844,16594,398089,1140560,3581,Quay phải,Liếc phải,Buồn bã
11:41:10 24/5/2026,Sao nhãng,28,62,30176,11543,524632,1431582,3251,Quay phải,Liếc phải,Khó chịu
11:41:11 24/5/2026,Sao nhãng,20,78,44370,14461,353370,547985,1969,Quay phải,Liếc phải,Khó chịu
11:41:12 24/5/2026,Sao nhãng,40,90,63929,3601,584942,836535,3622,Nhìn thẳng,Nhìn thẳng,Buồn bã
11:41:13 24/5/2026,Sao nhãng,31,76,50830,10334,477395,1397089,1882,Không tìm thấy mặt,Không tìm thấy mắt,Khó chịu
11:41:14 24/5/2026,Sao nhãng,17,92,33105,16461,287118,1034729,2909,Quay phải,Liếc phải,Buồn bã
11:41:15 24/5/2026,Sao nhãng,24,63,43347,8371,242594,1147994,3949,Nhìn thẳng,Nhìn thẳng,Khó chịu
11:41:16 24/5/2026,Sao nhãng,24,65,24251,9416,484750,1260987,3707,Nhìn thẳng,Nhìn thẳng,Buồn bã
11:41:17 24/5/2026,Sao nhãng,34,67,57056,13230,283437,968285,1843,Nhìn thẳng,Nhìn thẳng,Buồn bã
11:41:18 24/5/2026,Sao nhãng,20,60,42995,9740,620683,1381091,3161,Nhìn thẳng,Nhìn thẳng,Khó chịu
11:43:59 24/5/2026,Sao nhãng,35,89,33258,12662,253701,722942,1901,Quay trái,Liếc trái,Buồn bã
11:44:00 24/5/2026,Sao nhãng,38,84,34426,14283,766812,659881,3806,Nhìn thẳng,Nhìn thẳng,Khó chịu
11:44:01 24/5/2026,Sao nhãng,38,63,45289,9612,644505,1444578,2849,Quay trái,Liếc trái,Bình thường
11:44:02 24/5/2026,Sao nhãng,16,92,67266,13573,260434,1201321,4323,Quay trái,Liếc trái,Buồn bã
11:44:03 24/5/2026,Sao nhãng,28,84,33988,12777,358713,876498,3730,Quay trái,Liếc trái,Buồn bã
11:44:04 24/5/2026,Sao nhãng,23,92,55004,7225,630953,1137549,2891,Không tìm thấy mặt,Không tìm thấy mắt,Bình thường
11:44:05 24/5/2026,Sao nhãng,28,82,53916,10885,457069,528803,1909,Quay trái,Liếc trái,Buồn bã
11:44:06 24/5/2026,Tập trung,34,78,65060,10980,344717,1486063,5739,Ngẩng lên,Liếc trái,Buồn bã
11:44:07 24/5/2026,Sao nhãng,39,80,55842,5977,517181,580389,3328,Quay trái,Liếc trái,Khó chịu
11:44:08 24/5/2026,Sao nhãng,37,64,38718,11662,574385,1429668,3341,Quay phải,Liếc phải,Khó chịu
11:44:09 24/5/2026,Sao nhãng,16,89,53858,15451,502748,1398441,2712,Nhìn thẳng,Nhìn thẳng,Buồn bã
11:44:10 24/5/2026,Sao nhãng,24,65,51783,4334,355569,1233158,3548,Quay trái,Liếc trái,Bình thường
11:44:12 24/5/2026,Sao nhãng,38,75,68263,2909,770017,941325,2333,Quay phải,Liếc phải,Buồn bã
11:44:13 24/5/2026,Sao nhãng,20,75,45328,17178,549683,1372493,3729,Quay phải,Liếc phải,Khó chịu
11:44:14 24/5/2026,Tập trung,27,93,52163,14189,700749,831810,3304,Không tìm thấy mặt,Không tìm thấy mắt,Buồn bã
11:44:15 24/5/2026,Sao nhãng,15,81,50112,11493,234083,742393,4064,Ngẩng lên,Liếc trái,Bình thường
11:44:16 24/5/2026,Sao nhãng,33,72,51081,12851,764746,754434,5120,Quay phải,Liếc phải,Bình thường
11:44:17 24/5/2026,Sao nhãng,26,65,38832,4817,278935,1249183,2462,Quay phải,Liếc phải,Buồn bã
11:44:18 24/5/2026,Sao nhãng,30,65,54801,12013,423259,965323,4056,Quay trái,Liếc trái,Khó chịu
11:44:19 24/5/2026,Sao nhãng,29,83,38158,10334,573671,667333,2804,Nhìn thẳng,Nhìn thẳng,Buồn bã
11:44:20 24/5/2026,Sao nhãng,25,60,56526,13909,289322,919535,3181,Quay trái,Liếc trái,Buồn bã
11:44:21 24/5/2026,Tập trung,33,66,45751,15221,406205,1400894,2887,Cúi xuống,Liếc phải,Khó chịu
11:44:22 24/5/2026,Sao nhãng,27,90,54281,7002,339823,1302765,4082,Cúi xuống,Liếc phải,Buồn bã
11:44:23 24/5/2026,Sao nhãng,38,72,57523,16296,787770,781737,2265,Quay trái,Liếc trái,Buồn bã
11:44:24 24/5/2026,Sao nhãng,16,79,55414,11823,482291,1111393,3199,Quay phải,Liếc phải,Buồn bã
11:44:25 24/5/2026,Sao nhãng,29,83,51953,7048,762236,1385586,2732,Nhìn thẳng,Nhìn thẳng,Khó chịu
11:44:26 24/5/2026,Sao nhãng,22,60,39286,2491,408128,902051,2459,Quay trái,Liếc trái,Buồn bã
11:44:27 24/5/2026,Tập trung,31,84,48115,10105,378620,988762,2454,Không tìm thấy mặt,Không tìm thấy mắt,Khó chịu
11:44:28 24/5/2026,Sao nhãng,19,63,40602,13957,796684,785931,2733,Không tìm thấy mặt,Không tìm thấy mắt,Buồn bã
11:44:29 24/5/2026,Sao nhãng,28,77,51296,8485,673754,1435935,4595,Nhìn thẳng,Nhìn thẳng,Khó chịu
11:44:30 24/5/2026,Sao nhãng,31,75,56454,12212,359973,745742,5138,Quay phải,Liếc xuống,Khó chịu
11:44:31 24/5/2026,Sao nhãng,29,63,56175,13195,576389,994532,2125,Nhìn thẳng,Nhìn thẳng,Bình thường
11:44:32 24/5/2026,Sao nhãng,24,72,49001,13852,709017,659821,5208,Quay phải,Liếc phải,Buồn bã
11:44:33 24/5/2026,Sao nhãng,36,70,43281,8640,693606,1302488,3288,Quay trái,Liếc trái,Khó chịu
11:44:34 24/5/2026,Sao nhãng,14,63,45535,11492,710411,667877,3322,Không tìm thấy mặt,Không tìm thấy mắt,Buồn bã
11:44:35 24/5/2026,Sao nhãng,18,80,24753,18202,502772,788139,3197,Không tìm thấy mặt,Không tìm thấy mắt,Buồn bã
11:44:36 24/5/2026,Sao nhãng,35,95,76251,11448,475086,1055061,3759,Không tìm thấy mặt,Không tìm thấy mắt,Buồn bã
11:44:37 24/5/2026,Sao nhãng,20,64,60879,5640,727536,1004309,3151,Quay trái,Liếc trái,Buồn bã
11:44:38 24/5/2026,Sao nhãng,16,69,61311,15286,441224,1448290,4226,Quay trái,Liếc trái,Buồn bã
11:44:39 24/5/2026,Sao nhãng,23,68,43723,9959,329345,667722,2357,Nhìn thẳng,Nhìn thẳng,Khó chịu
11:44:40 24/5/2026,Sao nhãng,23,86,43545,17889,534142,1157448,2548,Quay trái,Liếc trái,Buồn bã
11:44:41 24/5/2026,Sao nhãng,11,80,23552,13503,496612,650449,3663,Nhìn thẳng,Nhìn thẳng,Bình thường
11:44:42 24/5/2026,Sao nhãng,40,61,43027,8776,675891,1287556,3902,Nhìn thẳng,Nhìn thẳng,Khó chịu
11:44:43 24/5/2026,Sao nhãng,31,78,65398,4720,626163,1366927,3304,Ngẩng lên,Liếc trái,Buồn bã
11:44:44 24/5/2026,Sao nhãng,39,67,52963,16746,447699,1222531,4984,Quay trái,Liếc trái,Buồn bã
11:44:45 24/5/2026,Sao nhãng,36,69,64153,12404,397700,791780,5088,Nhìn thẳng,Nhìn thẳng,Bình thường
11:44:46 24/5/2026,Sao nhãng,36,78,69421,5817,667280,1377913,4394,Quay trái,Liếc trái,Khó chịu
11:44:47 24/5/2026,Sao nhãng,26,87,50676,14341,615861,986760,3800,Quay trái,Liếc trái,Bình thường
11:44:48 24/5/2026,Sao nhãng,10,65,56383,11770,302140,940747,4033,Không tìm thấy mặt,Không tìm thấy mắt,Buồn bã
11:44:49 24/5/2026,Sao nhãng,17,61,54001,12952,200076,731503,3263,Nhìn thẳng,Nhìn thẳng,Khó chịu
11:44:51 24/5/2026,Sao nhãng,18,62,54814,7615,209442,1241626,3607,Quay phải,Liếc phải,Buồn bã
11:44:52 24/5/2026,Sao nhãng,19,80,62006,8425,225321,1284463,3244,Quay trái,Liếc trái,Buồn bã
11:44:53 24/5/2026,Sao nhãng,16,92,49545,16800,480791,1415726,3630,Cúi xuống,Liếc phải,Khó chịu
11:44:54 24/5/2026,Tập trung,35,70,50375,16709,371554,929758,1853,Không tìm thấy mặt,Không tìm thấy mắt,Buồn bã
11:44:55 24/5/2026,Sao nhãng,25,89,61566,14571,363315,1446825,4714,Quay phải,Liếc phải,Khó chịu
11:44:56 24/5/2026,Sao nhãng,20,75,42574,6318,733000,591493,3992,Không tìm thấy mặt,Không tìm thấy mắt,Buồn bã
11:44:57 24/5/2026,Sao nhãng,10,92,46709,13301,543703,1173895,3881,Không tìm thấy mặt,Không tìm thấy mắt,Buồn bã
11:44:58 24/5/2026,Sao nhãng,27,95,62337,13208,627047,615221,3846,Quay phải,Liếc phải,Khó chịu
11:44:59 24/5/2026,Sao nhãng,35,86,37201,15788,717824,925694,2987,Quay trái,Liếc trái,Buồn bã
11:45:00 24/5/2026,Sao nhãng,26,62,68604,15021,645316,734795,1640,Nhìn thẳng,Nhìn thẳng,Bình thường
11:45:01 24/5/2026,Sao nhãng,13,78,53761,2905,592714,1347562,3045,Quay phải,Liếc xuống,Khó chịu
11:45:02 24/5/2026,Sao nhãng,10,71,51459,8821,410277,641757,4145,Quay phải,Liếc phải,Buồn bã
11:45:03 24/5/2026,Sao nhãng,19,69,71061,8959,357180,1205215,5512,Quay phải,Liếc phải,Buồn bã
11:45:04 24/5/2026,Sao nhãng,16,60,47853,12463,256855,1089361,3314,Nhìn thẳng,Nhìn thẳng,Bình thường
11:45:05 24/5/2026,Sao nhãng,16,76,52942,6021,382092,1459478,4779,Không tìm thấy mặt,Không tìm thấy mắt,Khó chịu
11:45:06 24/5/2026,Sao nhãng,16,90,63136,7399,528494,567017,3422,Quay trái,Liếc trái,Buồn bã
11:45:07 24/5/2026,Sao nhãng,29,66,51585,8409,290525,1261080,2649,Không tìm thấy mặt,Không tìm thấy mắt,Buồn bã
11:45:08 24/5/2026,Sao nhãng,32,76,41772,13941,266627,1349605,2856,Quay trái,Liếc trái,Buồn bã
11:45:09 24/5/2026,Sao nhãng,23,80,50931,10966,331509,557184,3500,Không tìm thấy mặt,Không tìm thấy mắt,Buồn bã
11:45:10 24/5/2026,Sao nhãng,15,95,65207,5796,212304,587791,1742,Quay trái,Liếc trái,Khó chịu
11:45:11 24/5/2026,Sao nhãng,33,61,47194,4467,339019,902797,4249,Quay phải,Liếc phải,Bình thường
11:45:12 24/5/2026,Sao nhãng,14,90,46819,16173,261606,1385228,3333,Quay phải,Liếc phải,Bình thường
11:45:13 24/5/2026,Sao nhãng,13,78,48739,11484,555812,1029151,2492,Quay phải,Liếc phải,Buồn bã
11:45:14 24/5/2026,Sao nhãng,39,81,60560,8881,343621,873676,3018,Cúi xuống,Liếc phải,Bình thường
11:45:15 24/5/2026,Sao nhãng,21,72,61518,2520,231390,1137836,4521,Quay phải,Liếc phải,Bình thường
11:45:16 24/5/2026,Sao nhãng,27,89,49168,16247,352454,1366664,4362,Quay trái,Liếc lên,Buồn bã
11:45:17 24/5/2026,Sao nhãng,30,86,28813,4394,633437,1185744,3025,Quay trái,Liếc trái,Buồn bã
11:45:18 24/5/2026,Sao nhãng,22,92,67872,6189,776465,1149292,4276,Quay trái,Liếc lên,Buồn bã
11:45:19 24/5/2026,Sao nhãng,27,77,56913,9889,665103,1068615,2731,Quay trái,Liếc trái,Buồn bã
11:45:20 24/5/2026,Sao nhãng,40,79,61092,10849,722064,1492263,3217,Quay phải,Liếc xuống,Khó chịu
11:45:21 24/5/2026,Sao nhãng,38,82,32717,3524,585794,1294208,4326,Quay phải,Liếc phải,Buồn bã
11:45:22 24/5/2026,Sao nhãng,33,60,42436,7434,601089,580978,2557,Không tìm thấy mặt,Không tìm thấy mắt,Bình thường
11:45:23 24/5/2026,Sao nhãng,17,89,60381,9420,296816,1379204,4207,Quay trái,Liếc trái,Khó chịu
11:45:24 24/5/2026,Sao nhãng,40,61,60342,11645,254644,761645,2581,Không tìm thấy mặt,Không tìm thấy mắt,Bình thường
11:45:25 24/5/2026,Sao nhãng,31,67,37428,14296,419396,767463,5143,Nhìn thẳng,Nhìn thẳng,Khó chịu
11:45:26 24/5/2026,Sao nhãng,28,82,50216,10789,563439,1487853,3700,Nhìn thẳng,Nhìn thẳng,Buồn bã
11:45:27 24/5/2026,Sao nhãng,39,63,50972,12148,370142,666493,5230,Quay phải,Liếc phải,Khó chịu
11:45:28 24/5/2026,Sao nhãng,38,86,47158,12285,661153,1259348,4013,Nhìn thẳng,Nhìn thẳng,Buồn bã
11:45:29 24/5/2026,Sao nhãng,26,79,44552,11404,389260,954381,3079,Không tìm thấy mặt,Không tìm thấy mắt,Khó chịu
11:45:30 24/5/2026,Sao nhãng,18,81,59784,5343,309995,1027781,2182,Quay trái,Liếc trái,Buồn bã
11:45:31 24/5/2026,Tập trung,20,65,70653,5821,453465,1075463,3973,Cúi xuống,Liếc phải,Buồn bã
11:45:32 24/5/2026,Sao nhãng,30,77,23036,12553,294383,1286366,2076,Quay trái,Liếc trái,Khó chịu
11:45:33 24/5/2026,Sao nhãng,13,70,62281,13298,605753,1345623,2951,Nhìn thẳng,Nhìn thẳng,Buồn bã
11:45:34 24/5/2026,Sao nhãng,34,60,53172,18597,320795,598907,3134,Quay trái,Liếc trái,Khó chịu
11:45:35 24/5/2026,Sao nhãng,11,77,39971,11404,650961,504771,2103,Quay phải,Liếc phải,Buồn bã
11:45:36 24/5/2026,Sao nhãng,19,79,36094,9425,678820,697567,2906,Nhìn thẳng,Nhìn thẳng,Khó chịu
11:45:37 24/5/2026,Tập trung,26,60,58383,8740,470823,746777,1720,Quay phải,Liếc xuống,Bình thường
11:45:38 24/5/2026,Sao nhãng,15,84,50014,13563,519554,930819,3165,Cúi xuống,Liếc phải,Khó chịu
11:45:39 24/5/2026,Sao nhãng,28,74,51244,5250,586351,926792,3286,Nhìn thẳng,Nhìn thẳng,Bình thường
11:45:40 24/5/2026,Sao nhãng,31,77,48230,10999,484567,690423,3201,Quay trái,Liếc trái,Buồn bã
11:45:41 24/5/2026,Sao nhãng,18,78,43877,14874,718623,1192752,2912,Không tìm thấy mặt,Không tìm thấy mắt,Khó chịu
11:45:42 24/5/2026,Sao nhãng,36,63,50630,13132,256124,1270944,5400,Quay trái,Liếc trái,Buồn bã
11:45:43 24/5/2026,Sao nhãng,18,88,25670,12881,539146,1129767,5039,Quay trái,Liếc trái,Khó chịu
11:45:44 24/5/2026,Sao nhãng,35,94,40529,16782,769115,821730,2444,Quay trái,Liếc trái,Buồn bã
11:45:46 24/5/2026,Sao nhãng,15,64,73290,15147,387006,1307168,3464,Quay trái,Liếc trái,Buồn bã
11:45:47 24/5/2026,Sao nhãng,25,77,39520,16270,310520,636001,2989,Quay trái,Liếc trái,Buồn bã
11:45:48 24/5/2026,Sao nhãng,40,79,44410,13856,730229,905619,3053,Không tìm thấy mặt,Không tìm thấy mắt,Khó chịu
11:45:49 24/5/2026,Sao nhãng,18,75,53063,13104,396281,1191592,3404,Không tìm thấy mặt,Không tìm thấy mắt,Bình thường
11:45:50 24/5/2026,Sao nhãng,37,75,53123,16468,514334,1398307,2895,Nhìn thẳng,Nhìn thẳng,Buồn bã
11:45:51 24/5/2026,Sao nhãng,33,67,48525,7013,693967,1367089,4786,Không tìm thấy mặt,Không tìm thấy mắt,Khó chịu
11:45:52 24/5/2026,Sao nhãng,17,84,69089,8285,718457,808086,4021,Cúi xuống,Liếc xuống,Buồn bã
11:45:53 24/5/2026,Sao nhãng,37,86,52345,6157,638691,1448844,4857,Quay trái,Liếc trái,Bình thường
11:45:54 24/5/2026,Tập trung,15,79,44342,12762,692204,1241500,3865,Nhìn thẳng,Nhìn thẳng,Buồn bã
11:45:55 24/5/2026,Sao nhãng,12,86,72370,12800,796265,1086861,4250,Quay phải,Liếc phải,Khó chịu
11:45:56 24/5/2026,Sao nhãng,24,67,36310,3180,500361,764988,3687,Quay trái,Liếc trái,Buồn bã
11:45:57 24/5/2026,Sao nhãng,26,83,47157,6826,750369,1034564,4262,Không tìm thấy mặt,Không tìm thấy mắt,Khó chịu
11:45:58 24/5/2026,Sao nhãng,33,86,54106,13586,741570,641877,4844,Nhìn thẳng,Nhìn thẳng,Khó chịu
